{"environment":"production","level":"info","message":"Email transport ready via smtp.gmail.com","service":"vtunova-api","timestamp":"2026-09-18 12:46:30"}
{"environment":"production","level":"info","message":"Redis client connected","service":"vtunova-api","timestamp":"2026-09-18 12:46:32"}
{"environment":"production","level":"info","message":"SMTP connection veried","service":"vtunova-api","timestamp":"2026-09-18 12:46:43"}
{"environment":"production","level":"info","message":"Email listeners registered for 10 event type(s)","service":"vtunova-api","timestamp":"2026-09-18 12:46:43"}
{"environment":"production","level":"info","message":"Notification listeners registered for 12 event type(s)","service":"vtunova-api","timestamp":"2026-09-18 12:46:43"}
{"environment":"production","level":"info","message":"VtuNova Platform running on port 3000 [production]","service":"vtunova-api","timestamp":"2026-09-18 12:46:43"}
{"environment":"production","level":"info","message":"API Docs: http://localhost:3000/api","service":"vtunova-api","timestamp":"2026-09-18 12:46:43"}
{"environment":"production","level":"info","message":"Cache cleared for user 6a632a6da43bde62908710a6","service":"vtunova-api","timestamp":"2026-09-18 12:46:58"}
{"environment":"production","level":"info","message":"User login notification queued successfully","service":"vtunova-api","timestamp":"2026-09-18 12:47:00"}
{"environment":"production","level":"info","message":"Email transport ready via smtp.gmail.com","service":"vtunova-api","timestamp":"2026-09-18 12:47:32"}
{"environment":"production","level":"info","message":"Email transport ready via smtp.gmail.com","service":"vtunova-api","timestamp":"2026-09-18 12:47:34"}
{"environment":"production","level":"info","message":"Redis client connected","service":"vtunova-api","timestamp":"2026-09-18 12:47:37"}
{"environment":"production","level":"info","message":"SMTP connection veried","service":"vtunova-api","timestamp":"2026-09-18 12:47:43"}
{"environment":"production","level":"info","message":"Email listeners registered for 10 event type(s)","service":"vtunova-api","timestamp":"2026-09-18 12:47:43"}
{"environment":"production","level":"info","message":"Notification listeners registered for 12 event type(s)","service":"vtunova-api","timestamp":"2026-09-18 12:47:43"}
{"environment":"production","level":"info","message":"VtuNova Platform running on port 3000 [production]","service":"vtunova-api","timestamp":"2026-09-18 12:47:43"}
{"environment":"production","level":"info","message":"API Docs: http://localhost:3000/api","service":"vtunova-api","timestamp":"2026-09-18 12:47:43"}
{"environment":"production","level":"info","message":"Cache cleared for user 6a632a6da43bde62908710a6","service":"vtunova-api","timestamp":"2026-09-18 12:47:47"}
{"environment":"production","level":"info","message":"User login notification queued successfully","service":"vtunova-api","timestamp":"2026-09-18 12:47:50"}
{"environment":"production","level":"info","message":"Email transport ready via smtp.gmail.com","service":"vtunova-api","timestamp":"2026-09-18 12:51:10"}
{"environment":"production","level":"info","message":"Redis client connected","service":"vtunova-api","timestamp":"2026-09-18 12:51:14"}
{"environment":"production","level":"info","message":"SMTP connection veried","service":"vtunova-api","timestamp":"2026-09-18 12:51:19"}
{"environment":"production","level":"info","message":"Email listeners registered for 10 event type(s)","service":"vtunova-api","timestamp":"2026-09-18 12:51:19"}
{"environment":"production","level":"info","message":"Notification listeners registered for 12 event type(s)","service":"vtunova-api","timestamp":"2026-09-18 12:51:19"}
{"environment":"production","level":"info","message":"VtuNova Platform running on port 3000 [production]","service":"vtunova-api","timestamp":"2026-09-18 12:51:19"}
{"environment":"production","level":"info","message":"API Docs: http://localhost:3000/api","service":"vtunova-api","timestamp":"2026-09-18 12:51:19"}
{"environment":"production","level":"info","message":"Email transport ready via smtp.gmail.com","service":"vtunova-api","timestamp":"2026-09-18 12:51:26"}
{"environment":"production","level":"info","message":"Redis client connected","service":"vtunova-api","timestamp":"2026-09-18 12:51:29"}
{"environment":"production","level":"info","message":"SMTP connection veried","service":"vtunova-api","timestamp":"2026-09-18 12:51:31"}
{"environment":"production","level":"info","message":"Email listeners registered for 10 event type(s)","service":"vtunova-api","timestamp":"2026-09-18 12:51:31"}
{"environment":"production","level":"info","message":"Notification listeners registered for 12 event type(s)","service":"vtunova-api","timestamp":"2026-09-18 12:51:31"}
{"environment":"production","level":"info","message":"VtuNova Platform running on port 3000 [production]","service":"vtunova-api","timestamp":"2026-09-18 12:51:31"}
{"environment":"production","level":"info","message":"API Docs: http://localhost:3000/api","service":"vtunova-api","timestamp":"2026-09-18 12:51:31"}
{"environment":"production","level":"info","message":"Cache cleared for user 6a632a6da43bde62908710a6","service":"vtunova-api","timestamp":"2026-09-18 12:51:38"}
{"environment":"production","level":"info","message":"User login notification queued successfully","service":"vtunova-api","timestamp":"2026-09-18 12:51:40"}
{"environment":"production","level":"info","message":"Email transport ready via smtp.gmail.com","service":"vtunova-api","timestamp":"2026-09-18 12:53:32"}
{"environment":"production","level":"info","message":"Email transport ready via smtp.gmail.com","service":"vtunova-api","timestamp":"2026-09-18 12:53:39"}
{"environment":"production","level":"info","message":"Redis client connected","service":"vtunova-api","timestamp":"2026-09-18 12:53:41"}
{"environment":"production","level":"info","message":"Email transport ready via smtp.gmail.com","service":"vtunova-api","timestamp":"2026-09-18 12:53:46"}
{"environment":"production","level":"info","message":"Redis client connected","service":"vtunova-api","timestamp":"2026-09-18 12:53:50"}
{"environment":"production","level":"info","message":"SMTP connection veried","service":"vtunova-api","timestamp":"2026-09-18 12:53:52"}
{"environment":"production","level":"info","message":"Email listeners registered for 10 event type(s)","service":"vtunova-api","timestamp":"2026-09-18 12:53:52"}
{"environment":"production","level":"info","message":"Notification listeners registered for 12 event type(s)","service":"vtunova-api","timestamp":"2026-09-18 12:53:52"}
{"environment":"production","level":"info","message":"VtuNova Platform running on port 3000 [production]","service":"vtunova-api","timestamp":"2026-09-18 12:53:52"}
{"environment":"production","level":"info","message":"API Docs: http://localhost:3000/api","service":"vtunova-api","timestamp":"2026-09-18 12:53:52"}
{"environment":"production","level":"info","message":"Email transport ready via smtp.gmail.com","service":"vtunova-api","timestamp":"2026-09-18 12:54:03"}
{"environment":"production","level":"info","message":"Redis client connected","service":"vtunova-api","timestamp":"2026-09-18 12:54:06"}
{"environment":"production","level":"info","message":"SMTP connection veried","service":"vtunova-api","timestamp":"2026-09-18 12:54:10"}
{"environment":"production","level":"info","message":"Email listeners registered for 10 event type(s)","service":"vtunova-api","timestamp":"2026-09-18 12:54:10"}
{"environment":"production","level":"info","message":"Notification listeners registered for 12 event type(s)","service":"vtunova-api","timestamp":"2026-09-18 12:54:10"}
{"environment":"production","level":"info","message":"VtuNova Platform running on port 3000 [production]","service":"vtunova-api","timestamp":"2026-09-18 12:54:10"}
{"environment":"production","level":"info","message":"API Docs: http://localhost:3000/api","service":"vtunova-api","timestamp":"2026-09-18 12:54:10"}
{"environment":"production","level":"info","message":"Email transport ready via smtp.gmail.com","service":"vtunova-api","timestamp":"2026-09-18 12:58:25"}
{"environment":"production","level":"info","message":"Redis client connected","service":"vtunova-api","timestamp":"2026-09-18 12:58:27"}
{"environment":"production","level":"info","message":"SMTP connection veried","service":"vtunova-api","timestamp":"2026-09-18 12:58:33"}
{"environment":"production","level":"info","message":"Email listeners registered for 10 event type(s)","service":"vtunova-api","timestamp":"2026-09-18 12:58:33"}
{"environment":"production","level":"info","message":"Notification listeners registered for 12 event type(s)","service":"vtunova-api","timestamp":"2026-09-18 12:58:33"}
{"environment":"production","level":"info","message":"VtuNova Platform running on port 3000 [production]","service":"vtunova-api","timestamp":"2026-09-18 12:58:33"}
{"environment":"production","level":"info","message":"API Docs: http://localhost:3000/api","service":"vtunova-api","timestamp":"2026-09-18 12:58:33"}
{"environment":"production","level":"info","message":"SIGINT received. Shutting down gracefully...","service":"vtunova-api","timestamp":"2026-09-18 13:02:47"}
{"environment":"production","level":"info","message":"Email transport ready via smtp.gmail.com","service":"vtunova-api","timestamp":"2026-09-18 13:02:55"}
{"environment":"production","level":"info","message":"Redis client connected","service":"vtunova-api","timestamp":"2026-09-18 13:02:57"}
{"environment":"production","level":"info","message":"SMTP connection veried","service":"vtunova-api","timestamp":"2026-09-18 13:03:08"}
{"environment":"production","level":"info","message":"Email listeners registered for 10 event type(s)","service":"vtunova-api","timestamp":"2026-09-18 13:03:08"}
{"environment":"production","level":"info","message":"Notification listeners registered for 12 event type(s)","service":"vtunova-api","timestamp":"2026-09-18 13:03:08"}
{"environment":"production","level":"info","message":"VtuNova Platform running on port 3000 [production]","service":"vtunova-api","timestamp":"2026-09-18 13:03:08"}
{"environment":"production","level":"info","message":"API Docs: http://localhost:3000/api","service":"vtunova-api","timestamp":"2026-09-18 13:03:08"}
{"environment":"production","level":"info","message":"SIGINT received. Shutting down gracefully...","service":"vtunova-api","timestamp":"2026-09-18 13:03:32"}
{"environment":"production","level":"info","message":"Email transport ready via smtp.gmail.com","service":"vtunova-api","timestamp":"2026-09-18 13:07:02"}
{"environment":"production","level":"info","message":"Redis client connected","service":"vtunova-api","timestamp":"2026-09-18 13:07:04"}
{"environment":"production","level":"info","message":"SMTP connection veried","service":"vtunova-api","timestamp":"2026-09-18 13:07:13"}
{"environment":"production","level":"info","message":"Email listeners registered for 10 event type(s)","service":"vtunova-api","timestamp":"2026-09-18 13:07:13"}
{"environment":"production","level":"info","message":"Notification listeners registered for 12 event type(s)","service":"vtunova-api","timestamp":"2026-09-18 13:07:13"}
{"environment":"production","level":"info","message":"VtuNova Platform running on port 3000 [production]","service":"vtunova-api","timestamp":"2026-09-18 13:07:13"}
{"environment":"production","level":"info","message":"API Docs: http://localhost:3000/api","service":"vtunova-api","timestamp":"2026-09-18 13:07:13"}
{"environment":"production","level":"info","message":"SIGINT received. Shutting down gracefully...","service":"vtunova-api","timestamp":"2026-09-18 13:07:46"}
{"environment":"production","level":"info","message":"Email transport ready via smtp.gmail.com","service":"vtunova-api","timestamp":"2026-09-18 13:10:14"}
{"environment":"production","level":"info","message":"Redis client connected","service":"vtunova-api","timestamp":"2026-09-18 13:10:16"}
{"environment":"production","level":"info","message":"SMTP connection veried","service":"vtunova-api","timestamp":"2026-09-18 13:10:41"}
{"environment":"production","level":"info","message":"Email listeners registered for 10 event type(s)","service":"vtunova-api","timestamp":"2026-09-18 13:10:41"}
{"environment":"production","level":"info","message":"Notification listeners registered for 12 event type(s)","service":"vtunova-api","timestamp":"2026-09-18 13:10:41"}
{"environment":"production","level":"info","message":"VtuNova Platform running on port 3000 [production]","service":"vtunova-api","timestamp":"2026-09-18 13:10:42"}
{"environment":"production","level":"info","message":"API Docs: http://localhost:3000/api","service":"vtunova-api","timestamp":"2026-09-18 13:10:42"}
{"environment":"production","level":"info","message":"Email transport ready via smtp.gmail.com","service":"vtunova-api","timestamp":"2026-09-18 13:15:02"}
{"code":"ECONNREFUSED","environment":"production","level":"error","message":"Redis Client Error","service":"vtunova-api","stack":"AggregateError [ECONNREFUSED]: \n    at internalConnectMultiple (node:net:1142:49)\n    at afterConnectMultiple (node:net:1723:7)","timestamp":"2026-09-18 13:15:06"}
{"code":"ECONNREFUSED","environment":"production","level":"error","message":"Redis Client Error","service":"vtunova-api","stack":"AggregateError [ECONNREFUSED]: \n    at internalConnectMultiple (node:net:1142:49)\n    at afterConnectMultiple (node:net:1723:7)","timestamp":"2026-09-18 13:15:06"}
{"code":"ECONNREFUSED","environment":"production","level":"error","message":"Redis Client Error","service":"vtunova-api","stack":"AggregateError [ECONNREFUSED]: \n    at internalConnectMultiple (node:net:1142:49)\n    at afterConnectMultiple (node:net:1723:7)","timestamp":"2026-09-18 13:15:06"}
{"code":"ECONNREFUSED","environment":"production","level":"error","message":"Redis Client Error","service":"vtunova-api","stack":"AggregateError [ECONNREFUSED]: \n    at internalConnectMultiple (node:net:1142:49)\n    at afterConnectMultiple (node:net:1723:7)","timestamp":"2026-09-18 13:15:06"}
{"code":"ECONNREFUSED","environment":"production","level":"error","message":"Redis Client Error","service":"vtunova-api","stack":"AggregateError [ECONNREFUSED]: \n    at internalConnectMultiple (node:net:1142:49)\n    at afterConnectMultiple (node:net:1723:7)","timestamp":"2026-09-18 13:15:07"}
{"code":"ECONNREFUSED","environment":"production","level":"error","message":"Redis Client Error","service":"vtunova-api","stack":"AggregateError [ECONNREFUSED]: \n    at internalConnectMultiple (node:net:1142:49)\n    at afterConnectMultiple (node:net:1723:7)","timestamp":"2026-09-18 13:15:08"}
{"code":"ECONNREFUSED","environment":"production","level":"error","message":"Redis Client Error","service":"vtunova-api","stack":"AggregateError [ECONNREFUSED]: \n    at internalConnectMultiple (node:net:1142:49)\n    at afterConnectMultiple (node:net:1723:7)","timestamp":"2026-09-18 13:15:10"}
{"code":"ECONNREFUSED","environment":"production","level":"error","message":"Redis Client Error","service":"vtunova-api","stack":"AggregateError [ECONNREFUSED]: \n    at internalConnectMultiple (node:net:1142:49)\n    at afterConnectMultiple (node:net:1723:7)","timestamp":"2026-09-18 13:15:12"}
{"code":"ECONNREFUSED","environment":"production","level":"error","message":"Redis Client Error","service":"vtunova-api","stack":"AggregateError [ECONNREFUSED]: \n    at internalConnectMultiple (node:net:1142:49)\n    at afterConnectMultiple (node:net:1723:7)","timestamp":"2026-09-18 13:15:14"}
{"code":"ECONNREFUSED","environment":"production","level":"error","message":"Redis Client Error","service":"vtunova-api","stack":"AggregateError [ECONNREFUSED]: \n    at internalConnectMultiple (node:net:1142:49)\n    at afterConnectMultiple (node:net:1723:7)","timestamp":"2026-09-18 13:15:16"}
{"environment":"production","level":"info","message":"SMTP connection veried","service":"vtunova-api","timestamp":"2026-09-18 13:15:16"}
{"environment":"production","level":"info","message":"Email listeners registered for 10 event type(s)","service":"vtunova-api","timestamp":"2026-09-18 13:15:16"}
{"environment":"production","level":"info","message":"Notification listeners registered for 12 event type(s)","service":"vtunova-api","timestamp":"2026-09-18 13:15:16"}
{"environment":"production","level":"info","message":"VtuNova Platform running on port 3000 [production]","service":"vtunova-api","timestamp":"2026-09-18 13:15:16"}
{"environment":"production","level":"info","message":"API Docs: http://localhost:3000/api","service":"vtunova-api","timestamp":"2026-09-18 13:15:16"}
{"code":"ECONNREFUSED","environment":"production","level":"error","message":"Redis Client Error","service":"vtunova-api","stack":"AggregateError [ECONNREFUSED]: \n    at internalConnectMultiple (node:net:1142:49)\n    at afterConnectMultiple (node:net:1723:7)","timestamp":"2026-09-18 13:15:18"}
{"code":"ECONNREFUSED","environment":"production","level":"error","message":"Redis Client Error","service":"vtunova-api","stack":"AggregateError [ECONNREFUSED]: \n    at internalConnectMultiple (node:net:1142:49)\n    at afterConnectMultiple (node:net:1723:7)","timestamp":"2026-09-18 13:15:20"}
{"code":"ECONNREFUSED","environment":"production","level":"error","message":"Redis Client Error","service":"vtunova-api","stack":"AggregateError [ECONNREFUSED]: \n    at internalConnectMultiple (node:net:1142:49)\n    at afterConnectMultiple (node:net:1723:7)","timestamp":"2026-09-18 13:15:22"}
{"code":"ECONNREFUSED","environment":"production","level":"error","message":"Redis Client Error","service":"vtunova-api","stack":"AggregateError [ECONNREFUSED]: \n    at internalConnectMultiple (node:net:1142:49)\n    at afterConnectMultiple (node:net:1723:7)","timestamp":"2026-09-18 13:15:24"}
{"code":"ECONNREFUSED","environment":"production","level":"error","message":"Redis Client Error","service":"vtunova-api","stack":"AggregateError [ECONNREFUSED]: \n    at internalConnectMultiple (node:net:1142:49)\n    at afterConnectMultiple (node:net:1723:7)","timestamp":"2026-09-18 13:15:27"}
{"code":"ECONNREFUSED","environment":"production","level":"error","message":"Redis Client Error","service":"vtunova-api","stack":"AggregateError [ECONNREFUSED]: \n    at internalConnectMultiple (node:net:1142:49)\n    at afterConnectMultiple (node:net:1723:7)","timestamp":"2026-09-18 13:15:29"}
{"code":"ECONNREFUSED","environment":"production","level":"error","message":"Redis Client Error","service":"vtunova-api","stack":"AggregateError [ECONNREFUSED]: \n    at internalConnectMultiple (node:net:1142:49)\n    at afterConnectMultiple (node:net:1723:7)","timestamp":"2026-09-18 13:15:31"}
{"code":"ECONNREFUSED","environment":"production","level":"error","message":"Redis Client Error","service":"vtunova-api","stack":"AggregateError [ECONNREFUSED]: \n    at internalConnectMultiple (node:net:1142:49)\n    at afterConnectMultiple (node:net:1723:7)","timestamp":"2026-09-18 13:15:33"}
{"code":"ECONNREFUSED","environment":"production","level":"error","message":"Redis Client Error","service":"vtunova-api","stack":"AggregateError [ECONNREFUSED]: \n    at internalConnectMultiple (node:net:1142:49)\n    at afterConnectMultiple (node:net:1723:7)","timestamp":"2026-09-18 13:15:35"}
{"code":"ECONNREFUSED","environment":"production","level":"error","message":"Redis Client Error","service":"vtunova-api","stack":"AggregateError [ECONNREFUSED]: \n    at internalConnectMultiple (node:net:1142:49)\n    at afterConnectMultiple (node:net:1723:7)","timestamp":"2026-09-18 13:15:37"}
{"code":"ECONNREFUSED","environment":"production","level":"error","message":"Redis Client Error","service":"vtunova-api","stack":"AggregateError [ECONNREFUSED]: \n    at internalConnectMultiple (node:net:1142:49)\n    at afterConnectMultiple (node:net:1723:7)","timestamp":"2026-09-18 13:15:39"}
{"code":"ECONNREFUSED","environment":"production","level":"error","message":"Redis Client Error","service":"vtunova-api","stack":"AggregateError [ECONNREFUSED]: \n    at internalConnectMultiple (node:net:1142:49)\n    at afterConnectMultiple (node:net:1723:7)","timestamp":"2026-09-18 13:15:41"}
{"code":"ECONNREFUSED","environment":"production","level":"error","message":"Redis Client Error","service":"vtunova-api","stack":"AggregateError [ECONNREFUSED]: \n    at internalConnectMultiple (node:net:1142:49)\n    at afterConnectMultiple (node:net:1723:7)","timestamp":"2026-09-18 13:15:43"}
{"code":"ECONNREFUSED","environment":"production","level":"error","message":"Redis Client Error","service":"vtunova-api","stack":"AggregateError [ECONNREFUSED]: \n    at internalConnectMultiple (node:net:1142:49)\n    at afterConnectMultiple (node:net:1723:7)","timestamp":"2026-09-18 13:15:45"}
{"environment":"production","level":"info","message":"Email transport ready via smtp.gmail.com","service":"vtunova-api","timestamp":"2026-09-18 13:15:48"}
{"environment":"production","level":"info","message":"Redis client connected","service":"vtunova-api","timestamp":"2026-09-18 13:15:51"}
{"environment":"production","level":"info","message":"Email transport ready via smtp.gmail.com","service":"vtunova-api","timestamp":"2026-09-18 13:15:52"}
{"environment":"production","level":"info","message":"SMTP connection veried","service":"vtunova-api","timestamp":"2026-09-18 13:16:00"}
{"environment":"production","level":"info","message":"Email listeners registered for 10 event type(s)","service":"vtunova-api","timestamp":"2026-09-18 13:16:00"}
{"environment":"production","level":"info","message":"Notification listeners registered for 12 event type(s)","service":"vtunova-api","timestamp":"2026-09-18 13:16:00"}
{"environment":"production","level":"info","message":"VtuNova Platform running on port 3000 [production]","service":"vtunova-api","timestamp":"2026-09-18 13:16:00"}
{"environment":"production","level":"info","message":"API Docs: http://localhost:3000/api","service":"vtunova-api","timestamp":"2026-09-18 13:16:00"}
{"environment":"production","level":"info","message":"Email transport ready via smtp.gmail.com","service":"vtunova-api","timestamp":"2026-09-18 13:16:21"}
{"environment":"production","level":"info","message":"Email transport ready via smtp.gmail.com","service":"vtunova-api","timestamp":"2026-09-18 13:16:34"}
{"environment":"production","level":"info","message":"Email transport ready via smtp.gmail.com","service":"vtunova-api","timestamp":"2026-09-18 13:16:41"}
{"environment":"production","level":"info","message":"Email transport ready via smtp.gmail.com","service":"vtunova-api","timestamp":"2026-09-18 13:16:45"}
{"environment":"production","level":"info","message":"SMTP connection veried","service":"vtunova-api","timestamp":"2026-09-18 13:16:48"}
{"environment":"production","level":"info","message":"Email transport ready via smtp.gmail.com","service":"vtunova-api","timestamp":"2026-09-18 13:16:55"}
{"environment":"production","level":"info","message":"SMTP connection veried","service":"vtunova-api","timestamp":"2026-09-18 13:16:57"}
{"environment":"production","level":"info","message":"Email transport ready via smtp.gmail.com","service":"vtunova-api","timestamp":"2026-09-18 13:17:07"}
{"environment":"production","level":"info","message":"SMTP connection veried","service":"vtunova-api","timestamp":"2026-09-18 13:17:09"}
{"environment":"production","level":"info","message":"Email transport ready via smtp.gmail.com","service":"vtunova-api","timestamp":"2026-09-18 13:17:24"}
{"environment":"production","level":"info","message":"SMTP connection veried","service":"vtunova-api","timestamp":"2026-09-18 13:17:26"}
{"environment":"production","level":"info","message":"Email transport ready via smtp.gmail.com","service":"vtunova-api","timestamp":"2026-09-18 13:17:46"}
{"environment":"production","level":"info","message":"SMTP connection veried","service":"vtunova-api","timestamp":"2026-09-18 13:17:52"}
{"environment":"production","level":"info","message":"VtuNova Platform running on port 3000 [production]","service":"vtunova-api","timestamp":"2026-09-18 13:17:52"}
{"environment":"production","level":"info","message":"API Docs: http://localhost:3000/api","service":"vtunova-api","timestamp":"2026-09-18 13:17:52"}
{"environment":"production","level":"info","message":"SIGINT received. Shutting down gracefully...","service":"vtunova-api","timestamp":"2026-09-18 13:18:10"}
{"environment":"production","level":"info","message":"Email transport ready via smtp.gmail.com","service":"vtunova-api","timestamp":"2026-09-18 13:18:15"}
{"environment":"production","level":"info","message":"SMTP connection veried","service":"vtunova-api","timestamp":"2026-09-18 13:18:19"}
{"environment":"production","level":"info","message":"VtuNova Platform running on port 3000 [production]","service":"vtunova-api","timestamp":"2026-09-18 13:18:19"}
{"environment":"production","level":"info","message":"API Docs: http://localhost:3000/api","service":"vtunova-api","timestamp":"2026-09-18 13:18:19"}
{"environment":"production","level":"info","message":"Email transport ready via smtp.gmail.com","service":"vtunova-api","timestamp":"2026-09-18 13:18:42"}
{"environment":"production","level":"info","message":"SMTP connection veried","service":"vtunova-api","timestamp":"2026-09-18 13:18:44"}
{"environment":"production","level":"info","message":"Email transport ready via smtp.gmail.com","service":"vtunova-api","timestamp":"2026-09-18 13:18:47"}
{"environment":"production","level":"info","message":"SMTP connection veried","service":"vtunova-api","timestamp":"2026-09-18 13:18:49"}
{"environment":"production","level":"info","message":"Email transport ready via smtp.gmail.com","service":"vtunova-api","timestamp":"2026-09-18 13:19:11"}
{"environment":"production","level":"info","message":"SMTP connection veried","service":"vtunova-api","timestamp":"2026-09-18 13:19:13"}
{"environment":"production","level":"info","message":"Email transport ready via smtp.gmail.com","service":"vtunova-api","timestamp":"2026-09-18 13:19:17"}
{"environment":"production","level":"info","message":"SMTP connection veried","service":"vtunova-api","timestamp":"2026-09-18 13:19:21"}
{"environment":"production","level":"info","message":"Email transport ready via smtp.gmail.com","service":"vtunova-api","timestamp":"2026-09-18 13:19:53"}
{"environment":"production","level":"info","message":"Email transport ready via smtp.gmail.com","service":"vtunova-api","timestamp":"2026-09-18 13:19:56"}
{"environment":"production","level":"info","message":"SMTP connection veried","service":"vtunova-api","timestamp":"2026-09-18 13:19:59"}
{"environment":"production","level":"info","message":"Email transport ready via smtp.gmail.com","service":"vtunova-api","timestamp":"2026-09-18 13:20:07"}
{"environment":"production","level":"info","message":"SMTP connection veried","service":"vtunova-api","timestamp":"2026-09-18 13:20:11"}
{"environment":"production","level":"info","message":"Email listeners registered for 10 event type(s)","service":"vtunova-api","timestamp":"2026-09-18 13:20:11"}
{"environment":"production","level":"info","message":"VtuNova Platform running on port 3000 [production]","service":"vtunova-api","timestamp":"2026-09-18 13:20:11"}
{"environment":"production","level":"info","message":"API Docs: http://localhost:3000/api","service":"vtunova-api","timestamp":"2026-09-18 13:20:11"}
{"environment":"production","level":"info","message":"Email transport ready via smtp.gmail.com","service":"vtunova-api","timestamp":"2026-09-18 13:21:08"}
{"environment":"production","level":"info","message":"Email transport ready via smtp.gmail.com","service":"vtunova-api","timestamp":"2026-09-18 13:21:16"}
{"environment":"production","level":"info","message":"SMTP connection veried","service":"vtunova-api","timestamp":"2026-09-18 13:21:22"}
{"environment":"production","level":"info","message":"Email listeners registered for 10 event type(s)","service":"vtunova-api","timestamp":"2026-09-18 13:21:22"}
{"environment":"production","level":"info","message":"VtuNova Platform running on port 3000 [production]","service":"vtunova-api","timestamp":"2026-09-18 13:21:22"}
{"environment":"production","level":"info","message":"API Docs: http://localhost:3000/api","service":"vtunova-api","timestamp":"2026-09-18 13:21:22"}
{"environment":"production","level":"info","message":"Email transport ready via smtp.gmail.com","service":"vtunova-api","timestamp":"2026-09-18 13:21:55"}
{"environment":"production","level":"info","message":"Email transport ready via smtp.gmail.com","service":"vtunova-api","timestamp":"2026-09-18 13:22:09"}
{"environment":"production","level":"info","message":"SMTP connection veried","service":"vtunova-api","timestamp":"2026-09-18 13:22:21"}
{"environment":"production","level":"info","message":"Email listeners registered for 10 event type(s)","service":"vtunova-api","timestamp":"2026-09-18 13:22:21"}
{"environment":"production","level":"info","message":"VtuNova Platform running on port 3000 [production]","service":"vtunova-api","timestamp":"2026-09-18 13:22:21"}
{"environment":"production","level":"info","message":"API Docs: http://localhost:3000/api","service":"vtunova-api","timestamp":"2026-09-18 13:22:21"}
{"environment":"production","level":"info","message":"Email transport ready via smtp.gmail.com","service":"vtunova-api","timestamp":"2026-09-18 13:23:05"}
{"environment":"production","level":"info","message":"Email transport ready via smtp.gmail.com","service":"vtunova-api","timestamp":"2026-09-18 13:23:10"}
{"environment":"production","level":"info","message":"SMTP connection veried","service":"vtunova-api","timestamp":"2026-09-18 13:23:16"}
{"environment":"production","level":"info","message":"Email listeners registered for 10 event type(s)","service":"vtunova-api","timestamp":"2026-09-18 13:23:16"}
{"environment":"production","level":"info","message":"VtuNova Platform running on port 3000 [production]","service":"vtunova-api","timestamp":"2026-09-18 13:23:16"}
{"environment":"production","level":"info","message":"API Docs: http://localhost:3000/api","service":"vtunova-api","timestamp":"2026-09-18 13:23:16"}
{"environment":"production","level":"info","message":"Email transport ready via smtp.gmail.com","service":"vtunova-api","timestamp":"2026-09-18 13:26:32"}
{"environment":"production","level":"info","message":"Email transport ready via smtp.gmail.com","service":"vtunova-api","timestamp":"2026-09-18 13:30:39"}
{"environment":"production","level":"info","message":"SMTP connection veried","service":"vtunova-api","timestamp":"2026-09-18 13:31:21"}
{"environment":"production","level":"info","message":"Email listeners registered for 10 event type(s)","service":"vtunova-api","timestamp":"2026-09-18 13:31:21"}
{"environment":"production","level":"info","message":"VtuNova Platform running on port 3000 [production]","service":"vtunova-api","timestamp":"2026-09-18 13:31:21"}
{"environment":"production","level":"info","message":"API Docs: http://localhost:3000/api","service":"vtunova-api","timestamp":"2026-09-18 13:31:21"}
{"environment":"production","level":"info","message":"Email transport ready via smtp.gmail.com","service":"vtunova-api","timestamp":"2026-09-18 13:35:00"}
{"environment":"production","level":"info","message":"Email transport ready via smtp.gmail.com","service":"vtunova-api","timestamp":"2026-09-18 13:36:21"}
{"environment":"production","level":"info","message":"SMTP connection veried","service":"vtunova-api","timestamp":"2026-09-18 13:36:28"}
{"environment":"production","level":"info","message":"Email listeners registered for 10 event type(s)","service":"vtunova-api","timestamp":"2026-09-18 13:36:28"}
{"environment":"production","level":"info","message":"VtuNova Platform running on port 3000 [production]","service":"vtunova-api","timestamp":"2026-09-18 13:36:28"}
{"environment":"production","level":"info","message":"API Docs: http://localhost:3000/api","service":"vtunova-api","timestamp":"2026-09-18 13:36:28"}
{"environment":"production","level":"info","message":"SIGINT received. Shutting down gracefully...","service":"vtunova-api","timestamp":"2026-09-18 13:36:30"}
{"environment":"production","level":"info","message":"Email transport ready via smtp.gmail.com","service":"vtunova-api","timestamp":"2026-09-18 13:37:20"}
{"environment":"production","level":"info","message":"Redis client connected","service":"vtunova-api","timestamp":"2026-09-18 13:37:32"}
{"environment":"production","level":"info","message":"SMTP connection veried","service":"vtunova-api","timestamp":"2026-09-18 13:37:36"}
{"environment":"production","level":"info","message":"Email transport ready via smtp.gmail.com","service":"vtunova-api","timestamp":"2026-09-18 13:37:49"}
{"environment":"production","level":"info","message":"Redis client connected","service":"vtunova-api","timestamp":"2026-09-18 13:37:51"}
{"environment":"production","level":"info","message":"SMTP connection veried","service":"vtunova-api","timestamp":"2026-09-18 13:37:53"}
{"environment":"production","level":"info","message":"Email listeners registered for 10 event type(s)","service":"vtunova-api","timestamp":"2026-09-18 13:37:53"}
{"environment":"production","level":"info","message":"Notification listeners registered for 12 event type(s)","service":"vtunova-api","timestamp":"2026-09-18 13:37:53"}
{"environment":"production","level":"info","message":"VtuNova Platform running on port 3000 [production]","service":"vtunova-api","timestamp":"2026-09-18 13:37:53"}
{"environment":"production","level":"info","message":"API Docs: http://localhost:3000/api","service":"vtunova-api","timestamp":"2026-09-18 13:37:53"}
{"environment":"production","level":"info","message":"Cache miss for key: user:6a632a6da43bde62908710a6:profile","service":"vtunova-api","timestamp":"2026-09-18 13:38:34"}
{"environment":"production","level":"info","message":"Cache set for key: user:6a632a6da43bde62908710a6:profile","service":"vtunova-api","timestamp":"2026-09-18 13:38:34"}
{"environment":"production","level":"info","message":"Cache miss for key: user:6a632a6da43bde62908710a6:transactions","service":"vtunova-api","timestamp":"2026-09-18 13:38:37"}
{"environment":"production","level":"info","message":"Cache set for key: user:6a632a6da43bde62908710a6:transactions","service":"vtunova-api","timestamp":"2026-09-18 13:38:37"}
{"environment":"production","level":"info","message":"Cache set for user 6a632a6da43bde62908710a6","service":"vtunova-api","timestamp":"2026-09-18 13:38:37"}
{"environment":"production","level":"info","message":"Cache miss for key: user:6a632a6da43bde62908710a6:notifications","service":"vtunova-api","timestamp":"2026-09-18 13:38:38"}
{"environment":"production","level":"info","message":"Cache set for key: user:6a632a6da43bde62908710a6:notifications","service":"vtunova-api","timestamp":"2026-09-18 13:38:38"}
{"environment":"production","level":"info","message":"Cache set for user 6a632a6da43bde62908710a6","service":"vtunova-api","timestamp":"2026-09-18 13:38:38"}
{"environment":"production","level":"info","message":"Cache hit for key: user:6a632a6da43bde62908710a6:transactions","service":"vtunova-api","timestamp":"2026-09-18 13:38:39"}
{"environment":"production","level":"info","message":"Cache hit for key: user:6a632a6da43bde62908710a6:notifications","service":"vtunova-api","timestamp":"2026-09-18 13:38:39"}
{"environment":"production","level":"info","message":"Cache hit for key: user:6a632a6da43bde62908710a6:transactions","service":"vtunova-api","timestamp":"2026-09-18 13:38:40"}
{"environment":"production","level":"info","message":"Cache hit for key: user:6a632a6da43bde62908710a6:notifications","service":"vtunova-api","timestamp":"2026-09-18 13:38:40"}
{"environment":"production","level":"info","message":"Cache hit for key: user:6a632a6da43bde62908710a6:transactions","service":"vtunova-api","timestamp":"2026-09-18 13:38:41"}
{"environment":"production","level":"info","message":"Cache hit for key: user:6a632a6da43bde62908710a6:notifications","service":"vtunova-api","timestamp":"2026-09-18 13:38:42"}
{"environment":"production","level":"info","message":"User login notification queued successfully","service":"vtunova-api","timestamp":"2026-09-18 13:38:43"}
{"environment":"production","level":"info","message":"Email transport ready via smtp.gmail.com","service":"vtunova-api","timestamp":"2026-09-18 13:42:03"}
{"environment":"production","level":"info","message":"Redis client connected","service":"vtunova-api","timestamp":"2026-09-18 13:42:29"}
{"environment":"production","level":"info","message":"[notif-worker] Processing job: loginAlert (id=193)","service":"vtunova-api","timestamp":"2026-09-18 13:42:32"}
{"environment":"production","level":"info","message":"[notif-worker] Job data: {\"userId\":\"6a632a6da43bde62908710a6\",\"title\":\"New Login Alert\",\"message\":\"New login detected from IP ::1 (Mozilla/5.0 (Windows NT 10.0; Win64; x64) AppleWebKit/537.36 (KHTML, like Gecko) Chrome/153.0.0.0 Safari/537.36)\",\"type\":\"loginAlert\"}","service":"vtunova-api","timestamp":"2026-09-18 13:42:32"}
{"environment":"production","level":"info","message":"[notif-worker] Processing login alert for user 6a632a6da43bde62908710a6","service":"vtunova-api","timestamp":"2026-09-18 13:42:32"}
{"environment":"production","level":"error","message":"failed to create notification:ValidationError: userId: Path `userId` is required.","service":"vtunova-api","timestamp":"2026-09-18 13:42:32"}
{"environment":"production","level":"info","message":"[email-worker] Processing job: loginAlert (id=187)","service":"vtunova-api","timestamp":"2026-09-18 13:42:33"}
{"environment":"production","level":"info","message":"[notif-worker] Job 193 completed successfully","service":"vtunova-api","timestamp":"2026-09-18 13:42:33"}
{"environment":"production","level":"info","message":"SMTP connection veried","service":"vtunova-api","timestamp":"2026-09-18 13:42:35"}
{"environment":"production","level":"info","message":"Email listeners registered for 10 event type(s)","service":"vtunova-api","timestamp":"2026-09-18 13:42:35"}
{"environment":"production","level":"info","message":"Notification listeners registered for 12 event type(s)","service":"vtunova-api","timestamp":"2026-09-18 13:42:35"}
{"environment":"production","level":"info","message":"VtuNova Platform running on port 3000 [production]","service":"vtunova-api","timestamp":"2026-09-18 13:42:35"}
{"environment":"production","level":"info","message":"API Docs: http://localhost:3000/api","service":"vtunova-api","timestamp":"2026-09-18 13:42:35"}
{"environment":"production","level":"info","message":"[email-worker] Job 187 completed","service":"vtunova-api","timestamp":"2026-09-18 13:42:36"}
{"environment":"production","level":"info","message":"Email transport ready via smtp.gmail.com","service":"vtunova-api","timestamp":"2026-09-18 13:44:16"}
{"environment":"production","level":"info","message":"Redis client connected","service":"vtunova-api","timestamp":"2026-09-18 13:44:20"}
{"environment":"production","level":"info","message":"SMTP connection veried","service":"vtunova-api","timestamp":"2026-09-18 13:44:30"}
{"environment":"production","level":"info","message":"Email listeners registered for 10 event type(s)","service":"vtunova-api","timestamp":"2026-09-18 13:44:30"}
{"environment":"production","level":"info","message":"Notification listeners registered for 12 event type(s)","service":"vtunova-api","timestamp":"2026-09-18 13:44:30"}
{"environment":"production","level":"info","message":"VtuNova Platform running on port 3000 [production]","service":"vtunova-api","timestamp":"2026-09-18 13:44:30"}
{"environment":"production","level":"info","message":"API Docs: http://localhost:3000/api","service":"vtunova-api","timestamp":"2026-09-18 13:44:30"}
{"environment":"production","level":"info","message":"Email transport ready via smtp.gmail.com","service":"vtunova-api","timestamp":"2026-09-18 13:44:52"}
{"environment":"production","level":"info","message":"Redis client connected","service":"vtunova-api","timestamp":"2026-09-18 13:44:55"}
{"environment":"production","level":"info","message":"SMTP connection veried","service":"vtunova-api","timestamp":"2026-09-18 13:44:57"}
{"environment":"production","level":"info","message":"Email listeners registered for 10 event type(s)","service":"vtunova-api","timestamp":"2026-09-18 13:44:57"}
{"environment":"production","level":"info","message":"Notification listeners registered for 12 event type(s)","service":"vtunova-api","timestamp":"2026-09-18 13:44:57"}
{"environment":"production","level":"info","message":"VtuNova Platform running on port 3000 [production]","service":"vtunova-api","timestamp":"2026-09-18 13:44:57"}
{"environment":"production","level":"info","message":"API Docs: http://localhost:3000/api","service":"vtunova-api","timestamp":"2026-09-18 13:44:57"}
{"environment":"production","level":"info","message":"Email transport ready via smtp.gmail.com","service":"vtunova-api","timestamp":"2026-09-18 13:45:00"}
{"environment":"production","level":"info","message":"Redis client connected","service":"vtunova-api","timestamp":"2026-09-18 13:45:02"}
{"environment":"production","level":"info","message":"SMTP connection veried","service":"vtunova-api","timestamp":"2026-09-18 13:45:04"}
{"environment":"production","level":"info","message":"Email listeners registered for 10 event type(s)","service":"vtunova-api","timestamp":"2026-09-18 13:45:04"}
{"environment":"production","level":"info","message":"Notification listeners registered for 12 event type(s)","service":"vtunova-api","timestamp":"2026-09-18 13:45:04"}
{"environment":"production","level":"info","message":"VtuNova Platform running on port 3000 [production]","service":"vtunova-api","timestamp":"2026-09-18 13:45:04"}
{"environment":"production","level":"info","message":"API Docs: http://localhost:3000/api","service":"vtunova-api","timestamp":"2026-09-18 13:45:04"}
{"environment":"production","level":"info","message":"Clearing cache for user 6a632a6da43bde62908710a6: deleted 3 key(s)","service":"vtunova-api","timestamp":"2026-09-18 13:45:25"}
{"environment":"production","level":"info","message":"Cache cleared for user 6a632a6da43bde62908710a6","service":"vtunova-api","timestamp":"2026-09-18 13:45:25"}
{"environment":"production","level":"info","message":"User login notification queued successfully","service":"vtunova-api","timestamp":"2026-09-18 13:45:30"}
{"environment":"production","level":"info","message":"[notif-worker] Processing job: loginAlert (id=194)","service":"vtunova-api","timestamp":"2026-09-18 13:45:30"}
{"environment":"production","level":"info","message":"[notif-worker] Job data: {\"userId\":\"6a632a6da43bde62908710a6\",\"title\":\"New Login Alert\",\"message\":\"New login detected from IP ::1 (Mozilla/5.0 (Windows NT 10.0; Win64; x64) AppleWebKit/537.36 (KHTML, like Gecko) Chrome/153.0.0.0 Safari/537.36)\",\"type\":\"loginAlert\"}","service":"vtunova-api","timestamp":"2026-09-18 13:45:30"}
{"environment":"production","level":"info","message":"[notif-worker] Processing login alert for user 6a632a6da43bde62908710a6","service":"vtunova-api","timestamp":"2026-09-18 13:45:30"}
{"environment":"production","level":"info","message":"[email-worker] Processing job: loginAlert (id=188)","service":"vtunova-api","timestamp":"2026-09-18 13:45:30"}
{"$__":{"$versionError":null,"activePaths":{"paths":{"userId":"require"},"states":{"default":{},"modify":{},"require":{"userId":true}}},"backup":{"activePaths":{"default":{"_id":true,"date":true,"isRead":true},"modify":{"createdAt":true,"updatedAt":true,"userId":true}},"validationError":null},"cachedRequired":null,"inserting":true,"op":null,"saveOptions":null,"savedState":{},"saving":null,"validating":null},"$isNew":false,"_doc":{"__v":0,"_id":"6aad326a65cfdab532a6e8a7","createdAt":"2026-09-18T12:45:30.777Z","date":"2026-09-18T12:45:30.775Z","isRead":false,"updatedAt":"2026-09-18T12:45:30.777Z","userId":"6a632a6da43bde62908710a6"},"environment":"production","level":"info","message":"Notification created:","service":"vtunova-api","timestamp":"2026-09-18 13:45:30"}
{"environment":"production","level":"error","message":"failed to create notification:Error: transaction already exists","service":"vtunova-api","timestamp":"2026-09-18 13:45:31"}
{"environment":"production","level":"info","message":"[notif-worker] Job 194 completed successfully","service":"vtunova-api","timestamp":"2026-09-18 13:45:31"}
{"environment":"production","level":"info","message":"[email-worker] Job 188 completed","service":"vtunova-api","timestamp":"2026-09-18 13:45:33"}
{"environment":"production","level":"info","message":"Email transport ready via smtp.gmail.com","service":"vtunova-api","timestamp":"2026-09-18 13:46:47"}
{"environment":"production","level":"info","message":"Redis client connected","service":"vtunova-api","timestamp":"2026-09-18 13:46:50"}
{"environment":"production","level":"info","message":"SMTP connection veried","service":"vtunova-api","timestamp":"2026-09-18 13:46:54"}
{"environment":"production","level":"info","message":"Email listeners registered for 10 event type(s)","service":"vtunova-api","timestamp":"2026-09-18 13:46:54"}
{"environment":"production","level":"info","message":"Notification listeners registered for 12 event type(s)","service":"vtunova-api","timestamp":"2026-09-18 13:46:54"}
{"environment":"production","level":"info","message":"VtuNova Platform running on port 3000 [production]","service":"vtunova-api","timestamp":"2026-09-18 13:46:54"}
{"environment":"production","level":"info","message":"API Docs: http://localhost:3000/api","service":"vtunova-api","timestamp":"2026-09-18 13:46:54"}
{"environment":"production","level":"info","message":"Email transport ready via smtp.gmail.com","service":"vtunova-api","timestamp":"2026-09-18 13:47:08"}
{"environment":"production","level":"info","message":"Redis client connected","service":"vtunova-api","timestamp":"2026-09-18 13:47:13"}
{"environment":"production","level":"info","message":"Email transport ready via smtp.gmail.com","service":"vtunova-api","timestamp":"2026-09-18 13:47:34"}
{"environment":"production","level":"info","message":"Redis client connected","service":"vtunova-api","timestamp":"2026-09-18 13:47:36"}
{"environment":"production","level":"info","message":"SMTP connection veried","service":"vtunova-api","timestamp":"2026-09-18 13:47:42"}
{"environment":"production","level":"info","message":"Email listeners registered for 10 event type(s)","service":"vtunova-api","timestamp":"2026-09-18 13:47:42"}
{"environment":"production","level":"info","message":"Notification listeners registered for 12 event type(s)","service":"vtunova-api","timestamp":"2026-09-18 13:47:42"}
{"environment":"production","level":"info","message":"VtuNova Platform running on port 3000 [production]","service":"vtunova-api","timestamp":"2026-09-18 13:47:42"}
{"environment":"production","level":"info","message":"API Docs: http://localhost:3000/api","service":"vtunova-api","timestamp":"2026-09-18 13:47:42"}
{"environment":"production","level":"info","message":"Email transport ready via smtp.gmail.com","service":"vtunova-api","timestamp":"2026-09-18 13:47:53"}
{"environment":"production","level":"info","message":"Redis client connected","service":"vtunova-api","timestamp":"2026-09-18 13:47:57"}
{"environment":"production","level":"info","message":"Email transport ready via smtp.gmail.com","service":"vtunova-api","timestamp":"2026-09-18 13:48:04"}
{"environment":"production","level":"error","message":"Redis Client Error Connection timeout","service":"vtunova-api","stack":"Error: Connection timeout\n    at Socket.onTimeout (C:\\Users\\HomePC\\VtuNova-Backend_v1\\node_modules\\@redis\\client\\dist\\lib\\client\\socket.js:282:46)\n    at Object.onceWrapper (node:events:622:28)\n    at Socket.emit (node:events:508:28)\n    at Socket._onTimeout (node:net:604:8)\n    at listOnTimeout (node:internal/timers:605:17)\n    at process.processTimers (node:internal/timers:541:7)","timestamp":"2026-09-18 13:48:12"}
{"environment":"production","level":"info","message":"Redis client connected","service":"vtunova-api","timestamp":"2026-09-18 13:48:12"}
{"environment":"production","level":"info","message":"Email transport ready via smtp.gmail.com","service":"vtunova-api","timestamp":"2026-09-18 13:48:18"}
{"environment":"production","level":"info","message":"Redis client connected","service":"vtunova-api","timestamp":"2026-09-18 13:48:21"}
{"code":"ETIMEDOUT","environment":"production","errorno":"ETIMEDOUT","level":"error","message":"[notif-worker] Worker error: connect ETIMEDOUT","service":"vtunova-api","stack":"Error: connect ETIMEDOUT\n    at Socket.<anonymous> (C:\\Users\\HomePC\\VtuNova-Backend_v1\\node_modules\\ioredis\\built\\Redis.js:196:41)\n    at Object.onceWrapper (node:events:622:28)\n    at Socket.emit (node:events:508:28)\n    at Socket._onTimeout (node:net:604:8)\n    at listOnTimeout (node:internal/timers:605:17)\n    at process.processTimers (node:internal/timers:541:7)","syscall":"connect","timestamp":"2026-09-18 13:48:30"}
{"code":"ETIMEDOUT","environment":"production","errorno":"ETIMEDOUT","level":"error","message":"[notif-worker] Worker error: connect ETIMEDOUT","service":"vtunova-api","stack":"Error: connect ETIMEDOUT\n    at Socket.<anonymous> (C:\\Users\\HomePC\\VtuNova-Backend_v1\\node_modules\\ioredis\\built\\Redis.js:196:41)\n    at Object.onceWrapper (node:events:622:28)\n    at Socket.emit (node:events:508:28)\n    at Socket._onTimeout (node:net:604:8)\n    at listOnTimeout (node:internal/timers:605:17)\n    at process.processTimers (node:internal/timers:541:7)","syscall":"connect","timestamp":"2026-09-18 13:48:42"}
{"environment":"production","level":"info","message":"SMTP connection veried","service":"vtunova-api","timestamp":"2026-09-18 13:48:54"}
{"environment":"production","level":"info","message":"Email listeners registered for 10 event type(s)","service":"vtunova-api","timestamp":"2026-09-18 13:48:54"}
{"environment":"production","level":"info","message":"Notification listeners registered for 12 event type(s)","service":"vtunova-api","timestamp":"2026-09-18 13:48:54"}
{"environment":"production","level":"info","message":"VtuNova Platform running on port 3000 [production]","service":"vtunova-api","timestamp":"2026-09-18 13:48:54"}
{"environment":"production","level":"info","message":"API Docs: http://localhost:3000/api","service":"vtunova-api","timestamp":"2026-09-18 13:48:54"}
{"environment":"production","level":"info","message":"Cache cleared for user 6a632a6da43bde62908710a6","service":"vtunova-api","timestamp":"2026-09-18 13:49:03"}
{"environment":"production","level":"info","message":"User login notification queued successfully","service":"vtunova-api","timestamp":"2026-09-18 13:49:05"}
{"environment":"production","level":"info","message":"[notif-worker] Processing job: loginAlert (id=195)","service":"vtunova-api","timestamp":"2026-09-18 13:49:06"}
{"environment":"production","level":"info","message":"[notif-worker] Job data: {\"userId\":\"6a632a6da43bde62908710a6\",\"title\":\"New Login Alert\",\"message\":\"New login detected from IP ::1 (Mozilla/5.0 (Windows NT 10.0; Win64; x64) AppleWebKit/537.36 (KHTML, like Gecko) Chrome/153.0.0.0 Safari/537.36)\",\"type\":\"loginAlert\"}","service":"vtunova-api","timestamp":"2026-09-18 13:49:06"}
{"environment":"production","level":"info","message":"[notif-worker] Processing login alert for user 6a632a6da43bde62908710a6","service":"vtunova-api","timestamp":"2026-09-18 13:49:06"}
{"$__":{"$versionError":null,"activePaths":{"paths":{"userId":"require"},"states":{"default":{},"modify":{},"require":{"userId":true}}},"backup":{"activePaths":{"default":{"_id":true,"date":true,"isRead":true},"modify":{"createdAt":true,"updatedAt":true,"userId":true}},"validationError":null},"cachedRequired":null,"inserting":true,"op":null,"saveOptions":null,"savedState":{},"saving":null,"validating":null},"$isNew":false,"_doc":{"__v":0,"_id":"6aad3342dde538b5e42f069c","createdAt":"2026-09-18T12:49:06.485Z","date":"2026-09-18T12:49:06.485Z","isRead":false,"updatedAt":"2026-09-18T12:49:06.485Z","userId":"6a632a6da43bde62908710a6"},"environment":"production","level":"info","message":"Notification created:","service":"vtunova-api","timestamp":"2026-09-18 13:49:06"}
{"environment":"production","level":"error","message":"Failed to invalidate cache for key: user:6a632a6da43bde62908710a6:notifications","service":"vtunova-api","timestamp":"2026-09-18 13:49:07"}
{"environment":"production","level":"info","message":"[email-worker] Processing job: loginAlert (id=189)","service":"vtunova-api","timestamp":"2026-09-18 13:49:07"}
{"environment":"production","level":"error","message":"Failed to invalidate cache for key: user:6a632a6da43bde62908710a6:notification","service":"vtunova-api","timestamp":"2026-09-18 13:49:07"}
{"environment":"production","level":"info","message":"[notif-worker] Job 195 completed successfully","service":"vtunova-api","timestamp":"2026-09-18 13:49:07"}
{"environment":"production","level":"info","message":"[email-worker] Job 189 completed","service":"vtunova-api","timestamp":"2026-09-18 13:49:09"}
{"environment":"production","level":"info","message":"Email transport ready via smtp.gmail.com","service":"vtunova-api","timestamp":"2026-09-18 13:49:53"}
{"environment":"production","level":"info","message":"Redis client connected","service":"vtunova-api","timestamp":"2026-09-18 13:49:55"}
{"environment":"production","level":"info","message":"SMTP connection veried","service":"vtunova-api","timestamp":"2026-09-18 13:50:05"}
{"environment":"production","level":"info","message":"Email listeners registered for 10 event type(s)","service":"vtunova-api","timestamp":"2026-09-18 13:50:05"}
{"environment":"production","level":"info","message":"Notification listeners registered for 12 event type(s)","service":"vtunova-api","timestamp":"2026-09-18 13:50:05"}
{"environment":"production","level":"info","message":"VtuNova Platform running on port 3000 [production]","service":"vtunova-api","timestamp":"2026-09-18 13:50:05"}
{"environment":"production","level":"info","message":"API Docs: http://localhost:3000/api","service":"vtunova-api","timestamp":"2026-09-18 13:50:05"}
{"environment":"production","level":"info","message":"Email transport ready via smtp.gmail.com","service":"vtunova-api","timestamp":"2026-09-18 13:51:01"}
{"environment":"production","level":"info","message":"Redis client connected","service":"vtunova-api","timestamp":"2026-09-18 13:51:03"}
{"environment":"production","level":"info","message":"Email transport ready via smtp.gmail.com","service":"vtunova-api","timestamp":"2026-09-18 13:51:12"}
{"environment":"production","level":"info","message":"Redis client connected","service":"vtunova-api","timestamp":"2026-09-18 13:51:15"}
{"environment":"production","level":"info","message":"SMTP connection veried","service":"vtunova-api","timestamp":"2026-09-18 13:51:19"}
{"environment":"production","level":"info","message":"Email listeners registered for 10 event type(s)","service":"vtunova-api","timestamp":"2026-09-18 13:51:19"}
{"environment":"production","level":"info","message":"Notification listeners registered for 12 event type(s)","service":"vtunova-api","timestamp":"2026-09-18 13:51:19"}
{"environment":"production","level":"info","message":"VtuNova Platform running on port 3000 [production]","service":"vtunova-api","timestamp":"2026-09-18 13:51:19"}
{"environment":"production","level":"info","message":"API Docs: http://localhost:3000/api","service":"vtunova-api","timestamp":"2026-09-18 13:51:19"}
{"environment":"production","level":"info","message":"Email transport ready via smtp.gmail.com","service":"vtunova-api","timestamp":"2026-09-18 13:57:17"}
{"environment":"production","level":"info","message":"Redis client connected","service":"vtunova-api","timestamp":"2026-09-18 13:57:20"}
{"environment":"production","level":"info","message":"SMTP connection veried","service":"vtunova-api","timestamp":"2026-09-18 13:57:30"}
{"environment":"production","level":"info","message":"Email listeners registered for 10 event type(s)","service":"vtunova-api","timestamp":"2026-09-18 13:57:30"}
{"environment":"production","level":"info","message":"Notification listeners registered for 12 event type(s)","service":"vtunova-api","timestamp":"2026-09-18 13:57:30"}
{"environment":"production","level":"info","message":"VtuNova Platform running on port 3000 [production]","service":"vtunova-api","timestamp":"2026-09-18 13:57:30"}
{"environment":"production","level":"info","message":"API Docs: http://localhost:3000/api","service":"vtunova-api","timestamp":"2026-09-18 13:57:30"}
{"environment":"production","level":"info","message":"Email transport ready via smtp.gmail.com","service":"vtunova-api","timestamp":"2026-09-18 13:57:33"}
{"environment":"production","level":"info","message":"Redis client connected","service":"vtunova-api","timestamp":"2026-09-18 13:57:37"}
{"environment":"production","level":"info","message":"Email transport ready via smtp.gmail.com","service":"vtunova-api","timestamp":"2026-09-18 13:57:41"}
{"environment":"production","level":"info","message":"Redis client connected","service":"vtunova-api","timestamp":"2026-09-18 13:57:43"}
{"environment":"production","level":"info","message":"Email transport ready via smtp.gmail.com","service":"vtunova-api","timestamp":"2026-09-18 13:57:49"}
{"environment":"production","level":"info","message":"Redis client connected","service":"vtunova-api","timestamp":"2026-09-18 13:57:52"}
{"environment":"production","level":"info","message":"SMTP connection veried","service":"vtunova-api","timestamp":"2026-09-18 13:57:54"}
{"environment":"production","level":"info","message":"Email listeners registered for 10 event type(s)","service":"vtunova-api","timestamp":"2026-09-18 13:57:54"}
{"environment":"production","level":"info","message":"Notification listeners registered for 12 event type(s)","service":"vtunova-api","timestamp":"2026-09-18 13:57:54"}
{"environment":"production","level":"info","message":"VtuNova Platform running on port 3000 [production]","service":"vtunova-api","timestamp":"2026-09-18 13:57:54"}
{"environment":"production","level":"info","message":"API Docs: http://localhost:3000/api","service":"vtunova-api","timestamp":"2026-09-18 13:57:54"}
{"environment":"production","level":"info","message":"Email transport ready via smtp.gmail.com","service":"vtunova-api","timestamp":"2026-09-18 13:58:06"}
{"environment":"production","level":"info","message":"Redis client connected","service":"vtunova-api","timestamp":"2026-09-18 13:58:09"}
{"environment":"production","level":"info","message":"Email transport ready via smtp.gmail.com","service":"vtunova-api","timestamp":"2026-09-18 13:58:15"}
{"environment":"production","level":"info","message":"Redis client connected","service":"vtunova-api","timestamp":"2026-09-18 13:58:17"}
{"environment":"production","level":"info","message":"Email transport ready via smtp.gmail.com","service":"vtunova-api","timestamp":"2026-09-18 13:58:22"}
{"environment":"production","level":"info","message":"Redis client connected","service":"vtunova-api","timestamp":"2026-09-18 13:58:24"}
{"environment":"production","level":"info","message":"SMTP connection veried","service":"vtunova-api","timestamp":"2026-09-18 13:58:27"}
{"environment":"production","level":"info","message":"Email listeners registered for 10 event type(s)","service":"vtunova-api","timestamp":"2026-09-18 13:58:27"}
{"environment":"production","level":"info","message":"Notification listeners registered for 12 event type(s)","service":"vtunova-api","timestamp":"2026-09-18 13:58:27"}
{"environment":"production","level":"info","message":"VtuNova Platform running on port 3000 [production]","service":"vtunova-api","timestamp":"2026-09-18 13:58:27"}
{"environment":"production","level":"info","message":"API Docs: http://localhost:3000/api","service":"vtunova-api","timestamp":"2026-09-18 13:58:27"}
{"environment":"production","level":"info","message":"Email transport ready via smtp.gmail.com","service":"vtunova-api","timestamp":"2026-09-18 14:00:51"}
{"environment":"production","level":"info","message":"Redis client connected","service":"vtunova-api","timestamp":"2026-09-18 14:00:53"}
{"environment":"production","level":"info","message":"SMTP connection veried","service":"vtunova-api","timestamp":"2026-09-18 14:01:03"}
{"environment":"production","level":"info","message":"Email listeners registered for 10 event type(s)","service":"vtunova-api","timestamp":"2026-09-18 14:01:03"}
{"environment":"production","level":"info","message":"Notification listeners registered for 12 event type(s)","service":"vtunova-api","timestamp":"2026-09-18 14:01:03"}
{"environment":"production","level":"info","message":"VtuNova Platform running on port 3000 [production]","service":"vtunova-api","timestamp":"2026-09-18 14:01:03"}
{"environment":"production","level":"info","message":"API Docs: http://localhost:3000/api","service":"vtunova-api","timestamp":"2026-09-18 14:01:03"}
{"environment":"production","level":"info","message":"Email transport ready via smtp.gmail.com","service":"vtunova-api","timestamp":"2026-09-18 14:01:06"}
{"environment":"production","level":"info","message":"Redis client connected","service":"vtunova-api","timestamp":"2026-09-18 14:01:09"}
{"environment":"production","level":"info","message":"Email transport ready via smtp.gmail.com","service":"vtunova-api","timestamp":"2026-09-18 14:01:14"}
{"environment":"production","level":"info","message":"Redis client connected","service":"vtunova-api","timestamp":"2026-09-18 14:01:16"}
{"environment":"production","level":"info","message":"SMTP connection veried","service":"vtunova-api","timestamp":"2026-09-18 14:01:18"}
{"environment":"production","level":"info","message":"Email listeners registered for 10 event type(s)","service":"vtunova-api","timestamp":"2026-09-18 14:01:18"}
{"environment":"production","level":"info","message":"Notification listeners registered for 12 event type(s)","service":"vtunova-api","timestamp":"2026-09-18 14:01:18"}
{"environment":"production","level":"info","message":"VtuNova Platform running on port 3000 [production]","service":"vtunova-api","timestamp":"2026-09-18 14:01:18"}
{"environment":"production","level":"info","message":"API Docs: http://localhost:3000/api","service":"vtunova-api","timestamp":"2026-09-18 14:01:18"}
{"environment":"production","level":"info","message":"Email transport ready via smtp.gmail.com","service":"vtunova-api","timestamp":"2026-09-18 14:02:03"}
{"environment":"production","level":"info","message":"Redis client connected","service":"vtunova-api","timestamp":"2026-09-18 14:02:05"}
{"environment":"production","level":"info","message":"Email transport ready via smtp.gmail.com","service":"vtunova-api","timestamp":"2026-09-18 14:02:10"}
{"environment":"production","level":"info","message":"Redis client connected","service":"vtunova-api","timestamp":"2026-09-18 14:02:13"}
{"environment":"production","level":"info","message":"Email transport ready via smtp.gmail.com","service":"vtunova-api","timestamp":"2026-09-18 14:02:14"}
{"environment":"production","level":"info","message":"Redis client connected","service":"vtunova-api","timestamp":"2026-09-18 14:02:18"}
{"environment":"production","level":"info","message":"Email transport ready via smtp.gmail.com","service":"vtunova-api","timestamp":"2026-09-18 14:02:23"}
{"environment":"production","level":"info","message":"Redis client connected","service":"vtunova-api","timestamp":"2026-09-18 14:02:25"}
{"environment":"production","level":"info","message":"SMTP connection veried","service":"vtunova-api","timestamp":"2026-09-18 14:02:33"}
{"environment":"production","level":"info","message":"Email listeners registered for 10 event type(s)","service":"vtunova-api","timestamp":"2026-09-18 14:02:33"}
{"environment":"production","level":"info","message":"Notification listeners registered for 12 event type(s)","service":"vtunova-api","timestamp":"2026-09-18 14:02:33"}
{"environment":"production","level":"info","message":"VtuNova Platform running on port 3000 [production]","service":"vtunova-api","timestamp":"2026-09-18 14:02:33"}
{"environment":"production","level":"info","message":"API Docs: http://localhost:3000/api","service":"vtunova-api","timestamp":"2026-09-18 14:02:33"}
{"environment":"production","level":"info","message":"Email transport ready via smtp.gmail.com","service":"vtunova-api","timestamp":"2026-09-18 14:04:57"}
{"environment":"production","level":"info","message":"Redis client connected","service":"vtunova-api","timestamp":"2026-09-18 14:04:59"}
{"environment":"production","level":"info","message":"SMTP connection veried","service":"vtunova-api","timestamp":"2026-09-18 14:05:04"}
{"environment":"production","level":"info","message":"Email listeners registered for 10 event type(s)","service":"vtunova-api","timestamp":"2026-09-18 14:05:04"}
{"environment":"production","level":"info","message":"Notification listeners registered for 12 event type(s)","service":"vtunova-api","timestamp":"2026-09-18 14:05:04"}
{"environment":"production","level":"info","message":"VtuNova Platform running on port 3000 [production]","service":"vtunova-api","timestamp":"2026-09-18 14:05:04"}
{"environment":"production","level":"info","message":"API Docs: http://localhost:3000/api","service":"vtunova-api","timestamp":"2026-09-18 14:05:04"}
{"environment":"production","level":"info","message":"Email transport ready via smtp.gmail.com","service":"vtunova-api","timestamp":"2026-09-18 14:05:10"}
{"environment":"production","level":"info","message":"Redis client connected","service":"vtunova-api","timestamp":"2026-09-18 14:05:13"}
{"environment":"production","level":"info","message":"SMTP connection veried","service":"vtunova-api","timestamp":"2026-09-18 14:05:15"}
{"environment":"production","level":"info","message":"Email listeners registered for 10 event type(s)","service":"vtunova-api","timestamp":"2026-09-18 14:05:15"}
{"environment":"production","level":"info","message":"Notification listeners registered for 12 event type(s)","service":"vtunova-api","timestamp":"2026-09-18 14:05:15"}
{"environment":"production","level":"info","message":"VtuNova Platform running on port 3000 [production]","service":"vtunova-api","timestamp":"2026-09-18 14:05:15"}
{"environment":"production","level":"info","message":"API Docs: http://localhost:3000/api","service":"vtunova-api","timestamp":"2026-09-18 14:05:15"}
{"environment":"production","level":"info","message":"Email transport ready via smtp.gmail.com","service":"vtunova-api","timestamp":"2026-09-18 14:05:34"}
{"environment":"production","level":"info","message":"Redis client connected","service":"vtunova-api","timestamp":"2026-09-18 14:05:37"}
{"environment":"production","level":"info","message":"SMTP connection veried","service":"vtunova-api","timestamp":"2026-09-18 14:05:38"}
{"environment":"production","level":"info","message":"Email listeners registered for 10 event type(s)","service":"vtunova-api","timestamp":"2026-09-18 14:05:38"}
{"environment":"production","level":"info","message":"Notification listeners registered for 12 event type(s)","service":"vtunova-api","timestamp":"2026-09-18 14:05:38"}
{"environment":"production","level":"info","message":"VtuNova Platform running on port 3000 [production]","service":"vtunova-api","timestamp":"2026-09-18 14:05:38"}
{"environment":"production","level":"info","message":"API Docs: http://localhost:3000/api","service":"vtunova-api","timestamp":"2026-09-18 14:05:38"}
{"environment":"production","level":"info","message":"Email transport ready via smtp.gmail.com","service":"vtunova-api","timestamp":"2026-09-18 14:05:49"}
{"environment":"production","level":"info","message":"Redis client connected","service":"vtunova-api","timestamp":"2026-09-18 14:05:52"}
{"environment":"production","level":"info","message":"Email transport ready via smtp.gmail.com","service":"vtunova-api","timestamp":"2026-09-18 14:06:07"}
{"environment":"production","level":"info","message":"Redis client connected","service":"vtunova-api","timestamp":"2026-09-18 14:06:10"}
{"environment":"production","level":"info","message":"SMTP connection veried","service":"vtunova-api","timestamp":"2026-09-18 14:06:14"}
{"environment":"production","level":"info","message":"Email listeners registered for 10 event type(s)","service":"vtunova-api","timestamp":"2026-09-18 14:06:14"}
{"environment":"production","level":"info","message":"Notification listeners registered for 12 event type(s)","service":"vtunova-api","timestamp":"2026-09-18 14:06:14"}
{"environment":"production","level":"info","message":"VtuNova Platform running on port 3000 [production]","service":"vtunova-api","timestamp":"2026-09-18 14:06:14"}
{"environment":"production","level":"info","message":"API Docs: http://localhost:3000/api","service":"vtunova-api","timestamp":"2026-09-18 14:06:14"}
{"environment":"production","level":"info","message":"Email transport ready via smtp.gmail.com","service":"vtunova-api","timestamp":"2026-09-18 14:06:26"}
{"environment":"production","level":"info","message":"Redis client connected","service":"vtunova-api","timestamp":"2026-09-18 14:06:28"}
{"environment":"production","level":"info","message":"Email transport ready via smtp.gmail.com","service":"vtunova-api","timestamp":"2026-09-18 14:06:35"}
{"environment":"production","level":"info","message":"Redis client connected","service":"vtunova-api","timestamp":"2026-09-18 14:06:37"}
{"environment":"production","level":"info","message":"Email transport ready via smtp.gmail.com","service":"vtunova-api","timestamp":"2026-09-18 14:06:51"}
{"environment":"production","level":"info","message":"Redis client connected","service":"vtunova-api","timestamp":"2026-09-18 14:06:55"}
{"environment":"production","level":"info","message":"Email transport ready via smtp.gmail.com","service":"vtunova-api","timestamp":"2026-09-18 14:06:57"}
{"environment":"production","level":"info","message":"Redis client connected","service":"vtunova-api","timestamp":"2026-09-18 14:06:59"}
{"environment":"production","level":"info","message":"Email transport ready via smtp.gmail.com","service":"vtunova-api","timestamp":"2026-09-18 14:07:10"}
{"environment":"production","level":"info","message":"Email transport ready via smtp.gmail.com","service":"vtunova-api","timestamp":"2026-09-18 14:07:24"}
{"environment":"production","level":"info","message":"Redis client connected","service":"vtunova-api","timestamp":"2026-09-18 14:07:26"}
{"environment":"production","level":"info","message":"SMTP connection veried","service":"vtunova-api","timestamp":"2026-09-18 14:07:37"}
{"environment":"production","level":"info","message":"Email listeners registered for 10 event type(s)","service":"vtunova-api","timestamp":"2026-09-18 14:07:37"}
{"environment":"production","level":"info","message":"Notification listeners registered for 12 event type(s)","service":"vtunova-api","timestamp":"2026-09-18 14:07:37"}
{"environment":"production","level":"info","message":"VtuNova Platform running on port 3000 [production]","service":"vtunova-api","timestamp":"2026-09-18 14:07:37"}
{"environment":"production","level":"info","message":"API Docs: http://localhost:3000/api","service":"vtunova-api","timestamp":"2026-09-18 14:07:37"}
{"environment":"production","level":"info","message":"Email transport ready via smtp.gmail.com","service":"vtunova-api","timestamp":"2026-09-18 14:07:49"}
{"environment":"production","level":"info","message":"Redis client connected","service":"vtunova-api","timestamp":"2026-09-18 14:07:52"}
{"environment":"production","level":"info","message":"SMTP connection veried","service":"vtunova-api","timestamp":"2026-09-18 14:07:56"}
{"environment":"production","level":"info","message":"Email listeners registered for 10 event type(s)","service":"vtunova-api","timestamp":"2026-09-18 14:07:56"}
{"environment":"production","level":"info","message":"Notification listeners registered for 12 event type(s)","service":"vtunova-api","timestamp":"2026-09-18 14:07:56"}
{"environment":"production","level":"info","message":"VtuNova Platform running on port 3000 [production]","service":"vtunova-api","timestamp":"2026-09-18 14:07:56"}
{"environment":"production","level":"info","message":"API Docs: http://localhost:3000/api","service":"vtunova-api","timestamp":"2026-09-18 14:07:56"}
{"environment":"production","level":"info","message":"Email transport ready via smtp.gmail.com","service":"vtunova-api","timestamp":"2026-09-18 14:08:43"}
{"environment":"production","level":"info","message":"Redis client connected","service":"vtunova-api","timestamp":"2026-09-18 14:08:45"}
{"environment":"production","level":"info","message":"SMTP connection veried","service":"vtunova-api","timestamp":"2026-09-18 14:08:50"}
{"environment":"production","level":"info","message":"Email listeners registered for 10 event type(s)","service":"vtunova-api","timestamp":"2026-09-18 14:08:50"}
{"environment":"production","level":"info","message":"Notification listeners registered for 12 event type(s)","service":"vtunova-api","timestamp":"2026-09-18 14:08:50"}
{"environment":"production","level":"info","message":"VtuNova Platform running on port 3000 [production]","service":"vtunova-api","timestamp":"2026-09-18 14:08:50"}
{"environment":"production","level":"info","message":"API Docs: http://localhost:3000/api","service":"vtunova-api","timestamp":"2026-09-18 14:08:50"}
{"environment":"production","level":"info","message":"Email transport ready via smtp.gmail.com","service":"vtunova-api","timestamp":"2026-09-18 14:08:56"}
{"environment":"production","level":"info","message":"Redis client connected","service":"vtunova-api","timestamp":"2026-09-18 14:09:00"}
{"environment":"production","level":"info","message":"Email transport ready via smtp.gmail.com","service":"vtunova-api","timestamp":"2026-09-18 14:09:04"}
{"environment":"production","level":"info","message":"Redis client connected","service":"vtunova-api","timestamp":"2026-09-18 14:09:06"}
{"environment":"production","level":"info","message":"Email transport ready via smtp.gmail.com","service":"vtunova-api","timestamp":"2026-09-18 14:09:18"}
{"environment":"production","level":"info","message":"Email transport ready via smtp.gmail.com","service":"vtunova-api","timestamp":"2026-09-18 14:09:23"}
{"environment":"production","level":"info","message":"Redis client connected","service":"vtunova-api","timestamp":"2026-09-18 14:09:25"}
{"environment":"production","level":"info","message":"Email transport ready via smtp.gmail.com","service":"vtunova-api","timestamp":"2026-09-18 14:09:27"}
{"environment":"production","level":"info","message":"Redis client connected","service":"vtunova-api","timestamp":"2026-09-18 14:09:29"}
{"environment":"production","level":"info","message":"SMTP connection veried","service":"vtunova-api","timestamp":"2026-09-18 14:09:31"}
{"environment":"production","level":"info","message":"Email listeners registered for 10 event type(s)","service":"vtunova-api","timestamp":"2026-09-18 14:09:31"}
{"environment":"production","level":"info","message":"Notification listeners registered for 12 event type(s)","service":"vtunova-api","timestamp":"2026-09-18 14:09:31"}
{"environment":"production","level":"info","message":"VtuNova Platform running on port 3000 [production]","service":"vtunova-api","timestamp":"2026-09-18 14:09:32"}
{"environment":"production","level":"info","message":"API Docs: http://localhost:3000/api","service":"vtunova-api","timestamp":"2026-09-18 14:09:32"}
{"environment":"production","level":"info","message":"Email transport ready via smtp.gmail.com","service":"vtunova-api","timestamp":"2026-09-18 14:10:12"}
{"environment":"production","level":"info","message":"Redis client connected","service":"vtunova-api","timestamp":"2026-09-18 14:10:14"}
{"environment":"production","level":"info","message":"Email transport ready via smtp.gmail.com","service":"vtunova-api","timestamp":"2026-09-18 14:10:18"}
{"environment":"production","level":"info","message":"Redis client connected","service":"vtunova-api","timestamp":"2026-09-18 14:10:20"}
{"environment":"production","level":"info","message":"SMTP connection veried","service":"vtunova-api","timestamp":"2026-09-18 14:10:22"}
{"environment":"production","level":"info","message":"Email listeners registered for 10 event type(s)","service":"vtunova-api","timestamp":"2026-09-18 14:10:22"}
{"environment":"production","level":"info","message":"Notification listeners registered for 12 event type(s)","service":"vtunova-api","timestamp":"2026-09-18 14:10:22"}
{"environment":"production","level":"info","message":"VtuNova Platform running on port 3000 [production]","service":"vtunova-api","timestamp":"2026-09-18 14:10:22"}
{"environment":"production","level":"info","message":"API Docs: http://localhost:3000/api","service":"vtunova-api","timestamp":"2026-09-18 14:10:22"}
{"environment":"production","level":"info","message":"Email transport ready via smtp.gmail.com","service":"vtunova-api","timestamp":"2026-09-18 14:12:05"}
{"environment":"production","level":"info","message":"Redis client connected","service":"vtunova-api","timestamp":"2026-09-18 14:12:07"}
{"environment":"production","level":"info","message":"SMTP connection veried","service":"vtunova-api","timestamp":"2026-09-18 14:12:12"}
{"environment":"production","level":"info","message":"Email listeners registered for 10 event type(s)","service":"vtunova-api","timestamp":"2026-09-18 14:12:12"}
{"environment":"production","level":"info","message":"Notification listeners registered for 12 event type(s)","service":"vtunova-api","timestamp":"2026-09-18 14:12:12"}
{"environment":"production","level":"info","message":"VtuNova Platform running on port 3000 [production]","service":"vtunova-api","timestamp":"2026-09-18 14:12:12"}
{"environment":"production","level":"info","message":"API Docs: http://localhost:3000/api","service":"vtunova-api","timestamp":"2026-09-18 14:12:12"}
{"environment":"production","level":"info","message":"Email transport ready via smtp.gmail.com","service":"vtunova-api","timestamp":"2026-09-18 14:12:14"}
{"environment":"production","level":"info","message":"Redis client connected","service":"vtunova-api","timestamp":"2026-09-18 14:12:17"}
{"environment":"production","level":"info","message":"Email transport ready via smtp.gmail.com","service":"vtunova-api","timestamp":"2026-09-18 14:12:29"}
{"environment":"production","level":"info","message":"Redis client connected","service":"vtunova-api","timestamp":"2026-09-18 14:12:31"}
{"environment":"production","level":"info","message":"SMTP connection veried","service":"vtunova-api","timestamp":"2026-09-18 14:12:32"}
{"environment":"production","level":"info","message":"Email listeners registered for 10 event type(s)","service":"vtunova-api","timestamp":"2026-09-18 14:12:32"}
{"environment":"production","level":"info","message":"Notification listeners registered for 12 event type(s)","service":"vtunova-api","timestamp":"2026-09-18 14:12:32"}
{"environment":"production","level":"info","message":"VtuNova Platform running on port 3000 [production]","service":"vtunova-api","timestamp":"2026-09-18 14:12:32"}
{"environment":"production","level":"info","message":"API Docs: http://localhost:3000/api","service":"vtunova-api","timestamp":"2026-09-18 14:12:32"}
{"environment":"production","level":"info","message":"Email transport ready via smtp.gmail.com","service":"vtunova-api","timestamp":"2026-09-18 14:13:16"}
{"environment":"production","level":"info","message":"Redis client connected","service":"vtunova-api","timestamp":"2026-09-18 14:13:17"}
{"environment":"production","level":"info","message":"SMTP connection veried","service":"vtunova-api","timestamp":"2026-09-18 14:13:19"}
{"environment":"production","level":"info","message":"Email listeners registered for 10 event type(s)","service":"vtunova-api","timestamp":"2026-09-18 14:13:19"}
{"environment":"production","level":"info","message":"Notification listeners registered for 12 event type(s)","service":"vtunova-api","timestamp":"2026-09-18 14:13:19"}
{"environment":"production","level":"info","message":"VtuNova Platform running on port 3000 [production]","service":"vtunova-api","timestamp":"2026-09-18 14:13:19"}
{"environment":"production","level":"info","message":"API Docs: http://localhost:3000/api","service":"vtunova-api","timestamp":"2026-09-18 14:13:19"}
{"environment":"production","level":"info","message":"[notif-worker] Processing job: loginAlert (id=196)","service":"vtunova-api","timestamp":"2026-09-18 14:19:35"}
{"environment":"production","level":"info","message":"[notif-worker] Job data: {\"user\":\"6a70c9b71f775eee884f9996\",\"companyId\":null,\"type\":\"system\",\"productType\":\"system\",\"title\":\"New Login Detected\",\"message\":\"A new login was detected from Mozilla/5.0 (Windows NT 10.0; Win64; x64) AppleWebKit/537.36 (KHTML, like Gecko) Chrome/153.0.0.0 Safari/537.36 (::1).\"}","service":"vtunova-api","timestamp":"2026-09-18 14:19:35"}
{"environment":"production","level":"info","message":"[notif-worker] Processing login alert for user 6a70c9b71f775eee884f9996","service":"vtunova-api","timestamp":"2026-09-18 14:19:35"}
{"environment":"production","level":"info","message":"Notification created:","service":"vtunova-api","timestamp":"2026-09-18 14:19:35"}
{"environment":"production","level":"info","message":"Cache invalidated for key: user:6a70c9b71f775eee884f9996:notifications","service":"vtunova-api","timestamp":"2026-09-18 14:19:35"}
{"environment":"production","level":"error","message":"Failed to invalidate cache for key: user:6a70c9b71f775eee884f9996:notification","service":"vtunova-api","timestamp":"2026-09-18 14:19:36"}
{"environment":"production","level":"info","message":"[notif-worker] Job 196 completed successfully","service":"vtunova-api","timestamp":"2026-09-18 14:19:36"}
{"environment":"production","level":"info","message":"[email-worker] Processing job: loginAlert (id=191)","service":"vtunova-api","timestamp":"2026-09-18 14:25:03"}
{"environment":"production","level":"info","message":"[email-worker] Job 191 completed","service":"vtunova-api","timestamp":"2026-09-18 14:25:11"}
{"code":"ENOTFOUND","environment":"production","errno":-3008,"hostname":"ultraviolet-oliveish-error-87927.db.redis.io","level":"error","message":"[notif-worker] Worker error: getaddrinfo ENOTFOUND ultraviolet-oliveish-error-87927.db.redis.io","service":"vtunova-api","stack":"Error: getaddrinfo ENOTFOUND ultraviolet-oliveish-error-87927.db.redis.io\n    at GetAddrInfoReqWrap.onlookupall [as oncomplete] (node:dns:122:26)","syscall":"getaddrinfo","timestamp":"2026-09-18 17:41:55"}
{"code":"ENOTFOUND","environment":"production","errno":-3008,"hostname":"ultraviolet-oliveish-error-87927.db.redis.io","level":"error","message":"[notif-worker] Worker error: getaddrinfo ENOTFOUND ultraviolet-oliveish-error-87927.db.redis.io","service":"vtunova-api","stack":"Error: getaddrinfo ENOTFOUND ultraviolet-oliveish-error-87927.db.redis.io\n    at GetAddrInfoReqWrap.onlookupall [as oncomplete] (node:dns:122:26)","syscall":"getaddrinfo","timestamp":"2026-09-18 17:41:57"}
{"code":"ENOTFOUND","environment":"production","errno":-3008,"hostname":"ultraviolet-oliveish-error-87927.db.redis.io","level":"error","message":"[notif-worker] Worker error: getaddrinfo ENOTFOUND ultraviolet-oliveish-error-87927.db.redis.io","service":"vtunova-api","stack":"Error: getaddrinfo ENOTFOUND ultraviolet-oliveish-error-87927.db.redis.io\n    at GetAddrInfoReqWrap.onlookupall [as oncomplete] (node:dns:122:26)","syscall":"getaddrinfo","timestamp":"2026-09-18 17:41:59"}
{"code":"ECONNRESET","environment":"production","errno":-4077,"level":"error","message":"[notif-worker] Worker error: read ECONNRESET","service":"vtunova-api","stack":"Error: read ECONNRESET\n    at TCP.onStreamRead (node:internal/stream_base_commons:216:20)","syscall":"read","timestamp":"2026-09-19 00:09:44"}
{"code":"ECONNRESET","environment":"production","errno":-4077,"level":"error","message":"Redis Client Error read ECONNRESET","service":"vtunova-api","stack":"Error: read ECONNRESET\n    at TCP.onStreamRead (node:internal/stream_base_commons:216:20)","syscall":"read","timestamp":"2026-09-19 00:09:45"}
{"environment":"production","level":"info","message":"Redis client connected","service":"vtunova-api","timestamp":"2026-09-19 00:09:47"}
{"environment":"production","level":"info","message":"Email transport ready via smtp.gmail.com","service":"vtunova-api","timestamp":"2026-09-19 00:13:39"}
{"environment":"production","level":"info","message":"Redis client connected","service":"vtunova-api","timestamp":"2026-09-19 00:13:46"}
{"environment":"production","level":"info","message":"Email transport ready via smtp.gmail.com","service":"vtunova-api","timestamp":"2026-09-19 00:13:54"}
{"environment":"production","level":"info","message":"Redis client connected","service":"vtunova-api","timestamp":"2026-09-19 00:13:58"}
{"environment":"production","level":"info","message":"SMTP connection veried","service":"vtunova-api","timestamp":"2026-09-19 00:14:00"}
{"environment":"production","level":"info","message":"Email listeners registered for 10 event type(s)","service":"vtunova-api","timestamp":"2026-09-19 00:14:00"}
{"environment":"production","level":"info","message":"Notification listeners registered for 12 event type(s)","service":"vtunova-api","timestamp":"2026-09-19 00:14:00"}
{"environment":"production","level":"info","message":"VtuNova Platform running on port 3000 [production]","service":"vtunova-api","timestamp":"2026-09-19 00:14:00"}
{"environment":"production","level":"info","message":"API Docs: http://localhost:3000/api","service":"vtunova-api","timestamp":"2026-09-19 00:14:00"}
{"environment":"production","level":"info","message":"Email transport ready via smtp.gmail.com","service":"vtunova-api","timestamp":"2026-09-19 00:31:50"}
{"environment":"production","level":"info","message":"Redis client connected","service":"vtunova-api","timestamp":"2026-09-19 00:31:54"}
{"environment":"production","level":"info","message":"Email transport ready via smtp.gmail.com","service":"vtunova-api","timestamp":"2026-09-19 00:32:03"}
{"environment":"production","level":"info","message":"Redis client connected","service":"vtunova-api","timestamp":"2026-09-19 00:32:07"}
{"environment":"production","level":"info","message":"Email transport ready via smtp.gmail.com","service":"vtunova-api","timestamp":"2026-09-19 00:32:12"}
{"environment":"production","level":"info","message":"Redis client connected","service":"vtunova-api","timestamp":"2026-09-19 00:32:15"}
{"environment":"production","level":"info","message":"SMTP connection veried","service":"vtunova-api","timestamp":"2026-09-19 00:32:17"}
{"environment":"production","level":"info","message":"Email listeners registered for 10 event type(s)","service":"vtunova-api","timestamp":"2026-09-19 00:32:17"}
{"environment":"production","level":"info","message":"Notification listeners registered for 12 event type(s)","service":"vtunova-api","timestamp":"2026-09-19 00:32:17"}
{"environment":"production","level":"info","message":"VtuNova Platform running on port 3000 [production]","service":"vtunova-api","timestamp":"2026-09-19 00:32:17"}
{"environment":"production","level":"info","message":"API Docs: http://localhost:3000/api","service":"vtunova-api","timestamp":"2026-09-19 00:32:17"}
{"environment":"production","level":"info","message":"Email transport ready via smtp.gmail.com","service":"vtunova-api","timestamp":"2026-09-19 00:32:23"}
{"environment":"production","level":"info","message":"Redis client connected","service":"vtunova-api","timestamp":"2026-09-19 00:32:26"}
{"environment":"production","level":"info","message":"SMTP connection veried","service":"vtunova-api","timestamp":"2026-09-19 00:32:28"}
{"environment":"production","level":"info","message":"Email listeners registered for 10 event type(s)","service":"vtunova-api","timestamp":"2026-09-19 00:32:28"}
{"environment":"production","level":"info","message":"Notification listeners registered for 12 event type(s)","service":"vtunova-api","timestamp":"2026-09-19 00:32:28"}
{"environment":"production","level":"info","message":"VtuNova Platform running on port 3000 [production]","service":"vtunova-api","timestamp":"2026-09-19 00:32:28"}
{"environment":"production","level":"info","message":"API Docs: http://localhost:3000/api","service":"vtunova-api","timestamp":"2026-09-19 00:32:28"}
{"environment":"production","level":"info","message":"Email transport ready via smtp.gmail.com","service":"vtunova-api","timestamp":"2026-09-19 00:32:54"}
{"environment":"production","level":"info","message":"Redis client connected","service":"vtunova-api","timestamp":"2026-09-19 00:32:57"}
{"environment":"production","level":"info","message":"Email transport ready via smtp.gmail.com","service":"vtunova-api","timestamp":"2026-09-19 00:33:02"}
{"environment":"production","level":"info","message":"Redis client connected","service":"vtunova-api","timestamp":"2026-09-19 00:33:05"}
{"environment":"production","level":"info","message":"Email transport ready via smtp.gmail.com","service":"vtunova-api","timestamp":"2026-09-19 00:33:21"}
{"environment":"production","level":"info","message":"Redis client connected","service":"vtunova-api","timestamp":"2026-09-19 00:33:24"}
{"environment":"production","level":"info","message":"SMTP connection veried","service":"vtunova-api","timestamp":"2026-09-19 00:33:28"}
{"environment":"production","level":"info","message":"Email listeners registered for 10 event type(s)","service":"vtunova-api","timestamp":"2026-09-19 00:33:28"}
{"environment":"production","level":"info","message":"Notification listeners registered for 12 event type(s)","service":"vtunova-api","timestamp":"2026-09-19 00:33:28"}
{"environment":"production","level":"info","message":"VtuNova Platform running on port 3000 [production]","service":"vtunova-api","timestamp":"2026-09-19 00:33:28"}
{"environment":"production","level":"info","message":"API Docs: http://localhost:3000/api","service":"vtunova-api","timestamp":"2026-09-19 00:33:28"}
{"environment":"production","level":"info","message":"Email transport ready via smtp.gmail.com","service":"vtunova-api","timestamp":"2026-09-19 00:33:53"}
{"environment":"production","level":"info","message":"Redis client connected","service":"vtunova-api","timestamp":"2026-09-19 00:33:56"}
{"environment":"production","level":"info","message":"SMTP connection veried","service":"vtunova-api","timestamp":"2026-09-19 00:33:58"}
{"environment":"production","level":"info","message":"Email listeners registered for 10 event type(s)","service":"vtunova-api","timestamp":"2026-09-19 00:33:58"}
{"environment":"production","level":"info","message":"Notification listeners registered for 12 event type(s)","service":"vtunova-api","timestamp":"2026-09-19 00:33:58"}
{"environment":"production","level":"info","message":"VtuNova Platform running on port 3000 [production]","service":"vtunova-api","timestamp":"2026-09-19 00:33:58"}
{"environment":"production","level":"info","message":"API Docs: http://localhost:3000/api","service":"vtunova-api","timestamp":"2026-09-19 00:33:58"}
{"environment":"production","level":"info","message":"Email transport ready via smtp.gmail.com","service":"vtunova-api","timestamp":"2026-09-19 00:34:05"}
{"environment":"production","level":"info","message":"Redis client connected","service":"vtunova-api","timestamp":"2026-09-19 00:34:09"}
{"environment":"production","level":"info","message":"Email transport ready via smtp.gmail.com","service":"vtunova-api","timestamp":"2026-09-19 00:34:13"}
{"environment":"production","level":"info","message":"Redis client connected","service":"vtunova-api","timestamp":"2026-09-19 00:34:16"}
{"environment":"production","level":"info","message":"SMTP connection veried","service":"vtunova-api","timestamp":"2026-09-19 00:34:18"}
{"environment":"production","level":"info","message":"Email listeners registered for 10 event type(s)","service":"vtunova-api","timestamp":"2026-09-19 00:34:18"}
{"environment":"production","level":"info","message":"Notification listeners registered for 12 event type(s)","service":"vtunova-api","timestamp":"2026-09-19 00:34:18"}
{"environment":"production","level":"info","message":"VtuNova Platform running on port 3000 [production]","service":"vtunova-api","timestamp":"2026-09-19 00:34:18"}
{"environment":"production","level":"info","message":"API Docs: http://localhost:3000/api","service":"vtunova-api","timestamp":"2026-09-19 00:34:18"}
{"environment":"production","level":"info","message":"Email transport ready via smtp.gmail.com","service":"vtunova-api","timestamp":"2026-09-19 00:34:27"}
{"environment":"production","level":"info","message":"Redis client connected","service":"vtunova-api","timestamp":"2026-09-19 00:34:29"}
{"environment":"production","level":"info","message":"SMTP connection veried","service":"vtunova-api","timestamp":"2026-09-19 00:34:33"}
{"environment":"production","level":"info","message":"Email listeners registered for 10 event type(s)","service":"vtunova-api","timestamp":"2026-09-19 00:34:33"}
{"environment":"production","level":"info","message":"Notification listeners registered for 12 event type(s)","service":"vtunova-api","timestamp":"2026-09-19 00:34:33"}
{"environment":"production","level":"info","message":"VtuNova Platform running on port 3000 [production]","service":"vtunova-api","timestamp":"2026-09-19 00:34:33"}
{"environment":"production","level":"info","message":"API Docs: http://localhost:3000/api","service":"vtunova-api","timestamp":"2026-09-19 00:34:33"}
{"environment":"production","level":"info","message":"Email transport ready via smtp.gmail.com","service":"vtunova-api","timestamp":"2026-09-19 00:36:32"}
{"environment":"production","level":"info","message":"Redis client connected","service":"vtunova-api","timestamp":"2026-09-19 00:36:35"}
{"environment":"production","level":"info","message":"Email transport ready via smtp.gmail.com","service":"vtunova-api","timestamp":"2026-09-19 00:36:47"}
{"environment":"production","level":"info","message":"Redis client connected","service":"vtunova-api","timestamp":"2026-09-19 00:36:50"}
{"environment":"production","level":"info","message":"Email transport ready via smtp.gmail.com","service":"vtunova-api","timestamp":"2026-09-19 00:37:01"}
{"environment":"production","level":"info","message":"Redis client connected","service":"vtunova-api","timestamp":"2026-09-19 00:37:04"}
{"environment":"production","level":"info","message":"SMTP connection veried","service":"vtunova-api","timestamp":"2026-09-19 00:37:07"}
{"environment":"production","level":"info","message":"Email listeners registered for 10 event type(s)","service":"vtunova-api","timestamp":"2026-09-19 00:37:07"}
{"environment":"production","level":"info","message":"Notification listeners registered for 12 event type(s)","service":"vtunova-api","timestamp":"2026-09-19 00:37:07"}
{"environment":"production","level":"info","message":"VtuNova Platform running on port 3000 [production]","service":"vtunova-api","timestamp":"2026-09-19 00:37:07"}
{"environment":"production","level":"info","message":"API Docs: http://localhost:3000/api","service":"vtunova-api","timestamp":"2026-09-19 00:37:07"}
{"environment":"production","level":"info","message":"Email transport ready via smtp.gmail.com","service":"vtunova-api","timestamp":"2026-09-19 00:38:10"}
{"environment":"production","level":"info","message":"Redis client connected","service":"vtunova-api","timestamp":"2026-09-19 00:38:13"}
{"environment":"production","level":"info","message":"Email transport ready via smtp.gmail.com","service":"vtunova-api","timestamp":"2026-09-19 00:38:32"}
{"environment":"production","level":"info","message":"Email transport ready via smtp.gmail.com","service":"vtunova-api","timestamp":"2026-09-19 00:38:45"}
{"environment":"production","level":"info","message":"Redis client connected","service":"vtunova-api","timestamp":"2026-09-19 00:38:47"}
{"environment":"production","level":"info","message":"SMTP connection veried","service":"vtunova-api","timestamp":"2026-09-19 00:38:55"}
{"environment":"production","level":"info","message":"Email listeners registered for 10 event type(s)","service":"vtunova-api","timestamp":"2026-09-19 00:38:55"}
{"environment":"production","level":"info","message":"Notification listeners registered for 12 event type(s)","service":"vtunova-api","timestamp":"2026-09-19 00:38:55"}
{"environment":"production","level":"info","message":"VtuNova Platform running on port 3000 [production]","service":"vtunova-api","timestamp":"2026-09-19 00:38:55"}
{"environment":"production","level":"info","message":"API Docs: http://localhost:3000/api","service":"vtunova-api","timestamp":"2026-09-19 00:38:55"}
{"environment":"production","level":"info","message":"Email transport ready via smtp.gmail.com","service":"vtunova-api","timestamp":"2026-09-19 00:39:02"}
{"environment":"production","level":"info","message":"Redis client connected","service":"vtunova-api","timestamp":"2026-09-19 00:39:05"}
{"environment":"production","level":"info","message":"SMTP connection veried","service":"vtunova-api","timestamp":"2026-09-19 00:39:08"}
{"environment":"production","level":"info","message":"Email listeners registered for 10 event type(s)","service":"vtunova-api","timestamp":"2026-09-19 00:39:08"}
{"environment":"production","level":"info","message":"Notification listeners registered for 12 event type(s)","service":"vtunova-api","timestamp":"2026-09-19 00:39:08"}
{"environment":"production","level":"info","message":"VtuNova Platform running on port 3000 [production]","service":"vtunova-api","timestamp":"2026-09-19 00:39:08"}
{"environment":"production","level":"info","message":"API Docs: http://localhost:3000/api","service":"vtunova-api","timestamp":"2026-09-19 00:39:08"}
{"environment":"production","level":"info","message":"Email transport ready via smtp.gmail.com","service":"vtunova-api","timestamp":"2026-09-19 00:39:19"}
{"environment":"production","level":"info","message":"Redis client connected","service":"vtunova-api","timestamp":"2026-09-19 00:39:23"}
{"environment":"production","level":"info","message":"Email transport ready via smtp.gmail.com","service":"vtunova-api","timestamp":"2026-09-19 00:39:25"}
{"environment":"production","level":"info","message":"Redis client connected","service":"vtunova-api","timestamp":"2026-09-19 00:39:28"}
{"environment":"production","level":"info","message":"SMTP connection veried","service":"vtunova-api","timestamp":"2026-09-19 00:39:30"}
{"environment":"production","level":"info","message":"Email listeners registered for 10 event type(s)","service":"vtunova-api","timestamp":"2026-09-19 00:39:30"}
{"environment":"production","level":"info","message":"Notification listeners registered for 12 event type(s)","service":"vtunova-api","timestamp":"2026-09-19 00:39:30"}
{"environment":"production","level":"info","message":"VtuNova Platform running on port 3000 [production]","service":"vtunova-api","timestamp":"2026-09-19 00:39:30"}
{"environment":"production","level":"info","message":"API Docs: http://localhost:3000/api","service":"vtunova-api","timestamp":"2026-09-19 00:39:30"}
{"environment":"production","level":"info","message":"Email transport ready via smtp.gmail.com","service":"vtunova-api","timestamp":"2026-09-19 00:40:01"}
{"environment":"production","level":"info","message":"Redis client connected","service":"vtunova-api","timestamp":"2026-09-19 00:40:05"}
{"environment":"production","level":"info","message":"SMTP connection veried","service":"vtunova-api","timestamp":"2026-09-19 00:40:07"}
{"environment":"production","level":"info","message":"Email listeners registered for 10 event type(s)","service":"vtunova-api","timestamp":"2026-09-19 00:40:07"}
{"environment":"production","level":"info","message":"Notification listeners registered for 12 event type(s)","service":"vtunova-api","timestamp":"2026-09-19 00:40:07"}
{"environment":"production","level":"info","message":"VtuNova Platform running on port 3000 [production]","service":"vtunova-api","timestamp":"2026-09-19 00:40:07"}
{"environment":"production","level":"info","message":"API Docs: http://localhost:3000/api","service":"vtunova-api","timestamp":"2026-09-19 00:40:07"}
{"environment":"production","level":"info","message":"Email transport ready via smtp.gmail.com","service":"vtunova-api","timestamp":"2026-09-19 00:40:09"}
{"environment":"production","level":"info","message":"Redis client connected","service":"vtunova-api","timestamp":"2026-09-19 00:40:13"}
{"environment":"production","level":"info","message":"SMTP connection veried","service":"vtunova-api","timestamp":"2026-09-19 00:40:17"}
{"environment":"production","level":"info","message":"Email listeners registered for 10 event type(s)","service":"vtunova-api","timestamp":"2026-09-19 00:40:17"}
{"environment":"production","level":"info","message":"Notification listeners registered for 12 event type(s)","service":"vtunova-api","timestamp":"2026-09-19 00:40:17"}
{"environment":"production","level":"info","message":"VtuNova Platform running on port 3000 [production]","service":"vtunova-api","timestamp":"2026-09-19 00:40:17"}
{"environment":"production","level":"info","message":"API Docs: http://localhost:3000/api","service":"vtunova-api","timestamp":"2026-09-19 00:40:17"}
{"environment":"production","level":"info","message":"Email transport ready via smtp.gmail.com","service":"vtunova-api","timestamp":"2026-09-19 00:42:05"}
{"environment":"production","level":"info","message":"Redis client connected","service":"vtunova-api","timestamp":"2026-09-19 00:42:08"}
{"environment":"production","level":"info","message":"SMTP connection veried","service":"vtunova-api","timestamp":"2026-09-19 00:42:14"}
{"environment":"production","level":"info","message":"Email listeners registered for 10 event type(s)","service":"vtunova-api","timestamp":"2026-09-19 00:42:14"}
{"environment":"production","level":"info","message":"Notification listeners registered for 12 event type(s)","service":"vtunova-api","timestamp":"2026-09-19 00:42:14"}
{"environment":"production","level":"info","message":"VtuNova Platform running on port 3000 [production]","service":"vtunova-api","timestamp":"2026-09-19 00:42:14"}
{"environment":"production","level":"info","message":"API Docs: http://localhost:3000/api","service":"vtunova-api","timestamp":"2026-09-19 00:42:14"}
{"environment":"production","level":"info","message":"Email transport ready via smtp.gmail.com","service":"vtunova-api","timestamp":"2026-09-19 00:42:39"}
{"environment":"production","level":"info","message":"Redis client connected","service":"vtunova-api","timestamp":"2026-09-19 00:42:42"}
{"environment":"production","level":"info","message":"SMTP connection veried","service":"vtunova-api","timestamp":"2026-09-19 00:42:44"}
{"environment":"production","level":"info","message":"Email listeners registered for 10 event type(s)","service":"vtunova-api","timestamp":"2026-09-19 00:42:44"}
{"environment":"production","level":"info","message":"Notification listeners registered for 12 event type(s)","service":"vtunova-api","timestamp":"2026-09-19 00:42:44"}
{"environment":"production","level":"info","message":"VtuNova Platform running on port 3000 [production]","service":"vtunova-api","timestamp":"2026-09-19 00:42:44"}
{"environment":"production","level":"info","message":"API Docs: http://localhost:3000/api","service":"vtunova-api","timestamp":"2026-09-19 00:42:44"}
{"environment":"production","level":"info","message":"Email transport ready via smtp.gmail.com","service":"vtunova-api","timestamp":"2026-09-19 00:43:11"}
{"environment":"production","level":"info","message":"Redis client connected","service":"vtunova-api","timestamp":"2026-09-19 00:43:15"}
{"environment":"production","level":"info","message":"Email transport ready via smtp.gmail.com","service":"vtunova-api","timestamp":"2026-09-19 00:43:18"}
{"environment":"production","level":"info","message":"Redis client connected","service":"vtunova-api","timestamp":"2026-09-19 00:43:21"}
{"environment":"production","level":"info","message":"Email transport ready via smtp.gmail.com","service":"vtunova-api","timestamp":"2026-09-19 00:43:32"}
{"environment":"production","level":"info","message":"Redis client connected","service":"vtunova-api","timestamp":"2026-09-19 00:43:36"}
{"environment":"production","level":"info","message":"SMTP connection veried","service":"vtunova-api","timestamp":"2026-09-19 00:43:38"}
{"environment":"production","level":"info","message":"Email listeners registered for 10 event type(s)","service":"vtunova-api","timestamp":"2026-09-19 00:43:38"}
{"environment":"production","level":"info","message":"Notification listeners registered for 12 event type(s)","service":"vtunova-api","timestamp":"2026-09-19 00:43:38"}
{"environment":"production","level":"info","message":"VtuNova Platform running on port 3000 [production]","service":"vtunova-api","timestamp":"2026-09-19 00:43:38"}
{"environment":"production","level":"info","message":"API Docs: http://localhost:3000/api","service":"vtunova-api","timestamp":"2026-09-19 00:43:38"}
{"environment":"production","level":"info","message":"Email transport ready via smtp.gmail.com","service":"vtunova-api","timestamp":"2026-09-19 00:52:58"}
{"environment":"production","level":"info","message":"Redis client connected","service":"vtunova-api","timestamp":"2026-09-19 00:53:02"}
{"environment":"production","level":"info","message":"SMTP connection veried","service":"vtunova-api","timestamp":"2026-09-19 00:53:13"}
{"environment":"production","level":"info","message":"Email listeners registered for 10 event type(s)","service":"vtunova-api","timestamp":"2026-09-19 00:53:13"}
{"environment":"production","level":"info","message":"Notification listeners registered for 12 event type(s)","service":"vtunova-api","timestamp":"2026-09-19 00:53:13"}
{"environment":"production","level":"info","message":"VtuNova Platform running on port 3000 [production]","service":"vtunova-api","timestamp":"2026-09-19 00:53:13"}
{"environment":"production","level":"info","message":"API Docs: http://localhost:3000/api","service":"vtunova-api","timestamp":"2026-09-19 00:53:13"}
{"environment":"production","level":"info","message":"Email transport ready via smtp.gmail.com","service":"vtunova-api","timestamp":"2026-09-19 00:55:29"}
{"environment":"production","level":"info","message":"Redis client connected","service":"vtunova-api","timestamp":"2026-09-19 00:55:31"}
{"environment":"production","level":"info","message":"SMTP connection veried","service":"vtunova-api","timestamp":"2026-09-19 00:55:37"}
{"environment":"production","level":"info","message":"Email listeners registered for 10 event type(s)","service":"vtunova-api","timestamp":"2026-09-19 00:55:37"}
{"environment":"production","level":"info","message":"Notification listeners registered for 12 event type(s)","service":"vtunova-api","timestamp":"2026-09-19 00:55:37"}
{"environment":"production","level":"info","message":"VtuNova Platform running on port 3000 [production]","service":"vtunova-api","timestamp":"2026-09-19 00:55:37"}
{"environment":"production","level":"info","message":"API Docs: http://localhost:3000/api","service":"vtunova-api","timestamp":"2026-09-19 00:55:37"}
{"environment":"production","level":"info","message":"Email transport ready via smtp.gmail.com","service":"vtunova-api","timestamp":"2026-09-19 00:55:43"}
{"environment":"production","level":"info","message":"Redis client connected","service":"vtunova-api","timestamp":"2026-09-19 00:55:45"}
{"environment":"production","level":"info","message":"SMTP connection veried","service":"vtunova-api","timestamp":"2026-09-19 00:55:48"}
{"environment":"production","level":"info","message":"Email listeners registered for 10 event type(s)","service":"vtunova-api","timestamp":"2026-09-19 00:55:48"}
{"environment":"production","level":"info","message":"Notification listeners registered for 12 event type(s)","service":"vtunova-api","timestamp":"2026-09-19 00:55:48"}
{"environment":"production","level":"info","message":"VtuNova Platform running on port 3000 [production]","service":"vtunova-api","timestamp":"2026-09-19 00:55:48"}
{"environment":"production","level":"info","message":"API Docs: http://localhost:3000/api","service":"vtunova-api","timestamp":"2026-09-19 00:55:48"}
{"environment":"production","level":"info","message":"Email transport ready via smtp.gmail.com","service":"vtunova-api","timestamp":"2026-09-19 00:55:54"}
{"environment":"production","level":"info","message":"Email transport ready via smtp.gmail.com","service":"vtunova-api","timestamp":"2026-09-19 00:56:07"}
{"environment":"production","level":"info","message":"Redis client connected","service":"vtunova-api","timestamp":"2026-09-19 00:56:11"}
{"environment":"production","level":"info","message":"SMTP connection veried","service":"vtunova-api","timestamp":"2026-09-19 00:56:13"}
{"environment":"production","level":"info","message":"Email listeners registered for 10 event type(s)","service":"vtunova-api","timestamp":"2026-09-19 00:56:13"}
{"environment":"production","level":"info","message":"Notification listeners registered for 12 event type(s)","service":"vtunova-api","timestamp":"2026-09-19 00:56:13"}
{"environment":"production","level":"info","message":"VtuNova Platform running on port 3000 [production]","service":"vtunova-api","timestamp":"2026-09-19 00:56:13"}
{"environment":"production","level":"info","message":"API Docs: http://localhost:3000/api","service":"vtunova-api","timestamp":"2026-09-19 00:56:13"}
{"environment":"production","level":"info","message":"Email transport ready via smtp.gmail.com","service":"vtunova-api","timestamp":"2026-09-19 00:56:24"}
{"environment":"production","level":"info","message":"Redis client connected","service":"vtunova-api","timestamp":"2026-09-19 00:56:28"}
{"environment":"production","level":"info","message":"SMTP connection veried","service":"vtunova-api","timestamp":"2026-09-19 00:56:30"}
{"environment":"production","level":"info","message":"Email listeners registered for 10 event type(s)","service":"vtunova-api","timestamp":"2026-09-19 00:56:30"}
{"environment":"production","level":"info","message":"Notification listeners registered for 12 event type(s)","service":"vtunova-api","timestamp":"2026-09-19 00:56:30"}
{"environment":"production","level":"info","message":"VtuNova Platform running on port 3000 [production]","service":"vtunova-api","timestamp":"2026-09-19 00:56:30"}
{"environment":"production","level":"info","message":"API Docs: http://localhost:3000/api","service":"vtunova-api","timestamp":"2026-09-19 00:56:30"}
{"environment":"production","level":"info","message":"Email transport ready via smtp.gmail.com","service":"vtunova-api","timestamp":"2026-09-19 00:56:45"}
{"environment":"production","level":"info","message":"Redis client connected","service":"vtunova-api","timestamp":"2026-09-19 00:56:48"}
{"environment":"production","level":"info","message":"SMTP connection veried","service":"vtunova-api","timestamp":"2026-09-19 00:56:53"}
{"environment":"production","level":"info","message":"Email listeners registered for 10 event type(s)","service":"vtunova-api","timestamp":"2026-09-19 00:56:53"}
{"environment":"production","level":"info","message":"Notification listeners registered for 12 event type(s)","service":"vtunova-api","timestamp":"2026-09-19 00:56:53"}
{"environment":"production","level":"info","message":"VtuNova Platform running on port 3000 [production]","service":"vtunova-api","timestamp":"2026-09-19 00:56:53"}
{"environment":"production","level":"info","message":"API Docs: http://localhost:3000/api","service":"vtunova-api","timestamp":"2026-09-19 00:56:53"}
{"environment":"production","level":"info","message":"Email transport ready via smtp.gmail.com","service":"vtunova-api","timestamp":"2026-09-19 00:58:19"}
{"environment":"production","level":"info","message":"Redis client connected","service":"vtunova-api","timestamp":"2026-09-19 00:58:22"}
{"environment":"production","level":"info","message":"Email transport ready via smtp.gmail.com","service":"vtunova-api","timestamp":"2026-09-19 00:58:32"}
{"environment":"production","level":"info","message":"Redis client connected","service":"vtunova-api","timestamp":"2026-09-19 00:58:36"}
{"environment":"production","level":"info","message":"Email transport ready via smtp.gmail.com","service":"vtunova-api","timestamp":"2026-09-19 00:58:45"}
{"environment":"production","level":"info","message":"Redis client connected","service":"vtunova-api","timestamp":"2026-09-19 00:58:49"}
{"environment":"production","level":"info","message":"SMTP connection veried","service":"vtunova-api","timestamp":"2026-09-19 00:58:51"}
{"environment":"production","level":"info","message":"Email listeners registered for 10 event type(s)","service":"vtunova-api","timestamp":"2026-09-19 00:58:51"}
{"environment":"production","level":"info","message":"Notification listeners registered for 12 event type(s)","service":"vtunova-api","timestamp":"2026-09-19 00:58:51"}
{"environment":"production","level":"info","message":"VtuNova Platform running on port 3000 [production]","service":"vtunova-api","timestamp":"2026-09-19 00:58:51"}
{"environment":"production","level":"info","message":"API Docs: http://localhost:3000/api","service":"vtunova-api","timestamp":"2026-09-19 00:58:51"}
{"environment":"production","level":"info","message":"Email transport ready via smtp.gmail.com","service":"vtunova-api","timestamp":"2026-09-19 00:59:08"}
{"environment":"production","level":"info","message":"Redis client connected","service":"vtunova-api","timestamp":"2026-09-19 00:59:11"}
{"environment":"production","level":"info","message":"SMTP connection veried","service":"vtunova-api","timestamp":"2026-09-19 00:59:13"}
{"environment":"production","level":"info","message":"Email listeners registered for 10 event type(s)","service":"vtunova-api","timestamp":"2026-09-19 00:59:13"}
{"environment":"production","level":"info","message":"Notification listeners registered for 12 event type(s)","service":"vtunova-api","timestamp":"2026-09-19 00:59:13"}
{"environment":"production","level":"info","message":"VtuNova Platform running on port 3000 [production]","service":"vtunova-api","timestamp":"2026-09-19 00:59:13"}
{"environment":"production","level":"info","message":"API Docs: http://localhost:3000/api","service":"vtunova-api","timestamp":"2026-09-19 00:59:13"}
{"environment":"production","level":"info","message":"Email transport ready via smtp.gmail.com","service":"vtunova-api","timestamp":"2026-09-19 00:59:58"}
{"environment":"production","level":"info","message":"Redis client connected","service":"vtunova-api","timestamp":"2026-09-19 01:00:01"}
{"environment":"production","level":"info","message":"SMTP connection veried","service":"vtunova-api","timestamp":"2026-09-19 01:00:06"}
{"environment":"production","level":"info","message":"Email listeners registered for 10 event type(s)","service":"vtunova-api","timestamp":"2026-09-19 01:00:06"}
{"environment":"production","level":"info","message":"Notification listeners registered for 12 event type(s)","service":"vtunova-api","timestamp":"2026-09-19 01:00:06"}
{"environment":"production","level":"info","message":"VtuNova Platform running on port 3000 [production]","service":"vtunova-api","timestamp":"2026-09-19 01:00:06"}
{"environment":"production","level":"info","message":"API Docs: http://localhost:3000/api","service":"vtunova-api","timestamp":"2026-09-19 01:00:06"}
{"environment":"production","level":"info","message":"Email transport ready via smtp.gmail.com","service":"vtunova-api","timestamp":"2026-09-19 01:01:31"}
{"environment":"production","level":"info","message":"Redis client connected","service":"vtunova-api","timestamp":"2026-09-19 01:01:34"}
{"environment":"production","level":"info","message":"SMTP connection veried","service":"vtunova-api","timestamp":"2026-09-19 01:01:39"}
{"environment":"production","level":"info","message":"Email listeners registered for 10 event type(s)","service":"vtunova-api","timestamp":"2026-09-19 01:01:39"}
{"environment":"production","level":"info","message":"Notification listeners registered for 12 event type(s)","service":"vtunova-api","timestamp":"2026-09-19 01:01:39"}
{"environment":"production","level":"info","message":"VtuNova Platform running on port 3000 [production]","service":"vtunova-api","timestamp":"2026-09-19 01:01:39"}
{"environment":"production","level":"info","message":"API Docs: http://localhost:3000/api","service":"vtunova-api","timestamp":"2026-09-19 01:01:39"}
{"environment":"production","level":"info","message":"Email transport ready via smtp.gmail.com","service":"vtunova-api","timestamp":"2026-09-19 01:03:31"}
{"environment":"production","level":"info","message":"Redis client connected","service":"vtunova-api","timestamp":"2026-09-19 01:03:35"}
{"environment":"production","level":"info","message":"SMTP connection veried","service":"vtunova-api","timestamp":"2026-09-19 01:03:40"}
{"environment":"production","level":"info","message":"Email listeners registered for 10 event type(s)","service":"vtunova-api","timestamp":"2026-09-19 01:03:40"}
{"environment":"production","level":"info","message":"Notification listeners registered for 12 event type(s)","service":"vtunova-api","timestamp":"2026-09-19 01:03:40"}
{"environment":"production","level":"info","message":"VtuNova Platform running on port 3000 [production]","service":"vtunova-api","timestamp":"2026-09-19 01:03:40"}
{"environment":"production","level":"info","message":"API Docs: http://localhost:3000/api","service":"vtunova-api","timestamp":"2026-09-19 01:03:40"}
{"environment":"production","level":"info","message":"Email transport ready via smtp.gmail.com","service":"vtunova-api","timestamp":"2026-09-19 01:04:14"}
{"environment":"production","level":"info","message":"Email transport ready via smtp.gmail.com","service":"vtunova-api","timestamp":"2026-09-19 01:04:25"}
{"environment":"production","level":"info","message":"Redis client connected","service":"vtunova-api","timestamp":"2026-09-19 01:04:29"}
{"environment":"production","level":"info","message":"SMTP connection veried","service":"vtunova-api","timestamp":"2026-09-19 01:04:31"}
{"environment":"production","level":"info","message":"Email listeners registered for 10 event type(s)","service":"vtunova-api","timestamp":"2026-09-19 01:04:31"}
{"environment":"production","level":"info","message":"Notification listeners registered for 12 event type(s)","service":"vtunova-api","timestamp":"2026-09-19 01:04:31"}
{"environment":"production","level":"info","message":"VtuNova Platform running on port 3000 [production]","service":"vtunova-api","timestamp":"2026-09-19 01:04:31"}
{"environment":"production","level":"info","message":"API Docs: http://localhost:3000/api","service":"vtunova-api","timestamp":"2026-09-19 01:04:31"}
{"environment":"production","level":"info","message":"Email transport ready via smtp.gmail.com","service":"vtunova-api","timestamp":"2026-09-19 01:04:55"}
{"environment":"production","level":"info","message":"Email transport ready via smtp.gmail.com","service":"vtunova-api","timestamp":"2026-09-19 01:05:08"}
{"environment":"production","level":"info","message":"Redis client connected","service":"vtunova-api","timestamp":"2026-09-19 01:05:12"}
{"environment":"production","level":"info","message":"Email transport ready via smtp.gmail.com","service":"vtunova-api","timestamp":"2026-09-19 01:05:20"}
{"environment":"production","level":"info","message":"Redis client connected","service":"vtunova-api","timestamp":"2026-09-19 01:05:23"}
{"environment":"production","level":"info","message":"SMTP connection veried","service":"vtunova-api","timestamp":"2026-09-19 01:05:31"}
{"environment":"production","level":"info","message":"Email listeners registered for 10 event type(s)","service":"vtunova-api","timestamp":"2026-09-19 01:05:31"}
{"environment":"production","level":"info","message":"Notification listeners registered for 12 event type(s)","service":"vtunova-api","timestamp":"2026-09-19 01:05:31"}
{"environment":"production","level":"info","message":"VtuNova Platform running on port 3000 [production]","service":"vtunova-api","timestamp":"2026-09-19 01:05:31"}
{"environment":"production","level":"info","message":"API Docs: http://localhost:3000/api","service":"vtunova-api","timestamp":"2026-09-19 01:05:31"}
{"environment":"production","level":"info","message":"Email transport ready via smtp.gmail.com","service":"vtunova-api","timestamp":"2026-09-19 01:05:37"}
{"environment":"production","level":"info","message":"Email transport ready via smtp.gmail.com","service":"vtunova-api","timestamp":"2026-09-19 01:05:53"}
{"environment":"production","level":"info","message":"Email transport ready via smtp.gmail.com","service":"vtunova-api","timestamp":"2026-09-19 01:06:00"}
{"environment":"production","level":"info","message":"Email transport ready via smtp.gmail.com","service":"vtunova-api","timestamp":"2026-09-19 01:06:19"}
{"environment":"production","level":"info","message":"Redis client connected","service":"vtunova-api","timestamp":"2026-09-19 01:06:22"}
{"environment":"production","level":"info","message":"SMTP connection veried","service":"vtunova-api","timestamp":"2026-09-19 01:06:28"}
{"environment":"production","level":"info","message":"Email listeners registered for 10 event type(s)","service":"vtunova-api","timestamp":"2026-09-19 01:06:28"}
{"environment":"production","level":"info","message":"Notification listeners registered for 12 event type(s)","service":"vtunova-api","timestamp":"2026-09-19 01:06:28"}
{"environment":"production","level":"info","message":"VtuNova Platform running on port 3000 [production]","service":"vtunova-api","timestamp":"2026-09-19 01:06:28"}
{"environment":"production","level":"info","message":"API Docs: http://localhost:3000/api","service":"vtunova-api","timestamp":"2026-09-19 01:06:28"}
{"environment":"production","level":"info","message":"Email transport ready via smtp.gmail.com","service":"vtunova-api","timestamp":"2026-09-19 01:07:21"}
{"environment":"production","level":"info","message":"Redis client connected","service":"vtunova-api","timestamp":"2026-09-19 01:07:25"}
{"environment":"production","level":"info","message":"SMTP connection veried","service":"vtunova-api","timestamp":"2026-09-19 01:07:29"}
{"environment":"production","level":"info","message":"Email listeners registered for 10 event type(s)","service":"vtunova-api","timestamp":"2026-09-19 01:07:29"}
{"environment":"production","level":"info","message":"Notification listeners registered for 12 event type(s)","service":"vtunova-api","timestamp":"2026-09-19 01:07:29"}
{"environment":"production","level":"info","message":"VtuNova Platform running on port 3000 [production]","service":"vtunova-api","timestamp":"2026-09-19 01:07:30"}
{"environment":"production","level":"info","message":"API Docs: http://localhost:3000/api","service":"vtunova-api","timestamp":"2026-09-19 01:07:30"}
{"environment":"production","level":"info","message":"Email transport ready via smtp.gmail.com","service":"vtunova-api","timestamp":"2026-09-19 01:07:33"}
{"environment":"production","level":"info","message":"Redis client connected","service":"vtunova-api","timestamp":"2026-09-19 01:07:37"}
{"environment":"production","level":"info","message":"SMTP connection veried","service":"vtunova-api","timestamp":"2026-09-19 01:07:41"}
{"environment":"production","level":"info","message":"Email listeners registered for 10 event type(s)","service":"vtunova-api","timestamp":"2026-09-19 01:07:41"}
{"environment":"production","level":"info","message":"Notification listeners registered for 12 event type(s)","service":"vtunova-api","timestamp":"2026-09-19 01:07:41"}
{"environment":"production","level":"info","message":"VtuNova Platform running on port 3000 [production]","service":"vtunova-api","timestamp":"2026-09-19 01:07:41"}
{"environment":"production","level":"info","message":"API Docs: http://localhost:3000/api","service":"vtunova-api","timestamp":"2026-09-19 01:07:41"}
{"environment":"production","level":"info","message":"Email transport ready via smtp.gmail.com","service":"vtunova-api","timestamp":"2026-09-19 01:08:49"}
{"environment":"production","level":"info","message":"Redis client connected","service":"vtunova-api","timestamp":"2026-09-19 01:08:52"}
{"environment":"production","level":"info","message":"SMTP connection veried","service":"vtunova-api","timestamp":"2026-09-19 01:08:57"}
{"environment":"production","level":"info","message":"Email listeners registered for 10 event type(s)","service":"vtunova-api","timestamp":"2026-09-19 01:08:57"}
{"environment":"production","level":"info","message":"Notification listeners registered for 12 event type(s)","service":"vtunova-api","timestamp":"2026-09-19 01:08:57"}
{"environment":"production","level":"info","message":"VtuNova Platform running on port 3000 [production]","service":"vtunova-api","timestamp":"2026-09-19 01:08:57"}
{"environment":"production","level":"info","message":"API Docs: http://localhost:3000/api","service":"vtunova-api","timestamp":"2026-09-19 01:08:57"}
{"environment":"production","level":"info","message":"Email transport ready via smtp.gmail.com","service":"vtunova-api","timestamp":"2026-09-19 01:09:09"}
{"environment":"production","level":"info","message":"Redis client connected","service":"vtunova-api","timestamp":"2026-09-19 01:09:13"}
{"environment":"production","level":"info","message":"SMTP connection veried","service":"vtunova-api","timestamp":"2026-09-19 01:09:17"}
{"environment":"production","level":"info","message":"Email listeners registered for 10 event type(s)","service":"vtunova-api","timestamp":"2026-09-19 01:09:17"}
{"environment":"production","level":"info","message":"Notification listeners registered for 12 event type(s)","service":"vtunova-api","timestamp":"2026-09-19 01:09:17"}
{"environment":"production","level":"info","message":"VtuNova Platform running on port 3000 [production]","service":"vtunova-api","timestamp":"2026-09-19 01:09:18"}
{"environment":"production","level":"info","message":"API Docs: http://localhost:3000/api","service":"vtunova-api","timestamp":"2026-09-19 01:09:18"}
{"environment":"production","level":"info","message":"Email transport ready via smtp.gmail.com","service":"vtunova-api","timestamp":"2026-09-19 01:10:35"}
{"environment":"production","level":"info","message":"Redis client connected","service":"vtunova-api","timestamp":"2026-09-19 01:10:39"}
{"environment":"production","level":"info","message":"Email transport ready via smtp.gmail.com","service":"vtunova-api","timestamp":"2026-09-19 01:10:53"}
{"environment":"production","level":"info","message":"Redis client connected","service":"vtunova-api","timestamp":"2026-09-19 01:10:56"}
{"environment":"production","level":"info","message":"SMTP connection veried","service":"vtunova-api","timestamp":"2026-09-19 01:11:00"}
{"environment":"production","level":"info","message":"Email listeners registered for 10 event type(s)","service":"vtunova-api","timestamp":"2026-09-19 01:11:00"}
{"environment":"production","level":"info","message":"Notification listeners registered for 12 event type(s)","service":"vtunova-api","timestamp":"2026-09-19 01:11:00"}
{"environment":"production","level":"info","message":"VtuNova Platform running on port 3000 [production]","service":"vtunova-api","timestamp":"2026-09-19 01:11:00"}
{"environment":"production","level":"info","message":"API Docs: http://localhost:3000/api","service":"vtunova-api","timestamp":"2026-09-19 01:11:00"}
{"environment":"production","level":"info","message":"Email transport ready via smtp.gmail.com","service":"vtunova-api","timestamp":"2026-09-19 01:13:34"}
{"environment":"production","level":"info","message":"Redis client connected","service":"vtunova-api","timestamp":"2026-09-19 01:13:39"}
{"environment":"production","level":"info","message":"Email transport ready via smtp.gmail.com","service":"vtunova-api","timestamp":"2026-09-19 01:13:48"}
{"environment":"production","level":"info","message":"Redis client connected","service":"vtunova-api","timestamp":"2026-09-19 01:13:51"}
{"environment":"production","level":"info","message":"SMTP connection veried","service":"vtunova-api","timestamp":"2026-09-19 01:13:53"}
{"environment":"production","level":"info","message":"Email listeners registered for 10 event type(s)","service":"vtunova-api","timestamp":"2026-09-19 01:13:53"}
{"environment":"production","level":"info","message":"Notification listeners registered for 12 event type(s)","service":"vtunova-api","timestamp":"2026-09-19 01:13:53"}
{"environment":"production","level":"info","message":"VtuNova Platform running on port 3000 [production]","service":"vtunova-api","timestamp":"2026-09-19 01:13:53"}
{"environment":"production","level":"info","message":"API Docs: http://localhost:3000/api","service":"vtunova-api","timestamp":"2026-09-19 01:13:53"}
{"environment":"production","level":"info","message":"Email transport ready via smtp.gmail.com","service":"vtunova-api","timestamp":"2026-09-19 01:14:14"}
{"environment":"production","level":"info","message":"Redis client connected","service":"vtunova-api","timestamp":"2026-09-19 01:14:17"}
{"environment":"production","level":"info","message":"SMTP connection veried","service":"vtunova-api","timestamp":"2026-09-19 01:14:19"}
{"environment":"production","level":"info","message":"Email listeners registered for 10 event type(s)","service":"vtunova-api","timestamp":"2026-09-19 01:14:19"}
{"environment":"production","level":"info","message":"Notification listeners registered for 12 event type(s)","service":"vtunova-api","timestamp":"2026-09-19 01:14:19"}
{"environment":"production","level":"info","message":"VtuNova Platform running on port 3000 [production]","service":"vtunova-api","timestamp":"2026-09-19 01:14:19"}
{"environment":"production","level":"info","message":"API Docs: http://localhost:3000/api","service":"vtunova-api","timestamp":"2026-09-19 01:14:19"}
{"environment":"production","level":"info","message":"Email transport ready via smtp.gmail.com","service":"vtunova-api","timestamp":"2026-09-19 01:14:40"}
{"environment":"production","level":"info","message":"Redis client connected","service":"vtunova-api","timestamp":"2026-09-19 01:14:43"}
{"environment":"production","level":"info","message":"SMTP connection veried","service":"vtunova-api","timestamp":"2026-09-19 01:14:48"}
{"environment":"production","level":"info","message":"Email listeners registered for 10 event type(s)","service":"vtunova-api","timestamp":"2026-09-19 01:14:48"}
{"environment":"production","level":"info","message":"Notification listeners registered for 12 event type(s)","service":"vtunova-api","timestamp":"2026-09-19 01:14:48"}
{"environment":"production","level":"info","message":"VtuNova Platform running on port 3000 [production]","service":"vtunova-api","timestamp":"2026-09-19 01:14:48"}
{"environment":"production","level":"info","message":"API Docs: http://localhost:3000/api","service":"vtunova-api","timestamp":"2026-09-19 01:14:48"}
{"environment":"production","level":"info","message":"Email transport ready via smtp.gmail.com","service":"vtunova-api","timestamp":"2026-09-19 01:14:58"}
{"environment":"production","level":"info","message":"Redis client connected","service":"vtunova-api","timestamp":"2026-09-19 01:15:01"}
{"environment":"production","level":"info","message":"SMTP connection veried","service":"vtunova-api","timestamp":"2026-09-19 01:15:05"}
{"environment":"production","level":"info","message":"Email listeners registered for 10 event type(s)","service":"vtunova-api","timestamp":"2026-09-19 01:15:05"}
{"environment":"production","level":"info","message":"Notification listeners registered for 12 event type(s)","service":"vtunova-api","timestamp":"2026-09-19 01:15:05"}
{"environment":"production","level":"info","message":"VtuNova Platform running on port 3000 [production]","service":"vtunova-api","timestamp":"2026-09-19 01:15:05"}
{"environment":"production","level":"info","message":"API Docs: http://localhost:3000/api","service":"vtunova-api","timestamp":"2026-09-19 01:15:05"}
{"environment":"production","level":"info","message":"Email transport ready via smtp.gmail.com","service":"vtunova-api","timestamp":"2026-09-19 01:15:10"}
{"environment":"production","level":"info","message":"Redis client connected","service":"vtunova-api","timestamp":"2026-09-19 01:15:14"}
{"environment":"production","level":"info","message":"SMTP connection veried","service":"vtunova-api","timestamp":"2026-09-19 01:15:16"}
{"environment":"production","level":"info","message":"Email listeners registered for 10 event type(s)","service":"vtunova-api","timestamp":"2026-09-19 01:15:16"}
{"environment":"production","level":"info","message":"Notification listeners registered for 12 event type(s)","service":"vtunova-api","timestamp":"2026-09-19 01:15:16"}
{"environment":"production","level":"info","message":"VtuNova Platform running on port 3000 [production]","service":"vtunova-api","timestamp":"2026-09-19 01:15:16"}
{"environment":"production","level":"info","message":"API Docs: http://localhost:3000/api","service":"vtunova-api","timestamp":"2026-09-19 01:15:16"}
{"environment":"production","level":"info","message":"Email transport ready via smtp.gmail.com","service":"vtunova-api","timestamp":"2026-09-19 01:15:39"}
{"environment":"production","level":"info","message":"Redis client connected","service":"vtunova-api","timestamp":"2026-09-19 01:15:43"}
{"environment":"production","level":"info","message":"SMTP connection veried","service":"vtunova-api","timestamp":"2026-09-19 01:15:45"}
{"environment":"production","level":"info","message":"Email listeners registered for 10 event type(s)","service":"vtunova-api","timestamp":"2026-09-19 01:15:45"}
{"environment":"production","level":"info","message":"Notification listeners registered for 12 event type(s)","service":"vtunova-api","timestamp":"2026-09-19 01:15:45"}
{"environment":"production","level":"info","message":"VtuNova Platform running on port 3000 [production]","service":"vtunova-api","timestamp":"2026-09-19 01:15:45"}
{"environment":"production","level":"info","message":"API Docs: http://localhost:3000/api","service":"vtunova-api","timestamp":"2026-09-19 01:15:45"}
{"environment":"production","level":"info","message":"Email transport ready via smtp.gmail.com","service":"vtunova-api","timestamp":"2026-09-19 01:16:11"}
{"environment":"production","level":"info","message":"Redis client connected","service":"vtunova-api","timestamp":"2026-09-19 01:16:15"}
{"environment":"production","level":"info","message":"SMTP connection veried","service":"vtunova-api","timestamp":"2026-09-19 01:16:20"}
{"environment":"production","level":"info","message":"Email listeners registered for 10 event type(s)","service":"vtunova-api","timestamp":"2026-09-19 01:16:20"}
{"environment":"production","level":"info","message":"Notification listeners registered for 12 event type(s)","service":"vtunova-api","timestamp":"2026-09-19 01:16:20"}
{"environment":"production","level":"info","message":"VtuNova Platform running on port 3000 [production]","service":"vtunova-api","timestamp":"2026-09-19 01:16:20"}
{"environment":"production","level":"info","message":"API Docs: http://localhost:3000/api","service":"vtunova-api","timestamp":"2026-09-19 01:16:20"}
{"environment":"production","level":"info","message":"Email transport ready via smtp.gmail.com","service":"vtunova-api","timestamp":"2026-09-19 01:16:30"}
{"environment":"production","level":"info","message":"Redis client connected","service":"vtunova-api","timestamp":"2026-09-19 01:16:34"}
{"environment":"production","level":"info","message":"SMTP connection veried","service":"vtunova-api","timestamp":"2026-09-19 01:16:36"}
{"environment":"production","level":"info","message":"Email listeners registered for 10 event type(s)","service":"vtunova-api","timestamp":"2026-09-19 01:16:36"}
{"environment":"production","level":"info","message":"Notification listeners registered for 12 event type(s)","service":"vtunova-api","timestamp":"2026-09-19 01:16:36"}
{"environment":"production","level":"info","message":"VtuNova Platform running on port 3000 [production]","service":"vtunova-api","timestamp":"2026-09-19 01:16:36"}
{"environment":"production","level":"info","message":"API Docs: http://localhost:3000/api","service":"vtunova-api","timestamp":"2026-09-19 01:16:36"}
{"environment":"production","level":"info","message":"Email transport ready via smtp.gmail.com","service":"vtunova-api","timestamp":"2026-09-19 01:16:59"}
{"environment":"production","level":"info","message":"Redis client connected","service":"vtunova-api","timestamp":"2026-09-19 01:17:02"}
{"environment":"production","level":"info","message":"SMTP connection veried","service":"vtunova-api","timestamp":"2026-09-19 01:17:04"}
{"environment":"production","level":"info","message":"Email listeners registered for 10 event type(s)","service":"vtunova-api","timestamp":"2026-09-19 01:17:04"}
{"environment":"production","level":"info","message":"Notification listeners registered for 12 event type(s)","service":"vtunova-api","timestamp":"2026-09-19 01:17:04"}
{"environment":"production","level":"info","message":"VtuNova Platform running on port 3000 [production]","service":"vtunova-api","timestamp":"2026-09-19 01:17:04"}
{"environment":"production","level":"info","message":"API Docs: http://localhost:3000/api","service":"vtunova-api","timestamp":"2026-09-19 01:17:05"}
{"environment":"production","level":"info","message":"Email transport ready via smtp.gmail.com","service":"vtunova-api","timestamp":"2026-09-19 01:17:21"}
{"environment":"production","level":"info","message":"Redis client connected","service":"vtunova-api","timestamp":"2026-09-19 01:17:24"}
{"environment":"production","level":"info","message":"SMTP connection veried","service":"vtunova-api","timestamp":"2026-09-19 01:17:28"}
{"environment":"production","level":"info","message":"Email listeners registered for 10 event type(s)","service":"vtunova-api","timestamp":"2026-09-19 01:17:28"}
{"environment":"production","level":"info","message":"Notification listeners registered for 12 event type(s)","service":"vtunova-api","timestamp":"2026-09-19 01:17:28"}
{"environment":"production","level":"info","message":"VtuNova Platform running on port 3000 [production]","service":"vtunova-api","timestamp":"2026-09-19 01:17:28"}
{"environment":"production","level":"info","message":"API Docs: http://localhost:3000/api","service":"vtunova-api","timestamp":"2026-09-19 01:17:28"}
{"environment":"production","level":"info","message":"Cache miss for key: user:6a632a6da43bde62908710a6:transactions","service":"vtunova-api","timestamp":"2026-09-19 01:18:20"}
{"environment":"production","level":"info","message":"Cache set for key: user:6a632a6da43bde62908710a6:transactions","service":"vtunova-api","timestamp":"2026-09-19 01:18:20"}
{"environment":"production","level":"info","message":"Cache set for user 6a632a6da43bde62908710a6","service":"vtunova-api","timestamp":"2026-09-19 01:18:20"}
{"environment":"production","level":"info","message":"Clearing cache for user 6a632a6da43bde62908710a6: deleted 1 key(s)","service":"vtunova-api","timestamp":"2026-09-19 01:18:26"}
{"environment":"production","level":"info","message":"Cache cleared for user 6a632a6da43bde62908710a6","service":"vtunova-api","timestamp":"2026-09-19 01:18:26"}
{"environment":"production","level":"info","message":"User login notification queued successfully","service":"vtunova-api","timestamp":"2026-09-19 01:18:29"}
{"environment":"production","level":"info","message":"[notif-worker] Processing job: loginAlert (id=198)","service":"vtunova-api","timestamp":"2026-09-19 01:18:30"}
{"environment":"production","level":"info","message":"[notif-worker] Job data: {\"userId\":\"6a632a6da43bde62908710a6\",\"type\":\"loginAlert\"}","service":"vtunova-api","timestamp":"2026-09-19 01:18:30"}
{"environment":"production","level":"info","message":"[notif-worker] Processing login alert for user 6a632a6da43bde62908710a6","service":"vtunova-api","timestamp":"2026-09-19 01:18:30"}
{"environment":"production","level":"info","message":"[email-worker] Processing job: loginAlert (id=192)","service":"vtunova-api","timestamp":"2026-09-19 01:18:30"}
{"environment":"production","level":"info","message":"Notification created:","service":"vtunova-api","timestamp":"2026-09-19 01:18:30"}
{"environment":"production","level":"error","message":"Failed to invalidate cache for key: user:6a632a6da43bde62908710a6:notifications","service":"vtunova-api","timestamp":"2026-09-19 01:18:30"}
{"environment":"production","level":"error","message":"Failed to invalidate cache for key: user:6a632a6da43bde62908710a6:notification","service":"vtunova-api","timestamp":"2026-09-19 01:18:30"}
{"environment":"production","level":"info","message":"[notif-worker] Job 198 completed successfully","service":"vtunova-api","timestamp":"2026-09-19 01:18:31"}
{"environment":"production","level":"info","message":"[email-worker] Job 192 completed","service":"vtunova-api","timestamp":"2026-09-19 01:18:32"}
{"environment":"production","level":"info","message":"Cache miss for key: user:6a632a6da43bde62908710a6:transactions","service":"vtunova-api","timestamp":"2026-09-19 01:18:40"}
{"environment":"production","level":"info","message":"Cache miss for key: user:6a632a6da43bde62908710a6:transactions","service":"vtunova-api","timestamp":"2026-09-19 01:18:40"}
{"environment":"production","level":"info","message":"Cache miss for key: user:6a632a6da43bde62908710a6:transactions","service":"vtunova-api","timestamp":"2026-09-19 01:18:40"}
{"environment":"production","level":"info","message":"Cache set for key: user:6a632a6da43bde62908710a6:transactions","service":"vtunova-api","timestamp":"2026-09-19 01:18:40"}
{"environment":"production","level":"info","message":"Cache set for key: user:6a632a6da43bde62908710a6:transactions","service":"vtunova-api","timestamp":"2026-09-19 01:18:40"}
{"environment":"production","level":"info","message":"Cache set for key: user:6a632a6da43bde62908710a6:transactions","service":"vtunova-api","timestamp":"2026-09-19 01:18:40"}
{"environment":"production","level":"info","message":"Cache set for user 6a632a6da43bde62908710a6","service":"vtunova-api","timestamp":"2026-09-19 01:18:40"}
{"environment":"production","level":"info","message":"Cache set for user 6a632a6da43bde62908710a6","service":"vtunova-api","timestamp":"2026-09-19 01:18:40"}
{"environment":"production","level":"info","message":"Cache set for user 6a632a6da43bde62908710a6","service":"vtunova-api","timestamp":"2026-09-19 01:18:40"}
{"environment":"production","level":"info","message":"User login notification queued successfully","service":"vtunova-api","timestamp":"2026-09-19 01:21:29"}
{"environment":"production","level":"info","message":"[notif-worker] Processing job: loginAlert (id=199)","service":"vtunova-api","timestamp":"2026-09-19 01:21:29"}
{"environment":"production","level":"info","message":"[notif-worker] Job data: {\"userId\":\"6a58a50209c6cbe98e9f9e40\",\"type\":\"loginAlert\"}","service":"vtunova-api","timestamp":"2026-09-19 01:21:29"}
{"environment":"production","level":"info","message":"[notif-worker] Processing login alert for user 6a58a50209c6cbe98e9f9e40","service":"vtunova-api","timestamp":"2026-09-19 01:21:29"}
{"environment":"production","level":"info","message":"[email-worker] Processing job: loginAlert (id=193)","service":"vtunova-api","timestamp":"2026-09-19 01:21:29"}
{"environment":"production","level":"info","message":"Notification created:","service":"vtunova-api","timestamp":"2026-09-19 01:21:29"}
{"environment":"production","level":"error","message":"Failed to invalidate cache for key: user:6a58a50209c6cbe98e9f9e40:notifications","service":"vtunova-api","timestamp":"2026-09-19 01:21:30"}
{"environment":"production","level":"error","message":"Failed to invalidate cache for key: user:6a58a50209c6cbe98e9f9e40:notification","service":"vtunova-api","timestamp":"2026-09-19 01:21:30"}
{"environment":"production","level":"info","message":"[notif-worker] Job 199 completed successfully","service":"vtunova-api","timestamp":"2026-09-19 01:21:30"}
{"environment":"production","level":"info","message":"[email-worker] Job 193 completed","service":"vtunova-api","timestamp":"2026-09-19 01:21:31"}
{"environment":"production","level":"info","message":"Cache miss for key: user:6a58a50209c6cbe98e9f9e40:transactions","service":"vtunova-api","timestamp":"2026-09-19 01:21:47"}
{"environment":"production","level":"info","message":"Cache set for key: user:6a58a50209c6cbe98e9f9e40:transactions","service":"vtunova-api","timestamp":"2026-09-19 01:21:48"}
{"environment":"production","level":"info","message":"Cache set for user 6a58a50209c6cbe98e9f9e40","service":"vtunova-api","timestamp":"2026-09-19 01:21:48"}
{"environment":"production","level":"info","message":"Cache hit for key: user:6a58a50209c6cbe98e9f9e40:transactions","service":"vtunova-api","timestamp":"2026-09-19 01:25:59"}
{"environment":"production","level":"info","message":"Email transport ready via smtp.gmail.com","service":"vtunova-api","timestamp":"2026-09-19 01:27:14"}
{"environment":"production","level":"info","message":"Redis client connected","service":"vtunova-api","timestamp":"2026-09-19 01:27:18"}
{"environment":"production","level":"info","message":"SMTP connection veried","service":"vtunova-api","timestamp":"2026-09-19 01:27:29"}
{"environment":"production","level":"info","message":"Email listeners registered for 10 event type(s)","service":"vtunova-api","timestamp":"2026-09-19 01:27:29"}
{"environment":"production","level":"info","message":"Notification listeners registered for 12 event type(s)","service":"vtunova-api","timestamp":"2026-09-19 01:27:29"}
{"environment":"production","level":"info","message":"VtuNova Platform running on port 3000 [production]","service":"vtunova-api","timestamp":"2026-09-19 01:27:29"}
{"environment":"production","level":"info","message":"API Docs: http://localhost:3000/api","service":"vtunova-api","timestamp":"2026-09-19 01:27:29"}
{"environment":"production","level":"info","message":"Cache hit for key: user:6a58a50209c6cbe98e9f9e40:transactions","service":"vtunova-api","timestamp":"2026-09-19 01:28:53"}
{"environment":"production","level":"info","message":"Email transport ready via smtp.gmail.com","service":"vtunova-api","timestamp":"2026-09-19 01:29:42"}
{"environment":"production","level":"info","message":"Redis client connected","service":"vtunova-api","timestamp":"2026-09-19 01:29:46"}
{"environment":"production","level":"info","message":"SMTP connection veried","service":"vtunova-api","timestamp":"2026-09-19 01:29:56"}
{"environment":"production","level":"info","message":"Email listeners registered for 10 event type(s)","service":"vtunova-api","timestamp":"2026-09-19 01:29:56"}
{"environment":"production","level":"info","message":"Notification listeners registered for 12 event type(s)","service":"vtunova-api","timestamp":"2026-09-19 01:29:56"}
{"environment":"production","level":"info","message":"VtuNova Platform running on port 3000 [production]","service":"vtunova-api","timestamp":"2026-09-19 01:29:57"}
{"environment":"production","level":"info","message":"API Docs: http://localhost:3000/api","service":"vtunova-api","timestamp":"2026-09-19 01:29:57"}
{"environment":"production","level":"info","message":"Cache hit for key: user:6a58a50209c6cbe98e9f9e40:transactions","service":"vtunova-api","timestamp":"2026-09-19 01:30:00"}
{"environment":"production","level":"info","message":"SIGINT received. Shutting down gracefully...","service":"vtunova-api","timestamp":"2026-09-19 01:32:48"}
{"environment":"production","level":"info","message":"Email transport ready via smtp.gmail.com","service":"vtunova-api","timestamp":"2026-09-19 01:32:59"}
{"environment":"production","level":"info","message":"Redis client connected","service":"vtunova-api","timestamp":"2026-09-19 01:33:03"}
{"environment":"production","level":"info","message":"SMTP connection veried","service":"vtunova-api","timestamp":"2026-09-19 01:33:08"}
{"environment":"production","level":"info","message":"Email listeners registered for 10 event type(s)","service":"vtunova-api","timestamp":"2026-09-19 01:33:08"}
{"environment":"production","level":"info","message":"Notification listeners registered for 12 event type(s)","service":"vtunova-api","timestamp":"2026-09-19 01:33:08"}
{"environment":"production","level":"info","message":"VtuNova Platform running on port 3000 [production]","service":"vtunova-api","timestamp":"2026-09-19 01:33:08"}
{"environment":"production","level":"info","message":"API Docs: http://localhost:3000/api","service":"vtunova-api","timestamp":"2026-09-19 01:33:08"}
{"environment":"production","level":"info","message":"User login notification queued successfully","service":"vtunova-api","timestamp":"2026-09-19 01:33:26"}
{"environment":"production","level":"info","message":"[email-worker] Processing job: loginAlert (id=194)","service":"vtunova-api","timestamp":"2026-09-19 01:33:26"}
{"environment":"production","level":"info","message":"[notif-worker] Processing job: loginAlert (id=200)","service":"vtunova-api","timestamp":"2026-09-19 01:33:26"}
{"environment":"production","level":"info","message":"[notif-worker] Job data: {\"userId\":\"6a58a50209c6cbe98e9f9e40\",\"type\":\"loginAlert\"}","service":"vtunova-api","timestamp":"2026-09-19 01:33:26"}
{"environment":"production","level":"info","message":"[notif-worker] Processing login alert for user 6a58a50209c6cbe98e9f9e40","service":"vtunova-api","timestamp":"2026-09-19 01:33:26"}
{"environment":"production","level":"info","message":"Notification created:","service":"vtunova-api","timestamp":"2026-09-19 01:33:26"}
{"environment":"production","level":"error","message":"Failed to invalidate cache for key: user:6a58a50209c6cbe98e9f9e40:notifications","service":"vtunova-api","timestamp":"2026-09-19 01:33:27"}
{"environment":"production","level":"error","message":"Failed to invalidate cache for key: user:6a58a50209c6cbe98e9f9e40:notification","service":"vtunova-api","timestamp":"2026-09-19 01:33:27"}
{"environment":"production","level":"info","message":"[notif-worker] Job 200 completed successfully","service":"vtunova-api","timestamp":"2026-09-19 01:33:27"}
{"environment":"production","level":"info","message":"[email-worker] Job 194 completed","service":"vtunova-api","timestamp":"2026-09-19 01:33:28"}
{"environment":"production","level":"info","message":"Cache hit for key: user:6a58a50209c6cbe98e9f9e40:transactions","service":"vtunova-api","timestamp":"2026-09-19 01:33:59"}
{"environment":"production","level":"info","message":"Email transport ready via smtp.gmail.com","service":"vtunova-api","timestamp":"2026-09-19 01:34:27"}
{"environment":"production","level":"info","message":"Redis client connected","service":"vtunova-api","timestamp":"2026-09-19 01:34:31"}
{"environment":"production","level":"info","message":"SMTP connection veried","service":"vtunova-api","timestamp":"2026-09-19 01:34:36"}
{"environment":"production","level":"info","message":"Email listeners registered for 10 event type(s)","service":"vtunova-api","timestamp":"2026-09-19 01:34:36"}
{"environment":"production","level":"info","message":"Notification listeners registered for 12 event type(s)","service":"vtunova-api","timestamp":"2026-09-19 01:34:36"}
{"environment":"production","level":"info","message":"VtuNova Platform running on port 3000 [production]","service":"vtunova-api","timestamp":"2026-09-19 01:34:36"}
{"environment":"production","level":"info","message":"API Docs: http://localhost:3000/api","service":"vtunova-api","timestamp":"2026-09-19 01:34:36"}
{"environment":"production","level":"info","message":"Cache hit for key: user:6a58a50209c6cbe98e9f9e40:transactions","service":"vtunova-api","timestamp":"2026-09-19 01:34:42"}
{"environment":"production","level":"info","message":"Email transport ready via smtp.gmail.com","service":"vtunova-api","timestamp":"2026-09-19 01:35:06"}
{"environment":"production","level":"info","message":"Redis client connected","service":"vtunova-api","timestamp":"2026-09-19 01:35:09"}
{"environment":"production","level":"info","message":"SMTP connection veried","service":"vtunova-api","timestamp":"2026-09-19 01:35:11"}
{"environment":"production","level":"info","message":"Email listeners registered for 10 event type(s)","service":"vtunova-api","timestamp":"2026-09-19 01:35:11"}
{"environment":"production","level":"info","message":"Notification listeners registered for 12 event type(s)","service":"vtunova-api","timestamp":"2026-09-19 01:35:11"}
{"environment":"production","level":"info","message":"VtuNova Platform running on port 3000 [production]","service":"vtunova-api","timestamp":"2026-09-19 01:35:11"}
{"environment":"production","level":"info","message":"API Docs: http://localhost:3000/api","service":"vtunova-api","timestamp":"2026-09-19 01:35:11"}
{"environment":"production","level":"info","message":"Cache hit for key: user:6a58a50209c6cbe98e9f9e40:transactions","service":"vtunova-api","timestamp":"2026-09-19 01:35:14"}
{"environment":"production","level":"info","message":"Email transport ready via smtp.gmail.com","service":"vtunova-api","timestamp":"2026-09-19 01:36:03"}
{"environment":"production","level":"info","message":"Redis client connected","service":"vtunova-api","timestamp":"2026-09-19 01:36:08"}
{"environment":"production","level":"info","message":"SMTP connection veried","service":"vtunova-api","timestamp":"2026-09-19 01:36:13"}
{"environment":"production","level":"info","message":"Email listeners registered for 10 event type(s)","service":"vtunova-api","timestamp":"2026-09-19 01:36:13"}
{"environment":"production","level":"info","message":"Notification listeners registered for 12 event type(s)","service":"vtunova-api","timestamp":"2026-09-19 01:36:13"}
{"environment":"production","level":"info","message":"VtuNova Platform running on port 3000 [production]","service":"vtunova-api","timestamp":"2026-09-19 01:36:13"}
{"environment":"production","level":"info","message":"API Docs: http://localhost:3000/api","service":"vtunova-api","timestamp":"2026-09-19 01:36:13"}
{"environment":"production","level":"info","message":"Cache hit for key: user:6a58a50209c6cbe98e9f9e40:transactions","service":"vtunova-api","timestamp":"2026-09-19 01:36:15"}
{"environment":"production","level":"info","message":"Notification formatted for type: transaction","service":"vtunova-api","timestamp":"2026-09-19 01:36:16"}
{"environment":"production","level":"info","message":"Cache miss for key: user:6a58a50209c6cbe98e9f9e40:notifications","service":"vtunova-api","timestamp":"2026-09-19 01:36:16"}
{"environment":"production","level":"info","message":"Cache set for key: user:6a58a50209c6cbe98e9f9e40:notifications","service":"vtunova-api","timestamp":"2026-09-19 01:36:16"}
{"environment":"production","level":"info","message":"Cache hit for key: user:6a58a50209c6cbe98e9f9e40:transactions","service":"vtunova-api","timestamp":"2026-09-19 01:36:50"}
{"environment":"production","level":"info","message":"Notification formatted for type: transaction","service":"vtunova-api","timestamp":"2026-09-19 01:36:51"}
{"environment":"production","level":"info","message":"Cache hit for key: user:6a58a50209c6cbe98e9f9e40:notifications","service":"vtunova-api","timestamp":"2026-09-19 01:36:51"}
{"environment":"production","level":"info","message":"Cache hit for key: user:6a58a50209c6cbe98e9f9e40:transactions","service":"vtunova-api","timestamp":"2026-09-19 01:39:55"}
{"environment":"production","level":"info","message":"Notification formatted for type: transaction","service":"vtunova-api","timestamp":"2026-09-19 01:39:55"}
{"environment":"production","level":"info","message":"Cache hit for key: user:6a58a50209c6cbe98e9f9e40:notifications","service":"vtunova-api","timestamp":"2026-09-19 01:39:55"}
{"environment":"production","level":"info","message":"Email transport ready via smtp.gmail.com","service":"vtunova-api","timestamp":"2026-09-19 01:45:16"}
{"environment":"production","level":"info","message":"Redis client connected","service":"vtunova-api","timestamp":"2026-09-19 01:45:19"}
{"environment":"production","level":"info","message":"SMTP connection veried","service":"vtunova-api","timestamp":"2026-09-19 01:45:29"}
{"environment":"production","level":"info","message":"Email listeners registered for 10 event type(s)","service":"vtunova-api","timestamp":"2026-09-19 01:45:29"}
{"environment":"production","level":"info","message":"Notification listeners registered for 12 event type(s)","service":"vtunova-api","timestamp":"2026-09-19 01:45:29"}
{"environment":"production","level":"info","message":"VtuNova Platform running on port 3000 [production]","service":"vtunova-api","timestamp":"2026-09-19 01:45:29"}
{"environment":"production","level":"info","message":"API Docs: http://localhost:3000/api","service":"vtunova-api","timestamp":"2026-09-19 01:45:29"}
{"environment":"production","level":"info","message":"Clearing cache for user 6a632a6da43bde62908710a6: deleted 1 key(s)","service":"vtunova-api","timestamp":"2026-09-19 01:45:34"}
{"environment":"production","level":"info","message":"Cache cleared for user 6a632a6da43bde62908710a6","service":"vtunova-api","timestamp":"2026-09-19 01:45:34"}
{"environment":"production","level":"info","message":"User login notification queued successfully","service":"vtunova-api","timestamp":"2026-09-19 01:45:37"}
{"environment":"production","level":"info","message":"[notif-worker] Processing job: loginAlert (id=201)","service":"vtunova-api","timestamp":"2026-09-19 01:45:37"}
{"environment":"production","level":"info","message":"[notif-worker] Job data: {\"userId\":\"6a632a6da43bde62908710a6\",\"type\":\"loginAlert\"}","service":"vtunova-api","timestamp":"2026-09-19 01:45:37"}
{"environment":"production","level":"info","message":"[notif-worker] Processing login alert for user 6a632a6da43bde62908710a6","service":"vtunova-api","timestamp":"2026-09-19 01:45:37"}
{"environment":"production","level":"error","message":"failed to create notification:ValidationError: title: Path `title` is required.","service":"vtunova-api","timestamp":"2026-09-19 01:45:37"}
{"environment":"production","level":"info","message":"[email-worker] Processing job: loginAlert (id=195)","service":"vtunova-api","timestamp":"2026-09-19 01:45:37"}
{"environment":"production","level":"info","message":"[notif-worker] Job 201 completed successfully","service":"vtunova-api","timestamp":"2026-09-19 01:45:38"}
{"environment":"production","level":"info","message":"[email-worker] Job 195 completed","service":"vtunova-api","timestamp":"2026-09-19 01:45:41"}
{"environment":"production","level":"info","message":"Email transport ready via smtp.gmail.com","service":"vtunova-api","timestamp":"2026-09-19 01:46:12"}
{"environment":"production","level":"info","message":"Redis client connected","service":"vtunova-api","timestamp":"2026-09-19 01:46:16"}
{"environment":"production","level":"info","message":"Email transport ready via smtp.gmail.com","service":"vtunova-api","timestamp":"2026-09-19 01:46:18"}
{"environment":"production","level":"info","message":"Redis client connected","service":"vtunova-api","timestamp":"2026-09-19 01:46:21"}
{"environment":"production","level":"info","message":"Email transport ready via smtp.gmail.com","service":"vtunova-api","timestamp":"2026-09-19 01:46:43"}
{"environment":"production","level":"info","message":"Redis client connected","service":"vtunova-api","timestamp":"2026-09-19 01:46:50"}
{"environment":"production","level":"info","message":"SMTP connection veried","service":"vtunova-api","timestamp":"2026-09-19 01:46:52"}
{"environment":"production","level":"info","message":"Email listeners registered for 10 event type(s)","service":"vtunova-api","timestamp":"2026-09-19 01:46:52"}
{"environment":"production","level":"info","message":"Notification listeners registered for 12 event type(s)","service":"vtunova-api","timestamp":"2026-09-19 01:46:52"}
{"environment":"production","level":"info","message":"VtuNova Platform running on port 3000 [production]","service":"vtunova-api","timestamp":"2026-09-19 01:46:52"}
{"environment":"production","level":"info","message":"API Docs: http://localhost:3000/api","service":"vtunova-api","timestamp":"2026-09-19 01:46:52"}
{"environment":"production","level":"info","message":"Cache cleared for user 6a632a6da43bde62908710a6","service":"vtunova-api","timestamp":"2026-09-19 01:47:03"}
{"environment":"production","level":"info","message":"User login notification queued successfully","service":"vtunova-api","timestamp":"2026-09-19 01:47:06"}
{"environment":"production","level":"info","message":"[email-worker] Processing job: loginAlert (id=196)","service":"vtunova-api","timestamp":"2026-09-19 01:47:06"}
{"environment":"production","level":"info","message":"[notif-worker] Processing job: loginAlert (id=202)","service":"vtunova-api","timestamp":"2026-09-19 01:47:06"}
{"environment":"production","level":"info","message":"[notif-worker] Job data: {\"userId\":\"6a632a6da43bde62908710a6\",\"type\":\"loginAlert\"}","service":"vtunova-api","timestamp":"2026-09-19 01:47:06"}
{"environment":"production","level":"info","message":"[notif-worker] Processing login alert for user 6a632a6da43bde62908710a6","service":"vtunova-api","timestamp":"2026-09-19 01:47:06"}
{"environment":"production","level":"error","message":"failed to create notification:ValidationError: type: Path `type` is required.","service":"vtunova-api","timestamp":"2026-09-19 01:47:06"}
{"environment":"production","level":"info","message":"[notif-worker] Job 202 completed successfully","service":"vtunova-api","timestamp":"2026-09-19 01:47:07"}
{"environment":"production","level":"info","message":"[email-worker] Job 196 completed","service":"vtunova-api","timestamp":"2026-09-19 01:47:09"}
{"environment":"production","level":"info","message":"Email transport ready via smtp.gmail.com","service":"vtunova-api","timestamp":"2026-09-19 01:48:19"}
{"environment":"production","level":"info","message":"Redis client connected","service":"vtunova-api","timestamp":"2026-09-19 01:48:22"}
{"environment":"production","level":"info","message":"SMTP connection veried","service":"vtunova-api","timestamp":"2026-09-19 01:48:27"}
{"environment":"production","level":"info","message":"Email listeners registered for 10 event type(s)","service":"vtunova-api","timestamp":"2026-09-19 01:48:27"}
{"environment":"production","level":"info","message":"Notification listeners registered for 12 event type(s)","service":"vtunova-api","timestamp":"2026-09-19 01:48:27"}
{"environment":"production","level":"info","message":"VtuNova Platform running on port 3000 [production]","service":"vtunova-api","timestamp":"2026-09-19 01:48:28"}
{"environment":"production","level":"info","message":"API Docs: http://localhost:3000/api","service":"vtunova-api","timestamp":"2026-09-19 01:48:28"}
{"environment":"production","level":"info","message":"Email transport ready via smtp.gmail.com","service":"vtunova-api","timestamp":"2026-09-19 01:49:24"}
{"environment":"production","level":"info","message":"Redis client connected","service":"vtunova-api","timestamp":"2026-09-19 01:49:27"}
{"environment":"production","level":"info","message":"SMTP connection veried","service":"vtunova-api","timestamp":"2026-09-19 01:49:32"}
{"environment":"production","level":"info","message":"Email listeners registered for 10 event type(s)","service":"vtunova-api","timestamp":"2026-09-19 01:49:32"}
{"environment":"production","level":"info","message":"Notification listeners registered for 12 event type(s)","service":"vtunova-api","timestamp":"2026-09-19 01:49:32"}
{"environment":"production","level":"info","message":"VtuNova Platform running on port 3000 [production]","service":"vtunova-api","timestamp":"2026-09-19 01:49:32"}
{"environment":"production","level":"info","message":"API Docs: http://localhost:3000/api","service":"vtunova-api","timestamp":"2026-09-19 01:49:32"}
{"environment":"production","level":"info","message":"Cache cleared for user 6a632a6da43bde62908710a6","service":"vtunova-api","timestamp":"2026-09-19 01:50:01"}
{"environment":"production","level":"info","message":"User login notification queued successfully","service":"vtunova-api","timestamp":"2026-09-19 01:50:04"}
{"environment":"production","level":"info","message":"[notif-worker] Processing job: loginAlert (id=203)","service":"vtunova-api","timestamp":"2026-09-19 01:50:04"}
{"environment":"production","level":"info","message":"[notif-worker] Job data: {\"userId\":\"6a632a6da43bde62908710a6\",\"type\":\"loginAlert\"}","service":"vtunova-api","timestamp":"2026-09-19 01:50:04"}
{"environment":"production","level":"info","message":"[notif-worker] Processing login alert for user 6a632a6da43bde62908710a6","service":"vtunova-api","timestamp":"2026-09-19 01:50:04"}
{"environment":"production","level":"error","message":"failed to create notification:ValidationError: type: Path `type` is required.","service":"vtunova-api","timestamp":"2026-09-19 01:50:04"}
{"environment":"production","level":"info","message":"[email-worker] Processing job: loginAlert (id=197)","service":"vtunova-api","timestamp":"2026-09-19 01:50:04"}
{"environment":"production","level":"info","message":"[notif-worker] Job 203 completed successfully","service":"vtunova-api","timestamp":"2026-09-19 01:50:04"}
{"environment":"production","level":"info","message":"[email-worker] Job 197 completed","service":"vtunova-api","timestamp":"2026-09-19 01:50:06"}
{"environment":"production","level":"info","message":"Email transport ready via smtp.gmail.com","service":"vtunova-api","timestamp":"2026-09-19 01:52:31"}
{"environment":"production","level":"info","message":"Redis client connected","service":"vtunova-api","timestamp":"2026-09-19 01:52:35"}
{"environment":"production","level":"info","message":"SMTP connection veried","service":"vtunova-api","timestamp":"2026-09-19 01:52:45"}
{"environment":"production","level":"info","message":"Email listeners registered for 10 event type(s)","service":"vtunova-api","timestamp":"2026-09-19 01:52:45"}
{"environment":"production","level":"info","message":"Notification listeners registered for 12 event type(s)","service":"vtunova-api","timestamp":"2026-09-19 01:52:45"}
{"environment":"production","level":"info","message":"VtuNova Platform running on port 3000 [production]","service":"vtunova-api","timestamp":"2026-09-19 01:52:45"}
{"environment":"production","level":"info","message":"API Docs: http://localhost:3000/api","service":"vtunova-api","timestamp":"2026-09-19 01:52:45"}
{"environment":"production","level":"info","message":"User login notification queued successfully","service":"vtunova-api","timestamp":"2026-09-19 01:52:48"}
{"environment":"production","level":"info","message":"[notif-worker] Processing job: loginAlert (id=204)","service":"vtunova-api","timestamp":"2026-09-19 01:52:48"}
{"environment":"production","level":"info","message":"[notif-worker] Job data: {\"userId\":\"6a632a6da43bde62908710a6\",\"type\":\"loginAlert\"}","service":"vtunova-api","timestamp":"2026-09-19 01:52:48"}
{"environment":"production","level":"info","message":"[notif-worker] Processing login alert for user 6a632a6da43bde62908710a6","service":"vtunova-api","timestamp":"2026-09-19 01:52:48"}
{"environment":"production","level":"error","message":"failed to create notification:ValidationError: type: Path `type` is required.","service":"vtunova-api","timestamp":"2026-09-19 01:52:48"}
{"environment":"production","level":"info","message":"[email-worker] Processing job: loginAlert (id=198)","service":"vtunova-api","timestamp":"2026-09-19 01:52:48"}
{"environment":"production","level":"info","message":"[notif-worker] Job 204 completed successfully","service":"vtunova-api","timestamp":"2026-09-19 01:52:49"}
{"environment":"production","level":"info","message":"[email-worker] Job 198 completed","service":"vtunova-api","timestamp":"2026-09-19 01:52:51"}
{"environment":"production","level":"info","message":"Email transport ready via smtp.gmail.com","service":"vtunova-api","timestamp":"2026-09-19 01:53:41"}
{"environment":"production","level":"info","message":"Redis client connected","service":"vtunova-api","timestamp":"2026-09-19 01:53:44"}
{"environment":"production","level":"info","message":"Email transport ready via smtp.gmail.com","service":"vtunova-api","timestamp":"2026-09-19 01:54:00"}
{"environment":"production","level":"info","message":"Email transport ready via smtp.gmail.com","service":"vtunova-api","timestamp":"2026-09-19 01:54:16"}
{"environment":"production","level":"info","message":"Redis client connected","service":"vtunova-api","timestamp":"2026-09-19 01:54:20"}
{"environment":"production","level":"info","message":"SMTP connection veried","service":"vtunova-api","timestamp":"2026-09-19 01:54:22"}
{"environment":"production","level":"info","message":"Email listeners registered for 10 event type(s)","service":"vtunova-api","timestamp":"2026-09-19 01:54:22"}
{"environment":"production","level":"info","message":"Notification listeners registered for 12 event type(s)","service":"vtunova-api","timestamp":"2026-09-19 01:54:22"}
{"environment":"production","level":"info","message":"VtuNova Platform running on port 3000 [production]","service":"vtunova-api","timestamp":"2026-09-19 01:54:22"}
{"environment":"production","level":"info","message":"API Docs: http://localhost:3000/api","service":"vtunova-api","timestamp":"2026-09-19 01:54:22"}
{"environment":"production","level":"info","message":"Cache cleared for user 6a632a6da43bde62908710a6","service":"vtunova-api","timestamp":"2026-09-19 01:54:35"}
{"environment":"production","level":"info","message":"User login notification queued successfully","service":"vtunova-api","timestamp":"2026-09-19 01:54:38"}
{"environment":"production","level":"info","message":"[notif-worker] Processing job: loginAlert (id=205)","service":"vtunova-api","timestamp":"2026-09-19 01:54:38"}
{"environment":"production","level":"info","message":"[notif-worker] Job data: {\"userId\":\"6a632a6da43bde62908710a6\",\"type\":\"loginAlert\"}","service":"vtunova-api","timestamp":"2026-09-19 01:54:38"}
{"environment":"production","level":"info","message":"[notif-worker] Processing login alert for user 6a632a6da43bde62908710a6","service":"vtunova-api","timestamp":"2026-09-19 01:54:38"}
{"environment":"production","level":"error","message":"failed to create notification:ValidationError: type: Path `type` is required.","service":"vtunova-api","timestamp":"2026-09-19 01:54:38"}
{"environment":"production","level":"info","message":"[email-worker] Processing job: loginAlert (id=199)","service":"vtunova-api","timestamp":"2026-09-19 01:54:38"}
{"environment":"production","level":"info","message":"[notif-worker] Job 205 completed successfully","service":"vtunova-api","timestamp":"2026-09-19 01:54:39"}
{"environment":"production","level":"info","message":"[email-worker] Job 199 completed","service":"vtunova-api","timestamp":"2026-09-19 01:54:40"}
{"environment":"production","level":"info","message":"Email transport ready via smtp.gmail.com","service":"vtunova-api","timestamp":"2026-09-19 09:30:01"}
{"environment":"production","level":"error","message":"Redis Client Error Connection timeout","service":"vtunova-api","stack":"Error: Connection timeout\n    at Socket.onTimeout (C:\\Users\\HomePC\\VtuNova-Backend_v1\\node_modules\\@redis\\client\\dist\\lib\\client\\socket.js:282:46)\n    at Object.onceWrapper (node:events:622:28)\n    at Socket.emit (node:events:508:28)\n    at Socket._onTimeout (node:net:604:8)\n    at listOnTimeout (node:internal/timers:605:17)\n    at process.processTimers (node:internal/timers:541:7)","timestamp":"2026-09-19 09:30:28"}
{"environment":"production","level":"info","message":"Redis client connected","service":"vtunova-api","timestamp":"2026-09-19 09:30:29"}
{"environment":"production","level":"info","message":"SMTP connection veried","service":"vtunova-api","timestamp":"2026-09-19 09:30:39"}
{"environment":"production","level":"info","message":"Email listeners registered for 10 event type(s)","service":"vtunova-api","timestamp":"2026-09-19 09:30:39"}
{"environment":"production","level":"info","message":"Notification listeners registered for 12 event type(s)","service":"vtunova-api","timestamp":"2026-09-19 09:30:39"}
{"environment":"production","level":"info","message":"VtuNova Platform running on port 3000 [production]","service":"vtunova-api","timestamp":"2026-09-19 09:30:39"}
{"environment":"production","level":"info","message":"API Docs: http://localhost:3000/api","service":"vtunova-api","timestamp":"2026-09-19 09:30:39"}
{"environment":"production","level":"info","message":"User login notification queued successfully","service":"vtunova-api","timestamp":"2026-09-19 09:31:17"}
{"environment":"production","level":"info","message":"[email-worker] Processing job: loginAlert (id=200)","service":"vtunova-api","timestamp":"2026-09-19 09:31:17"}
{"environment":"production","level":"info","message":"[notif-worker] Processing job: loginAlert (id=206)","service":"vtunova-api","timestamp":"2026-09-19 09:31:17"}
{"environment":"production","level":"info","message":"[notif-worker] Job data: {\"userId\":\"6a58a50209c6cbe98e9f9e40\",\"type\":\"loginAlert\"}","service":"vtunova-api","timestamp":"2026-09-19 09:31:17"}
{"environment":"production","level":"info","message":"[notif-worker] Processing login alert for user 6a58a50209c6cbe98e9f9e40","service":"vtunova-api","timestamp":"2026-09-19 09:31:17"}
{"environment":"production","level":"error","message":"failed to create notification:ValidationError: type: Path `type` is required.","service":"vtunova-api","timestamp":"2026-09-19 09:31:17"}
{"environment":"production","level":"info","message":"[notif-worker] Job 206 completed successfully","service":"vtunova-api","timestamp":"2026-09-19 09:31:17"}
{"environment":"production","level":"info","message":"[email-worker] Job 200 completed","service":"vtunova-api","timestamp":"2026-09-19 09:31:19"}
{"environment":"production","level":"info","message":"Cache hit for key: user:6a58a50209c6cbe98e9f9e40:transactions","service":"vtunova-api","timestamp":"2026-09-19 09:31:42"}
{"environment":"production","level":"info","message":"Notification formatted for type: transaction","service":"vtunova-api","timestamp":"2026-09-19 09:31:42"}
{"environment":"production","level":"info","message":"Cache hit for key: user:6a58a50209c6cbe98e9f9e40:notifications","service":"vtunova-api","timestamp":"2026-09-19 09:31:42"}
{"environment":"production","level":"info","message":"Cache hit for key: user:6a58a50209c6cbe98e9f9e40:transactions","service":"vtunova-api","timestamp":"2026-09-19 09:37:07"}
{"environment":"production","level":"info","message":"Notification formatted for type: transaction","service":"vtunova-api","timestamp":"2026-09-19 09:37:07"}
{"environment":"production","level":"info","message":"Cache hit for key: user:6a58a50209c6cbe98e9f9e40:notifications","service":"vtunova-api","timestamp":"2026-09-19 09:37:07"}
{"environment":"production","level":"info","message":"Cache hit for key: user:6a58a50209c6cbe98e9f9e40:transactions","service":"vtunova-api","timestamp":"2026-09-19 09:37:12"}
{"environment":"production","level":"info","message":"Notification formatted for type: transaction","service":"vtunova-api","timestamp":"2026-09-19 09:37:12"}
{"environment":"production","level":"info","message":"Cache hit for key: user:6a58a50209c6cbe98e9f9e40:notifications","service":"vtunova-api","timestamp":"2026-09-19 09:37:13"}
{"environment":"production","level":"info","message":"Email transport ready via smtp.gmail.com","service":"vtunova-api","timestamp":"2026-09-19 09:37:56"}
{"environment":"production","level":"info","message":"Redis client connected","service":"vtunova-api","timestamp":"2026-09-19 09:37:59"}
{"environment":"production","level":"info","message":"SMTP connection veried","service":"vtunova-api","timestamp":"2026-09-19 09:38:09"}
{"environment":"production","level":"info","message":"Email listeners registered for 10 event type(s)","service":"vtunova-api","timestamp":"2026-09-19 09:38:09"}
{"environment":"production","level":"info","message":"Notification listeners registered for 12 event type(s)","service":"vtunova-api","timestamp":"2026-09-19 09:38:09"}
{"environment":"production","level":"info","message":"VtuNova Platform running on port 3000 [production]","service":"vtunova-api","timestamp":"2026-09-19 09:38:10"}
{"environment":"production","level":"info","message":"API Docs: http://localhost:3000/api","service":"vtunova-api","timestamp":"2026-09-19 09:38:10"}
{"environment":"production","level":"info","message":"Cache hit for key: user:6a58a50209c6cbe98e9f9e40:transactions","service":"vtunova-api","timestamp":"2026-09-19 09:38:35"}
{"environment":"production","level":"info","message":"Notification formatted for type: transaction","service":"vtunova-api","timestamp":"2026-09-19 09:38:35"}
{"environment":"production","level":"info","message":"Cache hit for key: user:6a58a50209c6cbe98e9f9e40:notifications","service":"vtunova-api","timestamp":"2026-09-19 09:38:35"}
{"environment":"production","level":"info","message":"Email transport ready via smtp.gmail.com","service":"vtunova-api","timestamp":"2026-09-19 09:43:23"}
{"code":"EAI_AGAIN","environment":"production","errno":-3001,"hostname":"ultraviolet-oliveish-error-87927.db.redis.io","level":"error","message":"Redis Client Error getaddrinfo EAI_AGAIN ultraviolet-oliveish-error-87927.db.redis.io","service":"vtunova-api","stack":"Error: getaddrinfo EAI_AGAIN ultraviolet-oliveish-error-87927.db.redis.io\n    at GetAddrInfoReqWrap.onlookupall [as oncomplete] (node:dns:122:26)","syscall":"getaddrinfo","timestamp":"2026-09-19 09:43:25"}
{"code":"EAI_AGAIN","environment":"production","errno":-3001,"hostname":"ultraviolet-oliveish-error-87927.db.redis.io","level":"error","message":"[notif-worker] Worker error: getaddrinfo EAI_AGAIN ultraviolet-oliveish-error-87927.db.redis.io","service":"vtunova-api","stack":"Error: getaddrinfo EAI_AGAIN ultraviolet-oliveish-error-87927.db.redis.io\n    at GetAddrInfoReqWrap.onlookupall [as oncomplete] (node:dns:122:26)","syscall":"getaddrinfo","timestamp":"2026-09-19 09:43:25"}
{"code":"EAI_AGAIN","environment":"production","errno":-3001,"hostname":"ultraviolet-oliveish-error-87927.db.redis.io","level":"error","message":"[notif-worker] Worker error: getaddrinfo EAI_AGAIN ultraviolet-oliveish-error-87927.db.redis.io","service":"vtunova-api","stack":"Error: getaddrinfo EAI_AGAIN ultraviolet-oliveish-error-87927.db.redis.io\n    at GetAddrInfoReqWrap.onlookupall [as oncomplete] (node:dns:122:26)","syscall":"getaddrinfo","timestamp":"2026-09-19 09:43:25"}
{"code":"EAI_AGAIN","environment":"production","errno":-3001,"hostname":"ultraviolet-oliveish-error-87927.db.redis.io","level":"error","message":"Redis Client Error getaddrinfo EAI_AGAIN ultraviolet-oliveish-error-87927.db.redis.io","service":"vtunova-api","stack":"Error: getaddrinfo EAI_AGAIN ultraviolet-oliveish-error-87927.db.redis.io\n    at GetAddrInfoReqWrap.onlookupall [as oncomplete] (node:dns:122:26)","syscall":"getaddrinfo","timestamp":"2026-09-19 09:43:25"}
{"code":"EAI_AGAIN","environment":"production","errno":-3001,"hostname":"ultraviolet-oliveish-error-87927.db.redis.io","level":"error","message":"Redis Client Error getaddrinfo EAI_AGAIN ultraviolet-oliveish-error-87927.db.redis.io","service":"vtunova-api","stack":"Error: getaddrinfo EAI_AGAIN ultraviolet-oliveish-error-87927.db.redis.io\n    at GetAddrInfoReqWrap.onlookupall [as oncomplete] (node:dns:122:26)","syscall":"getaddrinfo","timestamp":"2026-09-19 09:43:25"}
{"code":"EAI_AGAIN","environment":"production","errno":-3001,"hostname":"ultraviolet-oliveish-error-87927.db.redis.io","level":"error","message":"Redis Client Error getaddrinfo EAI_AGAIN ultraviolet-oliveish-error-87927.db.redis.io","service":"vtunova-api","stack":"Error: getaddrinfo EAI_AGAIN ultraviolet-oliveish-error-87927.db.redis.io\n    at GetAddrInfoReqWrap.onlookupall [as oncomplete] (node:dns:122:26)","syscall":"getaddrinfo","timestamp":"2026-09-19 09:43:25"}
{"code":"EAI_AGAIN","environment":"production","errno":-3001,"hostname":"ultraviolet-oliveish-error-87927.db.redis.io","level":"error","message":"Redis Client Error getaddrinfo EAI_AGAIN ultraviolet-oliveish-error-87927.db.redis.io","service":"vtunova-api","stack":"Error: getaddrinfo EAI_AGAIN ultraviolet-oliveish-error-87927.db.redis.io\n    at GetAddrInfoReqWrap.onlookupall [as oncomplete] (node:dns:122:26)","syscall":"getaddrinfo","timestamp":"2026-09-19 09:43:26"}
{"code":"EAI_AGAIN","environment":"production","errno":-3001,"hostname":"ultraviolet-oliveish-error-87927.db.redis.io","level":"error","message":"[notif-worker] Worker error: getaddrinfo EAI_AGAIN ultraviolet-oliveish-error-87927.db.redis.io","service":"vtunova-api","stack":"Error: getaddrinfo EAI_AGAIN ultraviolet-oliveish-error-87927.db.redis.io\n    at GetAddrInfoReqWrap.onlookupall [as oncomplete] (node:dns:122:26)","syscall":"getaddrinfo","timestamp":"2026-09-19 09:43:26"}
{"code":"EAI_AGAIN","environment":"production","errno":-3001,"hostname":"ultraviolet-oliveish-error-87927.db.redis.io","level":"error","message":"[notif-worker] Worker error: getaddrinfo EAI_AGAIN ultraviolet-oliveish-error-87927.db.redis.io","service":"vtunova-api","stack":"Error: getaddrinfo EAI_AGAIN ultraviolet-oliveish-error-87927.db.redis.io\n    at GetAddrInfoReqWrap.onlookupall [as oncomplete] (node:dns:122:26)","syscall":"getaddrinfo","timestamp":"2026-09-19 09:43:26"}
{"code":"EAI_AGAIN","environment":"production","errno":-3001,"hostname":"ultraviolet-oliveish-error-87927.db.redis.io","level":"error","message":"Redis Client Error getaddrinfo EAI_AGAIN ultraviolet-oliveish-error-87927.db.redis.io","service":"vtunova-api","stack":"Error: getaddrinfo EAI_AGAIN ultraviolet-oliveish-error-87927.db.redis.io\n    at GetAddrInfoReqWrap.onlookupall [as oncomplete] (node:dns:122:26)","syscall":"getaddrinfo","timestamp":"2026-09-19 09:43:26"}
{"code":"EAI_AGAIN","environment":"production","errno":-3001,"hostname":"ultraviolet-oliveish-error-87927.db.redis.io","level":"error","message":"[notif-worker] Worker error: getaddrinfo EAI_AGAIN ultraviolet-oliveish-error-87927.db.redis.io","service":"vtunova-api","stack":"Error: getaddrinfo EAI_AGAIN ultraviolet-oliveish-error-87927.db.redis.io\n    at GetAddrInfoReqWrap.onlookupall [as oncomplete] (node:dns:122:26)","syscall":"getaddrinfo","timestamp":"2026-09-19 09:43:27"}
{"code":"EAI_AGAIN","environment":"production","errno":-3001,"hostname":"ultraviolet-oliveish-error-87927.db.redis.io","level":"error","message":"[notif-worker] Worker error: getaddrinfo EAI_AGAIN ultraviolet-oliveish-error-87927.db.redis.io","service":"vtunova-api","stack":"Error: getaddrinfo EAI_AGAIN ultraviolet-oliveish-error-87927.db.redis.io\n    at GetAddrInfoReqWrap.onlookupall [as oncomplete] (node:dns:122:26)","syscall":"getaddrinfo","timestamp":"2026-09-19 09:43:27"}
{"code":"EAI_AGAIN","environment":"production","errno":-3001,"hostname":"ultraviolet-oliveish-error-87927.db.redis.io","level":"error","message":"[notif-worker] Worker error: getaddrinfo EAI_AGAIN ultraviolet-oliveish-error-87927.db.redis.io","service":"vtunova-api","stack":"Error: getaddrinfo EAI_AGAIN ultraviolet-oliveish-error-87927.db.redis.io\n    at GetAddrInfoReqWrap.onlookupall [as oncomplete] (node:dns:122:26)","syscall":"getaddrinfo","timestamp":"2026-09-19 09:43:28"}
{"code":"EAI_AGAIN","environment":"production","errno":-3001,"hostname":"ultraviolet-oliveish-error-87927.db.redis.io","level":"error","message":"[notif-worker] Worker error: getaddrinfo EAI_AGAIN ultraviolet-oliveish-error-87927.db.redis.io","service":"vtunova-api","stack":"Error: getaddrinfo EAI_AGAIN ultraviolet-oliveish-error-87927.db.redis.io\n    at GetAddrInfoReqWrap.onlookupall [as oncomplete] (node:dns:122:26)","syscall":"getaddrinfo","timestamp":"2026-09-19 09:43:28"}
{"code":"EAI_AGAIN","environment":"production","errno":-3001,"hostname":"ultraviolet-oliveish-error-87927.db.redis.io","level":"error","message":"Redis Client Error getaddrinfo EAI_AGAIN ultraviolet-oliveish-error-87927.db.redis.io","service":"vtunova-api","stack":"Error: getaddrinfo EAI_AGAIN ultraviolet-oliveish-error-87927.db.redis.io\n    at GetAddrInfoReqWrap.onlookupall [as oncomplete] (node:dns:122:26)","syscall":"getaddrinfo","timestamp":"2026-09-19 09:43:28"}
{"environment":"production","level":"info","message":"Email transport ready via smtp.gmail.com","service":"vtunova-api","timestamp":"2026-09-19 09:43:34"}
{"environment":"production","level":"info","message":"Redis client connected","service":"vtunova-api","timestamp":"2026-09-19 09:43:37"}
{"environment":"production","level":"info","message":"SMTP connection veried","service":"vtunova-api","timestamp":"2026-09-19 09:43:41"}
{"environment":"production","level":"info","message":"Email listeners registered for 10 event type(s)","service":"vtunova-api","timestamp":"2026-09-19 09:43:41"}
{"environment":"production","level":"info","message":"Notification listeners registered for 12 event type(s)","service":"vtunova-api","timestamp":"2026-09-19 09:43:41"}
{"environment":"production","level":"info","message":"VtuNova Platform running on port 3000 [production]","service":"vtunova-api","timestamp":"2026-09-19 09:43:41"}
{"environment":"production","level":"info","message":"API Docs: http://localhost:3000/api","service":"vtunova-api","timestamp":"2026-09-19 09:43:41"}
{"environment":"production","level":"info","message":"Email transport ready via smtp.gmail.com","service":"vtunova-api","timestamp":"2026-09-19 09:43:59"}
{"environment":"production","level":"info","message":"Redis client connected","service":"vtunova-api","timestamp":"2026-09-19 09:44:02"}
{"environment":"production","level":"info","message":"SMTP connection veried","service":"vtunova-api","timestamp":"2026-09-19 09:44:04"}
{"environment":"production","level":"info","message":"Email listeners registered for 10 event type(s)","service":"vtunova-api","timestamp":"2026-09-19 09:44:04"}
{"environment":"production","level":"info","message":"Notification listeners registered for 12 event type(s)","service":"vtunova-api","timestamp":"2026-09-19 09:44:04"}
{"environment":"production","level":"info","message":"VtuNova Platform running on port 3000 [production]","service":"vtunova-api","timestamp":"2026-09-19 09:44:04"}
{"environment":"production","level":"info","message":"API Docs: http://localhost:3000/api","service":"vtunova-api","timestamp":"2026-09-19 09:44:04"}
{"environment":"production","level":"info","message":"Cache hit for key: user:6a58a50209c6cbe98e9f9e40:transactions","service":"vtunova-api","timestamp":"2026-09-19 09:44:55"}
{"environment":"production","level":"info","message":"Cache hit for key: user:6a58a50209c6cbe98e9f9e40:notifications","service":"vtunova-api","timestamp":"2026-09-19 09:44:56"}
{"environment":"production","level":"info","message":"Email transport ready via smtp.gmail.com","service":"vtunova-api","timestamp":"2026-09-19 09:46:42"}
{"environment":"production","level":"info","message":"Redis client connected","service":"vtunova-api","timestamp":"2026-09-19 09:46:44"}
{"environment":"production","level":"info","message":"Email transport ready via smtp.gmail.com","service":"vtunova-api","timestamp":"2026-09-19 09:46:49"}
{"environment":"production","level":"info","message":"Redis client connected","service":"vtunova-api","timestamp":"2026-09-19 09:46:52"}
{"environment":"production","level":"info","message":"Email transport ready via smtp.gmail.com","service":"vtunova-api","timestamp":"2026-09-19 09:47:08"}
{"environment":"production","level":"info","message":"Redis client connected","service":"vtunova-api","timestamp":"2026-09-19 09:47:11"}
{"environment":"production","level":"info","message":"SMTP connection veried","service":"vtunova-api","timestamp":"2026-09-19 09:47:19"}
{"environment":"production","level":"info","message":"Email listeners registered for 10 event type(s)","service":"vtunova-api","timestamp":"2026-09-19 09:47:19"}
{"environment":"production","level":"info","message":"Notification listeners registered for 12 event type(s)","service":"vtunova-api","timestamp":"2026-09-19 09:47:19"}
{"environment":"production","level":"info","message":"VtuNova Platform running on port 3000 [production]","service":"vtunova-api","timestamp":"2026-09-19 09:47:19"}
{"environment":"production","level":"info","message":"API Docs: http://localhost:3000/api","service":"vtunova-api","timestamp":"2026-09-19 09:47:19"}
{"environment":"production","level":"info","message":"User login notification queued successfully","service":"vtunova-api","timestamp":"2026-09-19 09:52:59"}
{"environment":"production","level":"info","message":"[notif-worker] Processing job: loginAlert (id=207)","service":"vtunova-api","timestamp":"2026-09-19 09:53:00"}
{"environment":"production","level":"info","message":"[notif-worker] Job data: {\"userId\":\"6a58a50209c6cbe98e9f9e40\",\"type\":\"loginAlert\"}","service":"vtunova-api","timestamp":"2026-09-19 09:53:00"}
{"environment":"production","level":"info","message":"[notif-worker] Processing login alert for user 6a58a50209c6cbe98e9f9e40","service":"vtunova-api","timestamp":"2026-09-19 09:53:00"}
{"environment":"production","level":"error","message":"failed to create notification:ValidationError: type: Path `type` is required.","service":"vtunova-api","timestamp":"2026-09-19 09:53:00"}
{"environment":"production","level":"info","message":"[email-worker] Processing job: loginAlert (id=201)","service":"vtunova-api","timestamp":"2026-09-19 09:53:00"}
{"environment":"production","level":"info","message":"[notif-worker] Job 207 completed successfully","service":"vtunova-api","timestamp":"2026-09-19 09:53:00"}
{"environment":"production","level":"info","message":"[email-worker] Job 201 completed","service":"vtunova-api","timestamp":"2026-09-19 09:53:07"}
{"environment":"production","level":"info","message":"Cache hit for key: user:6a58a50209c6cbe98e9f9e40:transactions","service":"vtunova-api","timestamp":"2026-09-19 09:53:10"}
{"environment":"production","level":"info","message":"Notification formatted for type: system","service":"vtunova-api","timestamp":"2026-09-19 09:53:10"}
{"environment":"production","level":"info","message":"Cache hit for key: user:6a58a50209c6cbe98e9f9e40:notifications","service":"vtunova-api","timestamp":"2026-09-19 09:53:11"}
{"environment":"production","level":"info","message":"Email transport ready via smtp.gmail.com","service":"vtunova-api","timestamp":"2026-09-19 09:53:41"}
{"environment":"production","level":"info","message":"Redis client connected","service":"vtunova-api","timestamp":"2026-09-19 09:53:44"}
{"environment":"production","level":"info","message":"Email transport ready via smtp.gmail.com","service":"vtunova-api","timestamp":"2026-09-19 09:53:48"}
{"environment":"production","level":"info","message":"Redis client connected","service":"vtunova-api","timestamp":"2026-09-19 09:53:51"}
{"environment":"production","level":"info","message":"SMTP connection veried","service":"vtunova-api","timestamp":"2026-09-19 09:53:53"}
{"environment":"production","level":"info","message":"Email listeners registered for 10 event type(s)","service":"vtunova-api","timestamp":"2026-09-19 09:53:53"}
{"environment":"production","level":"info","message":"Notification listeners registered for 12 event type(s)","service":"vtunova-api","timestamp":"2026-09-19 09:53:53"}
{"environment":"production","level":"info","message":"VtuNova Platform running on port 3000 [production]","service":"vtunova-api","timestamp":"2026-09-19 09:53:53"}
{"environment":"production","level":"info","message":"API Docs: http://localhost:3000/api","service":"vtunova-api","timestamp":"2026-09-19 09:53:53"}
{"environment":"production","level":"info","message":"Email transport ready via smtp.gmail.com","service":"vtunova-api","timestamp":"2026-09-19 10:00:40"}
{"environment":"production","level":"info","message":"Redis client connected","service":"vtunova-api","timestamp":"2026-09-19 10:00:44"}
{"environment":"production","level":"info","message":"SMTP connection veried","service":"vtunova-api","timestamp":"2026-09-19 10:00:54"}
{"environment":"production","level":"info","message":"Email listeners registered for 10 event type(s)","service":"vtunova-api","timestamp":"2026-09-19 10:00:54"}
{"environment":"production","level":"info","message":"Notification listeners registered for 12 event type(s)","service":"vtunova-api","timestamp":"2026-09-19 10:00:54"}
{"environment":"production","level":"info","message":"VtuNova Platform running on port 3000 [production]","service":"vtunova-api","timestamp":"2026-09-19 10:00:54"}
{"environment":"production","level":"info","message":"API Docs: http://localhost:3000/api","service":"vtunova-api","timestamp":"2026-09-19 10:00:54"}
{"environment":"production","level":"info","message":"Email transport ready via smtp.gmail.com","service":"vtunova-api","timestamp":"2026-09-19 10:01:27"}
{"environment":"production","level":"info","message":"Email transport ready via smtp.gmail.com","service":"vtunova-api","timestamp":"2026-09-19 10:01:44"}
{"environment":"production","level":"info","message":"Redis client connected","service":"vtunova-api","timestamp":"2026-09-19 10:01:49"}
{"environment":"production","level":"info","message":"SMTP connection veried","service":"vtunova-api","timestamp":"2026-09-19 10:01:54"}
{"environment":"production","level":"info","message":"Email listeners registered for 10 event type(s)","service":"vtunova-api","timestamp":"2026-09-19 10:01:54"}
{"environment":"production","level":"info","message":"Notification listeners registered for 12 event type(s)","service":"vtunova-api","timestamp":"2026-09-19 10:01:54"}
{"environment":"production","level":"info","message":"VtuNova Platform running on port 3000 [production]","service":"vtunova-api","timestamp":"2026-09-19 10:01:54"}
{"environment":"production","level":"info","message":"API Docs: http://localhost:3000/api","service":"vtunova-api","timestamp":"2026-09-19 10:01:54"}
{"environment":"production","level":"info","message":"Cache hit for key: user:6a58a50209c6cbe98e9f9e40:transactions","service":"vtunova-api","timestamp":"2026-09-19 10:01:58"}
{"environment":"production","level":"info","message":"Notification formatted for type: loginAlert","service":"vtunova-api","timestamp":"2026-09-19 10:01:58"}
{"environment":"production","level":"info","message":"Email transport ready via smtp.gmail.com","service":"vtunova-api","timestamp":"2026-09-19 10:28:17"}
{"environment":"production","level":"info","message":"Email transport ready via smtp.gmail.com","service":"vtunova-api","timestamp":"2026-09-19 10:28:25"}
{"environment":"production","level":"info","message":"Redis client connected","service":"vtunova-api","timestamp":"2026-09-19 10:28:29"}
{"environment":"production","level":"info","message":"SMTP connection veried","service":"vtunova-api","timestamp":"2026-09-19 10:28:36"}
{"environment":"production","level":"info","message":"Email listeners registered for 10 event type(s)","service":"vtunova-api","timestamp":"2026-09-19 10:28:36"}
{"environment":"production","level":"info","message":"Notification listeners registered for 12 event type(s)","service":"vtunova-api","timestamp":"2026-09-19 10:28:36"}
{"environment":"production","level":"info","message":"VtuNova Platform running on port 3000 [production]","service":"vtunova-api","timestamp":"2026-09-19 10:28:37"}
{"environment":"production","level":"info","message":"API Docs: http://localhost:3000/api","service":"vtunova-api","timestamp":"2026-09-19 10:28:37"}
{"environment":"production","level":"info","message":"User login notification queued successfully","service":"vtunova-api","timestamp":"2026-09-19 10:29:38"}
{"environment":"production","level":"info","message":"[email-worker] Processing job: loginAlert (id=202)","service":"vtunova-api","timestamp":"2026-09-19 10:29:38"}
{"environment":"production","level":"info","message":"[notif-worker] Processing job: loginAlert (id=208)","service":"vtunova-api","timestamp":"2026-09-19 10:29:38"}
{"environment":"production","level":"info","message":"[notif-worker] Job data: {\"userId\":\"6a58a50209c6cbe98e9f9e40\",\"type\":\"loginAlert\"}","service":"vtunova-api","timestamp":"2026-09-19 10:29:38"}
{"environment":"production","level":"info","message":"[notif-worker] Processing login alert for user 6a58a50209c6cbe98e9f9e40","service":"vtunova-api","timestamp":"2026-09-19 10:29:38"}
{"environment":"production","level":"error","message":"failed to create notification:ValidationError: type: Path `type` is required.","service":"vtunova-api","timestamp":"2026-09-19 10:29:38"}
{"environment":"production","level":"info","message":"[notif-worker] Job 208 completed successfully","service":"vtunova-api","timestamp":"2026-09-19 10:29:39"}
{"environment":"production","level":"info","message":"[email-worker] Job 202 completed","service":"vtunova-api","timestamp":"2026-09-19 10:29:42"}
{"environment":"production","level":"info","message":"Cache hit for key: user:6a58a50209c6cbe98e9f9e40:transactions","service":"vtunova-api","timestamp":"2026-09-19 10:29:49"}
{"environment":"production","level":"info","message":"Notification formatted for type: loginAlert","service":"vtunova-api","timestamp":"2026-09-19 10:29:49"}
{"environment":"production","level":"info","message":"Notification formatted for type: transaction","service":"vtunova-api","timestamp":"2026-09-19 10:29:49"}
{"environment":"production","level":"info","message":"Cache hit for key: user:6a58a50209c6cbe98e9f9e40:notifications","service":"vtunova-api","timestamp":"2026-09-19 10:29:51"}
{"environment":"production","level":"info","message":"Email transport ready via smtp.gmail.com","service":"vtunova-api","timestamp":"2026-09-19 10:55:07"}
{"environment":"production","level":"info","message":"Redis client connected","service":"vtunova-api","timestamp":"2026-09-19 10:55:13"}
{"environment":"production","level":"info","message":"SMTP connection veried","service":"vtunova-api","timestamp":"2026-09-19 10:55:24"}
{"environment":"production","level":"info","message":"Email listeners registered for 10 event type(s)","service":"vtunova-api","timestamp":"2026-09-19 10:55:24"}
{"environment":"production","level":"info","message":"Notification listeners registered for 12 event type(s)","service":"vtunova-api","timestamp":"2026-09-19 10:55:24"}
{"environment":"production","level":"info","message":"VtuNova Platform running on port 3000 [production]","service":"vtunova-api","timestamp":"2026-09-19 10:55:24"}
{"environment":"production","level":"info","message":"API Docs: http://localhost:3000/api","service":"vtunova-api","timestamp":"2026-09-19 10:55:24"}
{"code":"ECONNRESET","environment":"production","errno":-4077,"level":"error","message":"[notif-worker] Worker error: read ECONNRESET","service":"vtunova-api","stack":"Error: read ECONNRESET\n    at TCP.onStreamRead (node:internal/stream_base_commons:216:20)","syscall":"read","timestamp":"2026-09-19 11:24:07"}
{"code":"ECONNRESET","environment":"production","errno":-4077,"level":"error","message":"Redis Client Error read ECONNRESET","service":"vtunova-api","stack":"Error: read ECONNRESET\n    at TCP.onStreamRead (node:internal/stream_base_commons:216:20)","syscall":"read","timestamp":"2026-09-19 11:24:07"}
{"environment":"production","level":"info","message":"Redis client connected","service":"vtunova-api","timestamp":"2026-09-19 11:24:07"}
{"environment":"production","level":"info","message":"Cache miss for key: user:6a632a6da43bde62908710a6:profile","service":"vtunova-api","timestamp":"2026-09-19 11:25:14"}
{"environment":"production","level":"info","message":"Cache set for key: user:6a632a6da43bde62908710a6:profile","service":"vtunova-api","timestamp":"2026-09-19 11:25:15"}
{"environment":"production","level":"info","message":"Cache miss for key: user:6a632a6da43bde62908710a6:transactions","service":"vtunova-api","timestamp":"2026-09-19 11:25:16"}
{"environment":"production","level":"info","message":"Cache set for key: user:6a632a6da43bde62908710a6:transactions","service":"vtunova-api","timestamp":"2026-09-19 11:25:16"}
{"environment":"production","level":"info","message":"Cache set for user 6a632a6da43bde62908710a6","service":"vtunova-api","timestamp":"2026-09-19 11:25:16"}
{"environment":"production","level":"info","message":"Notification formatted for type: transaction","service":"vtunova-api","timestamp":"2026-09-19 11:25:17"}
{"environment":"production","level":"info","message":"Notification formatted for type: transaction","service":"vtunova-api","timestamp":"2026-09-19 11:25:17"}
{"environment":"production","level":"info","message":"Notification formatted for type: transaction","service":"vtunova-api","timestamp":"2026-09-19 11:25:17"}
{"environment":"production","level":"info","message":"Cache miss for key: user:6a632a6da43bde62908710a6:notifications","service":"vtunova-api","timestamp":"2026-09-19 11:25:17"}
{"environment":"production","level":"info","message":"Cache set for key: user:6a632a6da43bde62908710a6:notifications","service":"vtunova-api","timestamp":"2026-09-19 11:25:17"}
{"environment":"production","level":"info","message":"Cache hit for key: user:6a632a6da43bde62908710a6:transactions","service":"vtunova-api","timestamp":"2026-09-19 11:25:18"}
{"environment":"production","level":"info","message":"Notification formatted for type: transaction","service":"vtunova-api","timestamp":"2026-09-19 11:25:18"}
{"environment":"production","level":"info","message":"Notification formatted for type: transaction","service":"vtunova-api","timestamp":"2026-09-19 11:25:18"}
{"environment":"production","level":"info","message":"Notification formatted for type: transaction","service":"vtunova-api","timestamp":"2026-09-19 11:25:18"}
{"environment":"production","level":"info","message":"Cache hit for key: user:6a632a6da43bde62908710a6:notifications","service":"vtunova-api","timestamp":"2026-09-19 11:25:18"}
{"environment":"production","level":"info","message":"Cache hit for key: user:6a632a6da43bde62908710a6:transactions","service":"vtunova-api","timestamp":"2026-09-19 11:25:19"}
{"environment":"production","level":"info","message":"Notification formatted for type: transaction","service":"vtunova-api","timestamp":"2026-09-19 11:25:19"}
{"environment":"production","level":"info","message":"Notification formatted for type: transaction","service":"vtunova-api","timestamp":"2026-09-19 11:25:19"}
{"environment":"production","level":"info","message":"Notification formatted for type: transaction","service":"vtunova-api","timestamp":"2026-09-19 11:25:19"}
{"environment":"production","level":"info","message":"Cache hit for key: user:6a632a6da43bde62908710a6:notifications","service":"vtunova-api","timestamp":"2026-09-19 11:25:19"}
{"environment":"production","level":"info","message":"Cache hit for key: user:6a632a6da43bde62908710a6:transactions","service":"vtunova-api","timestamp":"2026-09-19 11:25:20"}
{"environment":"production","level":"info","message":"Notification formatted for type: transaction","service":"vtunova-api","timestamp":"2026-09-19 11:25:20"}
{"environment":"production","level":"info","message":"Notification formatted for type: transaction","service":"vtunova-api","timestamp":"2026-09-19 11:25:20"}
{"environment":"production","level":"info","message":"Notification formatted for type: transaction","service":"vtunova-api","timestamp":"2026-09-19 11:25:20"}
{"environment":"production","level":"info","message":"Cache hit for key: user:6a632a6da43bde62908710a6:notifications","service":"vtunova-api","timestamp":"2026-09-19 11:25:20"}
{"environment":"production","level":"info","message":"User login notification queued successfully","service":"vtunova-api","timestamp":"2026-09-19 11:25:23"}
{"environment":"production","level":"info","message":"[email-worker] Processing job: loginAlert (id=203)","service":"vtunova-api","timestamp":"2026-09-19 11:25:23"}
{"environment":"production","level":"info","message":"[notif-worker] Processing job: loginAlert (id=209)","service":"vtunova-api","timestamp":"2026-09-19 11:25:23"}
{"environment":"production","level":"info","message":"[notif-worker] Job data: {\"userId\":\"6a632a6da43bde62908710a6\",\"type\":\"loginAlert\"}","service":"vtunova-api","timestamp":"2026-09-19 11:25:23"}
{"environment":"production","level":"info","message":"[notif-worker] Processing login alert for user 6a632a6da43bde62908710a6","service":"vtunova-api","timestamp":"2026-09-19 11:25:23"}
{"environment":"production","level":"error","message":"failed to create notification:ValidationError: type: Path `type` is required.","service":"vtunova-api","timestamp":"2026-09-19 11:25:23"}
{"environment":"production","level":"info","message":"[notif-worker] Job 209 completed successfully","service":"vtunova-api","timestamp":"2026-09-19 11:25:24"}
{"environment":"production","level":"info","message":"[email-worker] Job 203 completed","service":"vtunova-api","timestamp":"2026-09-19 11:25:31"}
{"environment":"production","level":"info","message":"Email transport ready via smtp.gmail.com","service":"vtunova-api","timestamp":"2026-09-19 11:38:50"}
{"environment":"production","level":"info","message":"Redis client connected","service":"vtunova-api","timestamp":"2026-09-19 11:39:12"}
{"environment":"production","level":"info","message":"SMTP connection veried","service":"vtunova-api","timestamp":"2026-09-19 11:39:23"}
{"environment":"production","level":"info","message":"Email listeners registered for 10 event type(s)","service":"vtunova-api","timestamp":"2026-09-19 11:39:23"}
{"environment":"production","level":"info","message":"Notification listeners registered for 12 event type(s)","service":"vtunova-api","timestamp":"2026-09-19 11:39:23"}
{"environment":"production","level":"info","message":"VtuNova Platform running on port 3000 [production]","service":"vtunova-api","timestamp":"2026-09-19 11:39:23"}
{"environment":"production","level":"info","message":"API Docs: http://localhost:3000/api","service":"vtunova-api","timestamp":"2026-09-19 11:39:23"}
{"environment":"production","level":"info","message":"User login notification queued successfully","service":"vtunova-api","timestamp":"2026-09-19 11:39:33"}
{"environment":"production","level":"info","message":"[notif-worker] Processing job: loginAlert (id=210)","service":"vtunova-api","timestamp":"2026-09-19 11:39:34"}
{"environment":"production","level":"info","message":"[notif-worker] Job data: {\"userId\":\"6a632a6da43bde62908710a6\",\"type\":\"loginAlert\"}","service":"vtunova-api","timestamp":"2026-09-19 11:39:34"}
{"environment":"production","level":"info","message":"[notif-worker] Processing login alert for user 6a632a6da43bde62908710a6","service":"vtunova-api","timestamp":"2026-09-19 11:39:34"}
{"environment":"production","level":"info","message":"[email-worker] Processing job: loginAlert (id=204)","service":"vtunova-api","timestamp":"2026-09-19 11:39:34"}
{"environment":"production","level":"info","message":"Notification created:","service":"vtunova-api","timestamp":"2026-09-19 11:39:34"}
{"environment":"production","level":"info","message":"Cache invalidated for key: user:6a632a6da43bde62908710a6:notifications","service":"vtunova-api","timestamp":"2026-09-19 11:39:34"}
{"environment":"production","level":"error","message":"Failed to invalidate cache for key: user:6a632a6da43bde62908710a6:notification","service":"vtunova-api","timestamp":"2026-09-19 11:39:34"}
{"environment":"production","level":"info","message":"[notif-worker] Job 210 completed successfully","service":"vtunova-api","timestamp":"2026-09-19 11:39:35"}
{"environment":"production","level":"info","message":"[email-worker] Job 204 completed","service":"vtunova-api","timestamp":"2026-09-19 11:39:36"}
{"environment":"production","level":"info","message":"User login notification queued successfully","service":"vtunova-api","timestamp":"2026-09-19 11:42:10"}
{"environment":"production","level":"info","message":"[notif-worker] Processing job: loginAlert (id=211)","service":"vtunova-api","timestamp":"2026-09-19 11:42:10"}
{"environment":"production","level":"info","message":"[notif-worker] Job data: {\"userId\":\"6a58a50209c6cbe98e9f9e40\",\"type\":\"loginAlert\"}","service":"vtunova-api","timestamp":"2026-09-19 11:42:10"}
{"environment":"production","level":"info","message":"[notif-worker] Processing login alert for user 6a58a50209c6cbe98e9f9e40","service":"vtunova-api","timestamp":"2026-09-19 11:42:10"}
{"environment":"production","level":"info","message":"[email-worker] Processing job: loginAlert (id=205)","service":"vtunova-api","timestamp":"2026-09-19 11:42:10"}
{"environment":"production","level":"info","message":"Notification created:","service":"vtunova-api","timestamp":"2026-09-19 11:42:10"}
{"environment":"production","level":"info","message":"Cache invalidated for key: user:6a58a50209c6cbe98e9f9e40:notifications","service":"vtunova-api","timestamp":"2026-09-19 11:42:11"}
{"environment":"production","level":"error","message":"Failed to invalidate cache for key: user:6a58a50209c6cbe98e9f9e40:notification","service":"vtunova-api","timestamp":"2026-09-19 11:42:11"}
{"environment":"production","level":"info","message":"[notif-worker] Job 211 completed successfully","service":"vtunova-api","timestamp":"2026-09-19 11:42:11"}
{"environment":"production","level":"info","message":"[email-worker] Job 205 completed","service":"vtunova-api","timestamp":"2026-09-19 11:42:12"}
{"environment":"production","level":"info","message":"Cache hit for key: user:6a58a50209c6cbe98e9f9e40:transactions","service":"vtunova-api","timestamp":"2026-09-19 11:42:19"}
{"environment":"production","level":"info","message":"Notification formatted for type: loginAlert","service":"vtunova-api","timestamp":"2026-09-19 11:42:19"}
{"environment":"production","level":"info","message":"Notification formatted for type: loginAlert","service":"vtunova-api","timestamp":"2026-09-19 11:42:19"}
{"environment":"production","level":"info","message":"Notification formatted for type: transaction","service":"vtunova-api","timestamp":"2026-09-19 11:42:19"}
{"environment":"production","level":"info","message":"Cache miss for key: user:6a58a50209c6cbe98e9f9e40:notifications","service":"vtunova-api","timestamp":"2026-09-19 11:42:19"}
{"environment":"production","level":"info","message":"Cache set for key: user:6a58a50209c6cbe98e9f9e40:notifications","service":"vtunova-api","timestamp":"2026-09-19 11:42:20"}
{"environment":"production","level":"info","message":"Email transport ready via smtp.gmail.com","service":"vtunova-api","timestamp":"2026-09-19 11:42:44"}
{"environment":"production","level":"info","message":"Redis client connected","service":"vtunova-api","timestamp":"2026-09-19 11:42:47"}
{"environment":"production","level":"info","message":"SMTP connection veried","service":"vtunova-api","timestamp":"2026-09-19 11:42:58"}
{"environment":"production","level":"info","message":"Email listeners registered for 10 event type(s)","service":"vtunova-api","timestamp":"2026-09-19 11:42:58"}
{"environment":"production","level":"info","message":"Notification listeners registered for 12 event type(s)","service":"vtunova-api","timestamp":"2026-09-19 11:42:58"}
{"environment":"production","level":"info","message":"VtuNova Platform running on port 3000 [production]","service":"vtunova-api","timestamp":"2026-09-19 11:42:58"}
{"environment":"production","level":"info","message":"API Docs: http://localhost:3000/api","service":"vtunova-api","timestamp":"2026-09-19 11:42:58"}
{"environment":"production","level":"info","message":"Email transport ready via smtp.gmail.com","service":"vtunova-api","timestamp":"2026-09-19 11:43:02"}
{"environment":"production","level":"info","message":"Redis client connected","service":"vtunova-api","timestamp":"2026-09-19 11:43:05"}
{"environment":"production","level":"info","message":"SMTP connection veried","service":"vtunova-api","timestamp":"2026-09-19 11:43:09"}
{"environment":"production","level":"info","message":"Email listeners registered for 10 event type(s)","service":"vtunova-api","timestamp":"2026-09-19 11:43:09"}
{"environment":"production","level":"info","message":"Notification listeners registered for 12 event type(s)","service":"vtunova-api","timestamp":"2026-09-19 11:43:09"}
{"environment":"production","level":"info","message":"VtuNova Platform running on port 3000 [production]","service":"vtunova-api","timestamp":"2026-09-19 11:43:09"}
{"environment":"production","level":"info","message":"API Docs: http://localhost:3000/api","service":"vtunova-api","timestamp":"2026-09-19 11:43:09"}
{"environment":"production","level":"info","message":"Email transport ready via smtp.gmail.com","service":"vtunova-api","timestamp":"2026-09-19 11:43:30"}
{"environment":"production","level":"info","message":"Redis client connected","service":"vtunova-api","timestamp":"2026-09-19 11:43:32"}
{"environment":"production","level":"info","message":"SMTP connection veried","service":"vtunova-api","timestamp":"2026-09-19 11:43:36"}
{"environment":"production","level":"info","message":"Email listeners registered for 10 event type(s)","service":"vtunova-api","timestamp":"2026-09-19 11:43:36"}
{"environment":"production","level":"info","message":"Notification listeners registered for 12 event type(s)","service":"vtunova-api","timestamp":"2026-09-19 11:43:36"}
{"environment":"production","level":"info","message":"VtuNova Platform running on port 3000 [production]","service":"vtunova-api","timestamp":"2026-09-19 11:43:36"}
{"environment":"production","level":"info","message":"API Docs: http://localhost:3000/api","service":"vtunova-api","timestamp":"2026-09-19 11:43:36"}
{"environment":"production","level":"info","message":"Email transport ready via smtp.gmail.com","service":"vtunova-api","timestamp":"2026-09-19 11:43:39"}
{"environment":"production","level":"info","message":"Redis client connected","service":"vtunova-api","timestamp":"2026-09-19 11:43:42"}
{"environment":"production","level":"info","message":"SMTP connection veried","service":"vtunova-api","timestamp":"2026-09-19 11:43:44"}
{"environment":"production","level":"info","message":"Email listeners registered for 10 event type(s)","service":"vtunova-api","timestamp":"2026-09-19 11:43:44"}
{"environment":"production","level":"info","message":"Notification listeners registered for 12 event type(s)","service":"vtunova-api","timestamp":"2026-09-19 11:43:44"}
{"environment":"production","level":"info","message":"VtuNova Platform running on port 3000 [production]","service":"vtunova-api","timestamp":"2026-09-19 11:43:44"}
{"environment":"production","level":"info","message":"API Docs: http://localhost:3000/api","service":"vtunova-api","timestamp":"2026-09-19 11:43:44"}
{"environment":"production","level":"info","message":"User login notification queued successfully","service":"vtunova-api","timestamp":"2026-09-19 12:04:52"}
{"environment":"production","level":"info","message":"[notif-worker] Processing job: loginAlert (id=212)","service":"vtunova-api","timestamp":"2026-09-19 12:04:52"}
{"environment":"production","level":"info","message":"[notif-worker] Job data: {\"userId\":\"6a632a6da43bde62908710a6\",\"type\":\"loginAlert\"}","service":"vtunova-api","timestamp":"2026-09-19 12:04:52"}
{"environment":"production","level":"info","message":"[notif-worker] Processing login alert for user 6a632a6da43bde62908710a6","service":"vtunova-api","timestamp":"2026-09-19 12:04:52"}
{"environment":"production","level":"info","message":"[email-worker] Processing job: loginAlert (id=206)","service":"vtunova-api","timestamp":"2026-09-19 12:04:52"}
{"environment":"production","level":"info","message":"Notification created:","service":"vtunova-api","timestamp":"2026-09-19 12:04:52"}
{"environment":"production","level":"error","message":"Failed to invalidate cache for key: user:6a632a6da43bde62908710a6:notifications","service":"vtunova-api","timestamp":"2026-09-19 12:04:53"}
{"environment":"production","level":"error","message":"Failed to invalidate cache for key: user:6a632a6da43bde62908710a6:notification","service":"vtunova-api","timestamp":"2026-09-19 12:04:53"}
{"environment":"production","level":"info","message":"[notif-worker] Job 212 completed successfully","service":"vtunova-api","timestamp":"2026-09-19 12:04:53"}
{"environment":"production","level":"info","message":"[email-worker] Job 206 completed","service":"vtunova-api","timestamp":"2026-09-19 12:04:54"}
{"environment":"production","level":"info","message":"Cache hit for key: user:6a632a6da43bde62908710a6:profile","service":"vtunova-api","timestamp":"2026-09-19 12:05:00"}
{"environment":"production","level":"info","message":"Cache hit for key: user:6a632a6da43bde62908710a6:transactions","service":"vtunova-api","timestamp":"2026-09-19 12:05:01"}
{"environment":"production","level":"info","message":"Notification formatted for type: loginAlert","service":"vtunova-api","timestamp":"2026-09-19 12:05:02"}
{"environment":"production","level":"info","message":"Notification formatted for type: loginAlert","service":"vtunova-api","timestamp":"2026-09-19 12:05:02"}
{"environment":"production","level":"info","message":"Notification formatted for type: transaction","service":"vtunova-api","timestamp":"2026-09-19 12:05:02"}
{"environment":"production","level":"info","message":"Notification formatted for type: transaction","service":"vtunova-api","timestamp":"2026-09-19 12:05:02"}
{"environment":"production","level":"info","message":"Notification formatted for type: transaction","service":"vtunova-api","timestamp":"2026-09-19 12:05:02"}
{"environment":"production","level":"info","message":"Cache miss for key: user:6a632a6da43bde62908710a6:notifications","service":"vtunova-api","timestamp":"2026-09-19 12:05:02"}
{"environment":"production","level":"info","message":"Cache set for key: user:6a632a6da43bde62908710a6:notifications","service":"vtunova-api","timestamp":"2026-09-19 12:05:02"}
{"environment":"production","level":"info","message":"Cache hit for key: user:6a632a6da43bde62908710a6:transactions","service":"vtunova-api","timestamp":"2026-09-19 12:05:03"}
{"environment":"production","level":"info","message":"Notification formatted for type: loginAlert","service":"vtunova-api","timestamp":"2026-09-19 12:05:03"}
{"environment":"production","level":"info","message":"Notification formatted for type: loginAlert","service":"vtunova-api","timestamp":"2026-09-19 12:05:03"}
{"environment":"production","level":"info","message":"Notification formatted for type: transaction","service":"vtunova-api","timestamp":"2026-09-19 12:05:03"}
{"environment":"production","level":"info","message":"Notification formatted for type: transaction","service":"vtunova-api","timestamp":"2026-09-19 12:05:03"}
{"environment":"production","level":"info","message":"Notification formatted for type: transaction","service":"vtunova-api","timestamp":"2026-09-19 12:05:03"}
{"environment":"production","level":"info","message":"Cache hit for key: user:6a632a6da43bde62908710a6:notifications","service":"vtunova-api","timestamp":"2026-09-19 12:05:03"}
{"environment":"production","level":"info","message":"Cache hit for key: user:6a632a6da43bde62908710a6:transactions","service":"vtunova-api","timestamp":"2026-09-19 12:05:04"}
{"environment":"production","level":"info","message":"Notification formatted for type: loginAlert","service":"vtunova-api","timestamp":"2026-09-19 12:05:04"}
{"environment":"production","level":"info","message":"Notification formatted for type: loginAlert","service":"vtunova-api","timestamp":"2026-09-19 12:05:04"}
{"environment":"production","level":"info","message":"Notification formatted for type: transaction","service":"vtunova-api","timestamp":"2026-09-19 12:05:04"}
{"environment":"production","level":"info","message":"Notification formatted for type: transaction","service":"vtunova-api","timestamp":"2026-09-19 12:05:04"}
{"environment":"production","level":"info","message":"Notification formatted for type: transaction","service":"vtunova-api","timestamp":"2026-09-19 12:05:04"}
{"environment":"production","level":"info","message":"Cache hit for key: user:6a632a6da43bde62908710a6:notifications","service":"vtunova-api","timestamp":"2026-09-19 12:05:04"}
{"environment":"production","level":"info","message":"Cache hit for key: user:6a632a6da43bde62908710a6:transactions","service":"vtunova-api","timestamp":"2026-09-19 12:05:05"}
{"environment":"production","level":"info","message":"Notification formatted for type: loginAlert","service":"vtunova-api","timestamp":"2026-09-19 12:05:06"}
{"environment":"production","level":"info","message":"Notification formatted for type: loginAlert","service":"vtunova-api","timestamp":"2026-09-19 12:05:06"}
{"environment":"production","level":"info","message":"Notification formatted for type: transaction","service":"vtunova-api","timestamp":"2026-09-19 12:05:06"}
{"environment":"production","level":"info","message":"Notification formatted for type: transaction","service":"vtunova-api","timestamp":"2026-09-19 12:05:06"}
{"environment":"production","level":"info","message":"Notification formatted for type: transaction","service":"vtunova-api","timestamp":"2026-09-19 12:05:06"}
{"environment":"production","level":"info","message":"User login notification queued successfully","service":"vtunova-api","timestamp":"2026-09-19 12:05:06"}
{"environment":"production","level":"info","message":"Cache hit for key: user:6a632a6da43bde62908710a6:notifications","service":"vtunova-api","timestamp":"2026-09-19 12:05:06"}
{"environment":"production","level":"info","message":"[notif-worker] Processing job: loginAlert (id=213)","service":"vtunova-api","timestamp":"2026-09-19 12:05:06"}
{"environment":"production","level":"info","message":"[notif-worker] Job data: {\"userId\":\"6a632a6da43bde62908710a6\",\"type\":\"loginAlert\"}","service":"vtunova-api","timestamp":"2026-09-19 12:05:06"}
{"environment":"production","level":"info","message":"[notif-worker] Processing login alert for user 6a632a6da43bde62908710a6","service":"vtunova-api","timestamp":"2026-09-19 12:05:06"}
{"environment":"production","level":"info","message":"[email-worker] Processing job: loginAlert (id=207)","service":"vtunova-api","timestamp":"2026-09-19 12:05:06"}
{"environment":"production","level":"info","message":"Notification created:","service":"vtunova-api","timestamp":"2026-09-19 12:05:06"}
{"environment":"production","level":"info","message":"Cache invalidated for key: user:6a632a6da43bde62908710a6:notifications","service":"vtunova-api","timestamp":"2026-09-19 12:05:06"}
{"environment":"production","level":"error","message":"Failed to invalidate cache for key: user:6a632a6da43bde62908710a6:notification","service":"vtunova-api","timestamp":"2026-09-19 12:05:07"}
{"environment":"production","level":"info","message":"[notif-worker] Job 213 completed successfully","service":"vtunova-api","timestamp":"2026-09-19 12:05:07"}
{"environment":"production","level":"info","message":"[email-worker] Job 207 completed","service":"vtunova-api","timestamp":"2026-09-19 12:05:07"}
{"environment":"production","level":"info","message":"Email transport ready via smtp.gmail.com","service":"vtunova-api","timestamp":"2026-09-19 12:07:09"}
{"environment":"production","level":"info","message":"Redis client connected","service":"vtunova-api","timestamp":"2026-09-19 12:07:13"}
{"environment":"production","level":"info","message":"SMTP connection veried","service":"vtunova-api","timestamp":"2026-09-19 12:07:23"}
{"environment":"production","level":"info","message":"Email listeners registered for 10 event type(s)","service":"vtunova-api","timestamp":"2026-09-19 12:07:23"}
{"environment":"production","level":"info","message":"Notification listeners registered for 12 event type(s)","service":"vtunova-api","timestamp":"2026-09-19 12:07:23"}
{"environment":"production","level":"info","message":"VtuNova Platform running on port 3000 [production]","service":"vtunova-api","timestamp":"2026-09-19 12:07:23"}
{"environment":"production","level":"info","message":"API Docs: http://localhost:3000/api","service":"vtunova-api","timestamp":"2026-09-19 12:07:23"}
{"environment":"production","level":"info","message":"Cache hit for key: user:6a632a6da43bde62908710a6:profile","service":"vtunova-api","timestamp":"2026-09-19 12:07:26"}
{"environment":"production","level":"info","message":"Cache hit for key: user:6a632a6da43bde62908710a6:transactions","service":"vtunova-api","timestamp":"2026-09-19 12:07:27"}
{"environment":"production","level":"info","message":"Notification formatted for type: loginAlert","service":"vtunova-api","timestamp":"2026-09-19 12:07:28"}
{"environment":"production","level":"info","message":"Notification formatted for type: loginAlert","service":"vtunova-api","timestamp":"2026-09-19 12:07:28"}
{"environment":"production","level":"info","message":"Notification formatted for type: loginAlert","service":"vtunova-api","timestamp":"2026-09-19 12:07:28"}
{"environment":"production","level":"info","message":"Notification formatted for type: transaction","service":"vtunova-api","timestamp":"2026-09-19 12:07:28"}
{"environment":"production","level":"info","message":"Notification formatted for type: transaction","service":"vtunova-api","timestamp":"2026-09-19 12:07:28"}
{"environment":"production","level":"info","message":"Notification formatted for type: transaction","service":"vtunova-api","timestamp":"2026-09-19 12:07:28"}
{"environment":"production","level":"info","message":"Cache miss for key: user:6a632a6da43bde62908710a6:notifications","service":"vtunova-api","timestamp":"2026-09-19 12:07:28"}
{"environment":"production","level":"info","message":"Cache set for key: user:6a632a6da43bde62908710a6:notifications","service":"vtunova-api","timestamp":"2026-09-19 12:07:28"}
{"environment":"production","level":"info","message":"Cache hit for key: user:6a632a6da43bde62908710a6:transactions","service":"vtunova-api","timestamp":"2026-09-19 12:07:29"}
{"environment":"production","level":"info","message":"Notification formatted for type: loginAlert","service":"vtunova-api","timestamp":"2026-09-19 12:07:29"}
{"environment":"production","level":"info","message":"Notification formatted for type: loginAlert","service":"vtunova-api","timestamp":"2026-09-19 12:07:29"}
{"environment":"production","level":"info","message":"Notification formatted for type: loginAlert","service":"vtunova-api","timestamp":"2026-09-19 12:07:29"}
{"environment":"production","level":"info","message":"Notification formatted for type: transaction","service":"vtunova-api","timestamp":"2026-09-19 12:07:29"}
{"environment":"production","level":"info","message":"Notification formatted for type: transaction","service":"vtunova-api","timestamp":"2026-09-19 12:07:29"}
{"environment":"production","level":"info","message":"Notification formatted for type: transaction","service":"vtunova-api","timestamp":"2026-09-19 12:07:29"}
{"environment":"production","level":"info","message":"Cache hit for key: user:6a632a6da43bde62908710a6:notifications","service":"vtunova-api","timestamp":"2026-09-19 12:07:29"}
{"environment":"production","level":"info","message":"Cache hit for key: user:6a632a6da43bde62908710a6:transactions","service":"vtunova-api","timestamp":"2026-09-19 12:07:30"}
{"environment":"production","level":"info","message":"Notification formatted for type: loginAlert","service":"vtunova-api","timestamp":"2026-09-19 12:07:30"}
{"environment":"production","level":"info","message":"Notification formatted for type: loginAlert","service":"vtunova-api","timestamp":"2026-09-19 12:07:30"}
{"environment":"production","level":"info","message":"Notification formatted for type: loginAlert","service":"vtunova-api","timestamp":"2026-09-19 12:07:30"}
{"environment":"production","level":"info","message":"Notification formatted for type: transaction","service":"vtunova-api","timestamp":"2026-09-19 12:07:30"}
{"environment":"production","level":"info","message":"Notification formatted for type: transaction","service":"vtunova-api","timestamp":"2026-09-19 12:07:30"}
{"environment":"production","level":"info","message":"Notification formatted for type: transaction","service":"vtunova-api","timestamp":"2026-09-19 12:07:30"}
{"environment":"production","level":"info","message":"Cache hit for key: user:6a632a6da43bde62908710a6:notifications","service":"vtunova-api","timestamp":"2026-09-19 12:07:30"}
{"environment":"production","level":"info","message":"Cache hit for key: user:6a632a6da43bde62908710a6:transactions","service":"vtunova-api","timestamp":"2026-09-19 12:07:31"}
{"environment":"production","level":"info","message":"Notification formatted for type: loginAlert","service":"vtunova-api","timestamp":"2026-09-19 12:07:31"}
{"environment":"production","level":"info","message":"Notification formatted for type: loginAlert","service":"vtunova-api","timestamp":"2026-09-19 12:07:31"}
{"environment":"production","level":"info","message":"Notification formatted for type: loginAlert","service":"vtunova-api","timestamp":"2026-09-19 12:07:31"}
{"environment":"production","level":"info","message":"Notification formatted for type: transaction","service":"vtunova-api","timestamp":"2026-09-19 12:07:31"}
{"environment":"production","level":"info","message":"Notification formatted for type: transaction","service":"vtunova-api","timestamp":"2026-09-19 12:07:31"}
{"environment":"production","level":"info","message":"Notification formatted for type: transaction","service":"vtunova-api","timestamp":"2026-09-19 12:07:31"}
{"environment":"production","level":"info","message":"Cache hit for key: user:6a632a6da43bde62908710a6:notifications","service":"vtunova-api","timestamp":"2026-09-19 12:07:32"}
{"environment":"production","level":"info","message":"User login notification queued successfully","service":"vtunova-api","timestamp":"2026-09-19 12:07:38"}
{"environment":"production","level":"info","message":"[notif-worker] Processing job: loginAlert (id=214)","service":"vtunova-api","timestamp":"2026-09-19 12:07:39"}
{"environment":"production","level":"info","message":"[notif-worker] Job data: {\"userId\":\"6a632a6da43bde62908710a6\",\"type\":\"loginAlert\"}","service":"vtunova-api","timestamp":"2026-09-19 12:07:39"}
{"environment":"production","level":"info","message":"[notif-worker] Processing login alert for user 6a632a6da43bde62908710a6","service":"vtunova-api","timestamp":"2026-09-19 12:07:39"}
{"environment":"production","level":"info","message":"[email-worker] Processing job: loginAlert (id=208)","service":"vtunova-api","timestamp":"2026-09-19 12:07:39"}
{"environment":"production","level":"info","message":"Notification created:","service":"vtunova-api","timestamp":"2026-09-19 12:07:39"}
{"environment":"production","level":"info","message":"Cache invalidated for key: user:6a632a6da43bde62908710a6:notifications","service":"vtunova-api","timestamp":"2026-09-19 12:07:39"}
{"environment":"production","level":"error","message":"Failed to invalidate cache for key: user:6a632a6da43bde62908710a6:notification","service":"vtunova-api","timestamp":"2026-09-19 12:07:39"}
{"environment":"production","level":"info","message":"[notif-worker] Job 214 completed successfully","service":"vtunova-api","timestamp":"2026-09-19 12:07:40"}
{"environment":"production","level":"info","message":"[email-worker] Job 208 completed","service":"vtunova-api","timestamp":"2026-09-19 12:07:41"}
{"environment":"production","level":"info","message":"Cache hit for key: user:6a632a6da43bde62908710a6:transactions","service":"vtunova-api","timestamp":"2026-09-19 12:10:56"}
{"environment":"production","level":"info","message":"Notification formatted for type: loginAlert","service":"vtunova-api","timestamp":"2026-09-19 12:10:56"}
{"environment":"production","level":"info","message":"Notification formatted for type: loginAlert","service":"vtunova-api","timestamp":"2026-09-19 12:10:56"}
{"environment":"production","level":"info","message":"Notification formatted for type: loginAlert","service":"vtunova-api","timestamp":"2026-09-19 12:10:56"}
{"environment":"production","level":"info","message":"Notification formatted for type: loginAlert","service":"vtunova-api","timestamp":"2026-09-19 12:10:56"}
{"environment":"production","level":"info","message":"Notification formatted for type: transaction","service":"vtunova-api","timestamp":"2026-09-19 12:10:56"}
{"environment":"production","level":"info","message":"Notification formatted for type: transaction","service":"vtunova-api","timestamp":"2026-09-19 12:10:56"}
{"environment":"production","level":"info","message":"Notification formatted for type: transaction","service":"vtunova-api","timestamp":"2026-09-19 12:10:56"}
{"environment":"production","level":"info","message":"Cache miss for key: user:6a632a6da43bde62908710a6:notifications","service":"vtunova-api","timestamp":"2026-09-19 12:10:57"}
{"environment":"production","level":"info","message":"Cache set for key: user:6a632a6da43bde62908710a6:notifications","service":"vtunova-api","timestamp":"2026-09-19 12:10:57"}
{"environment":"production","level":"info","message":"Cache hit for key: user:6a632a6da43bde62908710a6:transactions","service":"vtunova-api","timestamp":"2026-09-19 12:10:57"}
{"environment":"production","level":"info","message":"Notification formatted for type: loginAlert","service":"vtunova-api","timestamp":"2026-09-19 12:10:58"}
{"environment":"production","level":"info","message":"Notification formatted for type: loginAlert","service":"vtunova-api","timestamp":"2026-09-19 12:10:58"}
{"environment":"production","level":"info","message":"Notification formatted for type: loginAlert","service":"vtunova-api","timestamp":"2026-09-19 12:10:58"}
{"environment":"production","level":"info","message":"Notification formatted for type: loginAlert","service":"vtunova-api","timestamp":"2026-09-19 12:10:58"}
{"environment":"production","level":"info","message":"Notification formatted for type: transaction","service":"vtunova-api","timestamp":"2026-09-19 12:10:58"}
{"environment":"production","level":"info","message":"Notification formatted for type: transaction","service":"vtunova-api","timestamp":"2026-09-19 12:10:58"}
{"environment":"production","level":"info","message":"Notification formatted for type: transaction","service":"vtunova-api","timestamp":"2026-09-19 12:10:58"}
{"environment":"production","level":"info","message":"Cache hit for key: user:6a632a6da43bde62908710a6:notifications","service":"vtunova-api","timestamp":"2026-09-19 12:10:58"}
{"environment":"production","level":"info","message":"Cache hit for key: user:6a632a6da43bde62908710a6:transactions","service":"vtunova-api","timestamp":"2026-09-19 12:10:58"}
{"environment":"production","level":"info","message":"Notification formatted for type: loginAlert","service":"vtunova-api","timestamp":"2026-09-19 12:10:59"}
{"environment":"production","level":"info","message":"Notification formatted for type: loginAlert","service":"vtunova-api","timestamp":"2026-09-19 12:10:59"}
{"environment":"production","level":"info","message":"Notification formatted for type: loginAlert","service":"vtunova-api","timestamp":"2026-09-19 12:10:59"}
{"environment":"production","level":"info","message":"Notification formatted for type: loginAlert","service":"vtunova-api","timestamp":"2026-09-19 12:10:59"}
{"environment":"production","level":"info","message":"Notification formatted for type: transaction","service":"vtunova-api","timestamp":"2026-09-19 12:10:59"}
{"environment":"production","level":"info","message":"Notification formatted for type: transaction","service":"vtunova-api","timestamp":"2026-09-19 12:10:59"}
{"environment":"production","level":"info","message":"Notification formatted for type: transaction","service":"vtunova-api","timestamp":"2026-09-19 12:10:59"}
{"environment":"production","level":"info","message":"Cache hit for key: user:6a632a6da43bde62908710a6:notifications","service":"vtunova-api","timestamp":"2026-09-19 12:10:59"}
{"environment":"production","level":"info","message":"Cache hit for key: user:6a632a6da43bde62908710a6:transactions","service":"vtunova-api","timestamp":"2026-09-19 12:11:00"}
{"environment":"production","level":"info","message":"Notification formatted for type: loginAlert","service":"vtunova-api","timestamp":"2026-09-19 12:11:00"}
{"environment":"production","level":"info","message":"Notification formatted for type: loginAlert","service":"vtunova-api","timestamp":"2026-09-19 12:11:00"}
{"environment":"production","level":"info","message":"Notification formatted for type: loginAlert","service":"vtunova-api","timestamp":"2026-09-19 12:11:00"}
{"environment":"production","level":"info","message":"Notification formatted for type: loginAlert","service":"vtunova-api","timestamp":"2026-09-19 12:11:00"}
{"environment":"production","level":"info","message":"Notification formatted for type: transaction","service":"vtunova-api","timestamp":"2026-09-19 12:11:00"}
{"environment":"production","level":"info","message":"Notification formatted for type: transaction","service":"vtunova-api","timestamp":"2026-09-19 12:11:00"}
{"environment":"production","level":"info","message":"Notification formatted for type: transaction","service":"vtunova-api","timestamp":"2026-09-19 12:11:00"}
{"environment":"production","level":"info","message":"Cache hit for key: user:6a632a6da43bde62908710a6:notifications","service":"vtunova-api","timestamp":"2026-09-19 12:11:00"}
{"environment":"production","level":"info","message":"Cache hit for key: user:6a632a6da43bde62908710a6:transactions","service":"vtunova-api","timestamp":"2026-09-19 12:13:44"}
{"environment":"production","level":"info","message":"Notification formatted for type: loginAlert","service":"vtunova-api","timestamp":"2026-09-19 12:13:45"}
{"environment":"production","level":"info","message":"Notification formatted for type: loginAlert","service":"vtunova-api","timestamp":"2026-09-19 12:13:45"}
{"environment":"production","level":"info","message":"Notification formatted for type: loginAlert","service":"vtunova-api","timestamp":"2026-09-19 12:13:45"}
{"environment":"production","level":"info","message":"Notification formatted for type: loginAlert","service":"vtunova-api","timestamp":"2026-09-19 12:13:45"}
{"environment":"production","level":"info","message":"Notification formatted for type: transaction","service":"vtunova-api","timestamp":"2026-09-19 12:13:45"}
{"environment":"production","level":"info","message":"Notification formatted for type: transaction","service":"vtunova-api","timestamp":"2026-09-19 12:13:45"}
{"environment":"production","level":"info","message":"Notification formatted for type: transaction","service":"vtunova-api","timestamp":"2026-09-19 12:13:45"}
{"environment":"production","level":"info","message":"Cache hit for key: user:6a632a6da43bde62908710a6:notifications","service":"vtunova-api","timestamp":"2026-09-19 12:13:45"}
{"environment":"production","level":"info","message":"Cache hit for key: user:6a632a6da43bde62908710a6:transactions","service":"vtunova-api","timestamp":"2026-09-19 12:13:45"}
{"environment":"production","level":"info","message":"Notification formatted for type: loginAlert","service":"vtunova-api","timestamp":"2026-09-19 12:13:46"}
{"environment":"production","level":"info","message":"Notification formatted for type: loginAlert","service":"vtunova-api","timestamp":"2026-09-19 12:13:46"}
{"environment":"production","level":"info","message":"Notification formatted for type: loginAlert","service":"vtunova-api","timestamp":"2026-09-19 12:13:46"}
{"environment":"production","level":"info","message":"Notification formatted for type: loginAlert","service":"vtunova-api","timestamp":"2026-09-19 12:13:46"}
{"environment":"production","level":"info","message":"Notification formatted for type: transaction","service":"vtunova-api","timestamp":"2026-09-19 12:13:46"}
{"environment":"production","level":"info","message":"Notification formatted for type: transaction","service":"vtunova-api","timestamp":"2026-09-19 12:13:46"}
{"environment":"production","level":"info","message":"Notification formatted for type: transaction","service":"vtunova-api","timestamp":"2026-09-19 12:13:46"}
{"environment":"production","level":"info","message":"Cache hit for key: user:6a632a6da43bde62908710a6:notifications","service":"vtunova-api","timestamp":"2026-09-19 12:13:46"}
{"environment":"production","level":"info","message":"Cache hit for key: user:6a632a6da43bde62908710a6:transactions","service":"vtunova-api","timestamp":"2026-09-19 12:13:47"}
{"environment":"production","level":"info","message":"Notification formatted for type: loginAlert","service":"vtunova-api","timestamp":"2026-09-19 12:13:47"}
{"environment":"production","level":"info","message":"Notification formatted for type: loginAlert","service":"vtunova-api","timestamp":"2026-09-19 12:13:47"}
{"environment":"production","level":"info","message":"Notification formatted for type: loginAlert","service":"vtunova-api","timestamp":"2026-09-19 12:13:47"}
{"environment":"production","level":"info","message":"Notification formatted for type: loginAlert","service":"vtunova-api","timestamp":"2026-09-19 12:13:47"}
{"environment":"production","level":"info","message":"Notification formatted for type: transaction","service":"vtunova-api","timestamp":"2026-09-19 12:13:47"}
{"environment":"production","level":"info","message":"Notification formatted for type: transaction","service":"vtunova-api","timestamp":"2026-09-19 12:13:47"}
{"environment":"production","level":"info","message":"Notification formatted for type: transaction","service":"vtunova-api","timestamp":"2026-09-19 12:13:47"}
{"environment":"production","level":"info","message":"Cache hit for key: user:6a632a6da43bde62908710a6:notifications","service":"vtunova-api","timestamp":"2026-09-19 12:13:47"}
{"environment":"production","level":"info","message":"Cache hit for key: user:6a632a6da43bde62908710a6:transactions","service":"vtunova-api","timestamp":"2026-09-19 12:13:48"}
{"environment":"production","level":"info","message":"Notification formatted for type: loginAlert","service":"vtunova-api","timestamp":"2026-09-19 12:13:48"}
{"environment":"production","level":"info","message":"Notification formatted for type: loginAlert","service":"vtunova-api","timestamp":"2026-09-19 12:13:48"}
{"environment":"production","level":"info","message":"Notification formatted for type: loginAlert","service":"vtunova-api","timestamp":"2026-09-19 12:13:48"}
{"environment":"production","level":"info","message":"Notification formatted for type: loginAlert","service":"vtunova-api","timestamp":"2026-09-19 12:13:48"}
{"environment":"production","level":"info","message":"Notification formatted for type: transaction","service":"vtunova-api","timestamp":"2026-09-19 12:13:48"}
{"environment":"production","level":"info","message":"Notification formatted for type: transaction","service":"vtunova-api","timestamp":"2026-09-19 12:13:48"}
{"environment":"production","level":"info","message":"Notification formatted for type: transaction","service":"vtunova-api","timestamp":"2026-09-19 12:13:48"}
{"environment":"production","level":"info","message":"Cache hit for key: user:6a632a6da43bde62908710a6:notifications","service":"vtunova-api","timestamp":"2026-09-19 12:13:48"}
{"environment":"production","level":"info","message":"Cache hit for key: user:6a632a6da43bde62908710a6:transactions","service":"vtunova-api","timestamp":"2026-09-19 12:17:18"}
{"environment":"production","level":"info","message":"Notification formatted for type: loginAlert","service":"vtunova-api","timestamp":"2026-09-19 12:17:18"}
{"environment":"production","level":"info","message":"Notification formatted for type: loginAlert","service":"vtunova-api","timestamp":"2026-09-19 12:17:18"}
{"environment":"production","level":"info","message":"Notification formatted for type: loginAlert","service":"vtunova-api","timestamp":"2026-09-19 12:17:18"}
{"environment":"production","level":"info","message":"Notification formatted for type: loginAlert","service":"vtunova-api","timestamp":"2026-09-19 12:17:18"}
{"environment":"production","level":"info","message":"Notification formatted for type: transaction","service":"vtunova-api","timestamp":"2026-09-19 12:17:18"}
{"environment":"production","level":"info","message":"Notification formatted for type: transaction","service":"vtunova-api","timestamp":"2026-09-19 12:17:18"}
{"environment":"production","level":"info","message":"Notification formatted for type: transaction","service":"vtunova-api","timestamp":"2026-09-19 12:17:18"}
{"environment":"production","level":"info","message":"Cache hit for key: user:6a632a6da43bde62908710a6:notifications","service":"vtunova-api","timestamp":"2026-09-19 12:17:18"}
{"environment":"production","level":"info","message":"Cache hit for key: user:6a632a6da43bde62908710a6:transactions","service":"vtunova-api","timestamp":"2026-09-19 12:17:19"}
{"environment":"production","level":"info","message":"Notification formatted for type: loginAlert","service":"vtunova-api","timestamp":"2026-09-19 12:17:19"}
{"environment":"production","level":"info","message":"Notification formatted for type: loginAlert","service":"vtunova-api","timestamp":"2026-09-19 12:17:20"}
{"environment":"production","level":"info","message":"Notification formatted for type: loginAlert","service":"vtunova-api","timestamp":"2026-09-19 12:17:20"}
{"environment":"production","level":"info","message":"Notification formatted for type: loginAlert","service":"vtunova-api","timestamp":"2026-09-19 12:17:20"}
{"environment":"production","level":"info","message":"Notification formatted for type: transaction","service":"vtunova-api","timestamp":"2026-09-19 12:17:20"}
{"environment":"production","level":"info","message":"Notification formatted for type: transaction","service":"vtunova-api","timestamp":"2026-09-19 12:17:20"}
{"environment":"production","level":"info","message":"Notification formatted for type: transaction","service":"vtunova-api","timestamp":"2026-09-19 12:17:20"}
{"environment":"production","level":"info","message":"Cache hit for key: user:6a632a6da43bde62908710a6:notifications","service":"vtunova-api","timestamp":"2026-09-19 12:17:20"}
{"environment":"production","level":"info","message":"Cache hit for key: user:6a632a6da43bde62908710a6:transactions","service":"vtunova-api","timestamp":"2026-09-19 12:20:38"}
{"environment":"production","level":"info","message":"Notification formatted for type: loginAlert","service":"vtunova-api","timestamp":"2026-09-19 12:20:38"}
{"environment":"production","level":"info","message":"Notification formatted for type: loginAlert","service":"vtunova-api","timestamp":"2026-09-19 12:20:38"}
{"environment":"production","level":"info","message":"Notification formatted for type: loginAlert","service":"vtunova-api","timestamp":"2026-09-19 12:20:38"}
{"environment":"production","level":"info","message":"Notification formatted for type: loginAlert","service":"vtunova-api","timestamp":"2026-09-19 12:20:38"}
{"environment":"production","level":"info","message":"Notification formatted for type: transaction","service":"vtunova-api","timestamp":"2026-09-19 12:20:38"}
{"environment":"production","level":"info","message":"Notification formatted for type: transaction","service":"vtunova-api","timestamp":"2026-09-19 12:20:38"}
{"environment":"production","level":"info","message":"Notification formatted for type: transaction","service":"vtunova-api","timestamp":"2026-09-19 12:20:38"}
{"environment":"production","level":"info","message":"Cache hit for key: user:6a632a6da43bde62908710a6:notifications","service":"vtunova-api","timestamp":"2026-09-19 12:20:38"}
{"environment":"production","level":"info","message":"Cache hit for key: user:6a632a6da43bde62908710a6:transactions","service":"vtunova-api","timestamp":"2026-09-19 12:20:39"}
{"environment":"production","level":"info","message":"Notification formatted for type: loginAlert","service":"vtunova-api","timestamp":"2026-09-19 12:20:39"}
{"environment":"production","level":"info","message":"Notification formatted for type: loginAlert","service":"vtunova-api","timestamp":"2026-09-19 12:20:39"}
{"environment":"production","level":"info","message":"Notification formatted for type: loginAlert","service":"vtunova-api","timestamp":"2026-09-19 12:20:39"}
{"environment":"production","level":"info","message":"Notification formatted for type: loginAlert","service":"vtunova-api","timestamp":"2026-09-19 12:20:39"}
{"environment":"production","level":"info","message":"Notification formatted for type: transaction","service":"vtunova-api","timestamp":"2026-09-19 12:20:39"}
{"environment":"production","level":"info","message":"Notification formatted for type: transaction","service":"vtunova-api","timestamp":"2026-09-19 12:20:39"}
{"environment":"production","level":"info","message":"Notification formatted for type: transaction","service":"vtunova-api","timestamp":"2026-09-19 12:20:39"}
{"environment":"production","level":"info","message":"Cache hit for key: user:6a632a6da43bde62908710a6:notifications","service":"vtunova-api","timestamp":"2026-09-19 12:20:39"}
{"environment":"production","level":"info","message":"Cache hit for key: user:6a632a6da43bde62908710a6:profile","service":"vtunova-api","timestamp":"2026-09-19 12:21:26"}
{"environment":"production","level":"info","message":"Cache hit for key: user:6a632a6da43bde62908710a6:transactions","service":"vtunova-api","timestamp":"2026-09-19 12:21:28"}
{"environment":"production","level":"info","message":"Notification formatted for type: loginAlert","service":"vtunova-api","timestamp":"2026-09-19 12:21:28"}
{"environment":"production","level":"info","message":"Notification formatted for type: loginAlert","service":"vtunova-api","timestamp":"2026-09-19 12:21:28"}
{"environment":"production","level":"info","message":"Notification formatted for type: loginAlert","service":"vtunova-api","timestamp":"2026-09-19 12:21:28"}
{"environment":"production","level":"info","message":"Notification formatted for type: loginAlert","service":"vtunova-api","timestamp":"2026-09-19 12:21:28"}
{"environment":"production","level":"info","message":"Notification formatted for type: transaction","service":"vtunova-api","timestamp":"2026-09-19 12:21:28"}
{"environment":"production","level":"info","message":"Notification formatted for type: transaction","service":"vtunova-api","timestamp":"2026-09-19 12:21:28"}
{"environment":"production","level":"info","message":"Notification formatted for type: transaction","service":"vtunova-api","timestamp":"2026-09-19 12:21:28"}
{"environment":"production","level":"info","message":"Cache hit for key: user:6a632a6da43bde62908710a6:notifications","service":"vtunova-api","timestamp":"2026-09-19 12:21:28"}
{"environment":"production","level":"info","message":"Cache hit for key: user:6a632a6da43bde62908710a6:transactions","service":"vtunova-api","timestamp":"2026-09-19 12:21:29"}
{"environment":"production","level":"info","message":"Notification formatted for type: loginAlert","service":"vtunova-api","timestamp":"2026-09-19 12:21:29"}
{"environment":"production","level":"info","message":"Notification formatted for type: loginAlert","service":"vtunova-api","timestamp":"2026-09-19 12:21:29"}
{"environment":"production","level":"info","message":"Notification formatted for type: loginAlert","service":"vtunova-api","timestamp":"2026-09-19 12:21:29"}
{"environment":"production","level":"info","message":"Notification formatted for type: loginAlert","service":"vtunova-api","timestamp":"2026-09-19 12:21:29"}
{"environment":"production","level":"info","message":"Notification formatted for type: transaction","service":"vtunova-api","timestamp":"2026-09-19 12:21:29"}
{"environment":"production","level":"info","message":"Notification formatted for type: transaction","service":"vtunova-api","timestamp":"2026-09-19 12:21:29"}
{"environment":"production","level":"info","message":"Notification formatted for type: transaction","service":"vtunova-api","timestamp":"2026-09-19 12:21:29"}
{"environment":"production","level":"info","message":"Cache hit for key: user:6a632a6da43bde62908710a6:notifications","service":"vtunova-api","timestamp":"2026-09-19 12:21:30"}
{"environment":"production","level":"info","message":"Cache invalidated for key: user:6a632a6da43bde62908710a6:notifications","service":"vtunova-api","timestamp":"2026-09-19 12:21:35"}
{"environment":"production","level":"error","message":"Failed to invalidate cache for key: user:6a632a6da43bde62908710a6:notifications","service":"vtunova-api","timestamp":"2026-09-19 12:21:35"}
{"environment":"production","level":"info","message":"Cache hit for key: user:6a632a6da43bde62908710a6:transactions","service":"vtunova-api","timestamp":"2026-09-19 12:32:16"}
{"environment":"production","level":"error","message":"Failed to invalidate cache for key: user:6a632a6da43bde62908710a6:notifications","service":"vtunova-api","timestamp":"2026-09-19 12:32:16"}
{"environment":"production","level":"error","message":"Failed to invalidate cache for key: user:6a632a6da43bde62908710a6:notifications","service":"vtunova-api","timestamp":"2026-09-19 12:32:16"}
{"environment":"production","level":"info","message":"Notification formatted for type: loginAlert","service":"vtunova-api","timestamp":"2026-09-19 12:32:16"}
{"environment":"production","level":"info","message":"Notification formatted for type: loginAlert","service":"vtunova-api","timestamp":"2026-09-19 12:32:16"}
{"environment":"production","level":"info","message":"Notification formatted for type: loginAlert","service":"vtunova-api","timestamp":"2026-09-19 12:32:16"}
{"environment":"production","level":"info","message":"Notification formatted for type: loginAlert","service":"vtunova-api","timestamp":"2026-09-19 12:32:16"}
{"environment":"production","level":"info","message":"Notification formatted for type: transaction","service":"vtunova-api","timestamp":"2026-09-19 12:32:16"}
{"environment":"production","level":"info","message":"Notification formatted for type: transaction","service":"vtunova-api","timestamp":"2026-09-19 12:32:16"}
{"environment":"production","level":"info","message":"Notification formatted for type: transaction","service":"vtunova-api","timestamp":"2026-09-19 12:32:16"}
{"environment":"production","level":"info","message":"Cache miss for key: user:6a632a6da43bde62908710a6:notifications","service":"vtunova-api","timestamp":"2026-09-19 12:32:16"}
{"environment":"production","level":"info","message":"Cache set for key: user:6a632a6da43bde62908710a6:notifications","service":"vtunova-api","timestamp":"2026-09-19 12:32:17"}
{"environment":"production","level":"info","message":"Cache hit for key: user:6a632a6da43bde62908710a6:transactions","service":"vtunova-api","timestamp":"2026-09-19 12:32:18"}
{"environment":"production","level":"info","message":"Notification formatted for type: loginAlert","service":"vtunova-api","timestamp":"2026-09-19 12:32:18"}
{"environment":"production","level":"info","message":"Notification formatted for type: loginAlert","service":"vtunova-api","timestamp":"2026-09-19 12:32:18"}
{"environment":"production","level":"info","message":"Notification formatted for type: loginAlert","service":"vtunova-api","timestamp":"2026-09-19 12:32:18"}
{"environment":"production","level":"info","message":"Notification formatted for type: loginAlert","service":"vtunova-api","timestamp":"2026-09-19 12:32:18"}
{"environment":"production","level":"info","message":"Notification formatted for type: transaction","service":"vtunova-api","timestamp":"2026-09-19 12:32:18"}
{"environment":"production","level":"info","message":"Notification formatted for type: transaction","service":"vtunova-api","timestamp":"2026-09-19 12:32:18"}
{"environment":"production","level":"info","message":"Notification formatted for type: transaction","service":"vtunova-api","timestamp":"2026-09-19 12:32:18"}
{"environment":"production","level":"info","message":"Cache hit for key: user:6a632a6da43bde62908710a6:notifications","service":"vtunova-api","timestamp":"2026-09-19 12:32:18"}
{"environment":"production","level":"info","message":"Cache hit for key: user:6a632a6da43bde62908710a6:profile","service":"vtunova-api","timestamp":"2026-09-19 12:33:39"}
{"environment":"production","level":"info","message":"Cache invalidated for key: user:6a632a6da43bde62908710a6:notifications","service":"vtunova-api","timestamp":"2026-09-19 12:33:41"}
{"environment":"production","level":"error","message":"Failed to invalidate cache for key: user:6a632a6da43bde62908710a6:notifications","service":"vtunova-api","timestamp":"2026-09-19 12:33:41"}
{"environment":"production","level":"info","message":"Cache hit for key: user:6a632a6da43bde62908710a6:transactions","service":"vtunova-api","timestamp":"2026-09-19 12:33:41"}
{"environment":"production","level":"info","message":"Notification formatted for type: loginAlert","service":"vtunova-api","timestamp":"2026-09-19 12:33:41"}
{"environment":"production","level":"info","message":"Notification formatted for type: loginAlert","service":"vtunova-api","timestamp":"2026-09-19 12:33:41"}
{"environment":"production","level":"info","message":"Notification formatted for type: loginAlert","service":"vtunova-api","timestamp":"2026-09-19 12:33:41"}
{"environment":"production","level":"info","message":"Notification formatted for type: loginAlert","service":"vtunova-api","timestamp":"2026-09-19 12:33:41"}
{"environment":"production","level":"info","message":"Notification formatted for type: transaction","service":"vtunova-api","timestamp":"2026-09-19 12:33:41"}
{"environment":"production","level":"info","message":"Notification formatted for type: transaction","service":"vtunova-api","timestamp":"2026-09-19 12:33:41"}
{"environment":"production","level":"info","message":"Notification formatted for type: transaction","service":"vtunova-api","timestamp":"2026-09-19 12:33:41"}
{"environment":"production","level":"info","message":"Cache miss for key: user:6a632a6da43bde62908710a6:notifications","service":"vtunova-api","timestamp":"2026-09-19 12:33:41"}
{"environment":"production","level":"info","message":"Cache set for key: user:6a632a6da43bde62908710a6:notifications","service":"vtunova-api","timestamp":"2026-09-19 12:33:42"}
{"environment":"production","level":"info","message":"Cache hit for key: user:6a632a6da43bde62908710a6:transactions","service":"vtunova-api","timestamp":"2026-09-19 12:33:43"}
{"environment":"production","level":"info","message":"Notification formatted for type: loginAlert","service":"vtunova-api","timestamp":"2026-09-19 12:33:43"}
{"environment":"production","level":"info","message":"Notification formatted for type: loginAlert","service":"vtunova-api","timestamp":"2026-09-19 12:33:43"}
{"environment":"production","level":"info","message":"Notification formatted for type: loginAlert","service":"vtunova-api","timestamp":"2026-09-19 12:33:43"}
{"environment":"production","level":"info","message":"Notification formatted for type: loginAlert","service":"vtunova-api","timestamp":"2026-09-19 12:33:43"}
{"environment":"production","level":"info","message":"Notification formatted for type: transaction","service":"vtunova-api","timestamp":"2026-09-19 12:33:43"}
{"environment":"production","level":"info","message":"Notification formatted for type: transaction","service":"vtunova-api","timestamp":"2026-09-19 12:33:43"}
{"environment":"production","level":"info","message":"Notification formatted for type: transaction","service":"vtunova-api","timestamp":"2026-09-19 12:33:43"}
{"environment":"production","level":"info","message":"Cache hit for key: user:6a632a6da43bde62908710a6:notifications","service":"vtunova-api","timestamp":"2026-09-19 12:33:43"}
{"environment":"production","level":"info","message":"Clearing cache for user 6a632a6da43bde62908710a6: deleted 3 key(s)","service":"vtunova-api","timestamp":"2026-09-19 12:33:49"}
{"environment":"production","level":"info","message":"Cache cleared for user 6a632a6da43bde62908710a6","service":"vtunova-api","timestamp":"2026-09-19 12:33:49"}
{"environment":"production","level":"info","message":"User login notification queued successfully","service":"vtunova-api","timestamp":"2026-09-19 12:33:54"}
{"environment":"production","level":"info","message":"[notif-worker] Processing job: loginAlert (id=215)","service":"vtunova-api","timestamp":"2026-09-19 12:33:55"}
{"environment":"production","level":"info","message":"[notif-worker] Job data: {\"userId\":\"6a632a6da43bde62908710a6\",\"type\":\"loginAlert\"}","service":"vtunova-api","timestamp":"2026-09-19 12:33:55"}
{"environment":"production","level":"info","message":"[notif-worker] Processing login alert for user 6a632a6da43bde62908710a6","service":"vtunova-api","timestamp":"2026-09-19 12:33:55"}
{"environment":"production","level":"info","message":"[email-worker] Processing job: loginAlert (id=209)","service":"vtunova-api","timestamp":"2026-09-19 12:33:55"}
{"environment":"production","level":"info","message":"Notification created:","service":"vtunova-api","timestamp":"2026-09-19 12:33:56"}
{"environment":"production","level":"error","message":"Failed to invalidate cache for key: user:6a632a6da43bde62908710a6:notifications","service":"vtunova-api","timestamp":"2026-09-19 12:33:56"}
{"environment":"production","level":"error","message":"Failed to invalidate cache for key: user:6a632a6da43bde62908710a6:notification","service":"vtunova-api","timestamp":"2026-09-19 12:33:56"}
{"environment":"production","level":"info","message":"[notif-worker] Job 215 completed successfully","service":"vtunova-api","timestamp":"2026-09-19 12:33:56"}
{"environment":"production","level":"error","message":"Failed to invalidate cache for key: user:6a632a6da43bde62908710a6:notifications","service":"vtunova-api","timestamp":"2026-09-19 12:34:01"}
{"environment":"production","level":"error","message":"Failed to invalidate cache for key: user:6a632a6da43bde62908710a6:notifications","service":"vtunova-api","timestamp":"2026-09-19 12:34:01"}
{"environment":"production","level":"info","message":"[email-worker] Job 209 completed","service":"vtunova-api","timestamp":"2026-09-19 12:34:03"}
{"environment":"production","level":"info","message":"Cache miss for key: user:6a632a6da43bde62908710a6:profile","service":"vtunova-api","timestamp":"2026-09-19 12:34:22"}
{"environment":"production","level":"info","message":"Cache set for key: user:6a632a6da43bde62908710a6:profile","service":"vtunova-api","timestamp":"2026-09-19 12:34:22"}
{"environment":"production","level":"error","message":"Failed to invalidate cache for key: user:6a632a6da43bde62908710a6:notifications","service":"vtunova-api","timestamp":"2026-09-19 12:34:24"}
{"environment":"production","level":"error","message":"Failed to invalidate cache for key: user:6a632a6da43bde62908710a6:notifications","service":"vtunova-api","timestamp":"2026-09-19 12:34:24"}
{"environment":"production","level":"info","message":"Cache miss for key: user:6a632a6da43bde62908710a6:transactions","service":"vtunova-api","timestamp":"2026-09-19 12:34:24"}
{"environment":"production","level":"info","message":"Cache set for key: user:6a632a6da43bde62908710a6:transactions","service":"vtunova-api","timestamp":"2026-09-19 12:34:24"}
{"environment":"production","level":"info","message":"Cache set for user 6a632a6da43bde62908710a6","service":"vtunova-api","timestamp":"2026-09-19 12:34:24"}
{"environment":"production","level":"info","message":"Notification formatted for type: loginAlert","service":"vtunova-api","timestamp":"2026-09-19 12:34:24"}
{"environment":"production","level":"info","message":"Notification formatted for type: loginAlert","service":"vtunova-api","timestamp":"2026-09-19 12:34:24"}
{"environment":"production","level":"info","message":"Notification formatted for type: loginAlert","service":"vtunova-api","timestamp":"2026-09-19 12:34:24"}
{"environment":"production","level":"info","message":"Notification formatted for type: loginAlert","service":"vtunova-api","timestamp":"2026-09-19 12:34:24"}
{"environment":"production","level":"info","message":"Notification formatted for type: loginAlert","service":"vtunova-api","timestamp":"2026-09-19 12:34:24"}
{"environment":"production","level":"info","message":"Notification formatted for type: transaction","service":"vtunova-api","timestamp":"2026-09-19 12:34:24"}
{"environment":"production","level":"info","message":"Notification formatted for type: transaction","service":"vtunova-api","timestamp":"2026-09-19 12:34:24"}
{"environment":"production","level":"info","message":"Notification formatted for type: transaction","service":"vtunova-api","timestamp":"2026-09-19 12:34:24"}
{"environment":"production","level":"info","message":"Cache miss for key: user:6a632a6da43bde62908710a6:notifications","service":"vtunova-api","timestamp":"2026-09-19 12:34:24"}
{"environment":"production","level":"info","message":"Cache set for key: user:6a632a6da43bde62908710a6:notifications","service":"vtunova-api","timestamp":"2026-09-19 12:34:25"}
{"environment":"production","level":"info","message":"Cache hit for key: user:6a632a6da43bde62908710a6:transactions","service":"vtunova-api","timestamp":"2026-09-19 12:34:25"}
{"environment":"production","level":"info","message":"Notification formatted for type: loginAlert","service":"vtunova-api","timestamp":"2026-09-19 12:34:25"}
{"environment":"production","level":"info","message":"Notification formatted for type: loginAlert","service":"vtunova-api","timestamp":"2026-09-19 12:34:25"}
{"environment":"production","level":"info","message":"Notification formatted for type: loginAlert","service":"vtunova-api","timestamp":"2026-09-19 12:34:25"}
{"environment":"production","level":"info","message":"Notification formatted for type: loginAlert","service":"vtunova-api","timestamp":"2026-09-19 12:34:25"}
{"environment":"production","level":"info","message":"Notification formatted for type: loginAlert","service":"vtunova-api","timestamp":"2026-09-19 12:34:25"}
{"environment":"production","level":"info","message":"Notification formatted for type: transaction","service":"vtunova-api","timestamp":"2026-09-19 12:34:25"}
{"environment":"production","level":"info","message":"Notification formatted for type: transaction","service":"vtunova-api","timestamp":"2026-09-19 12:34:25"}
{"environment":"production","level":"info","message":"Notification formatted for type: transaction","service":"vtunova-api","timestamp":"2026-09-19 12:34:26"}
{"environment":"production","level":"info","message":"Cache hit for key: user:6a632a6da43bde62908710a6:notifications","service":"vtunova-api","timestamp":"2026-09-19 12:34:26"}
{"code":"ECONNRESET","environment":"production","errno":-4077,"level":"error","message":"Redis Client Error read ECONNRESET","service":"vtunova-api","stack":"Error: read ECONNRESET\n    at TCP.onStreamRead (node:internal/stream_base_commons:216:20)","syscall":"read","timestamp":"2026-09-19 14:15:10"}
{"code":"ECONNRESET","environment":"production","errno":-4077,"level":"error","message":"[notif-worker] Worker error: read ECONNRESET","service":"vtunova-api","stack":"Error: read ECONNRESET\n    at TCP.onStreamRead (node:internal/stream_base_commons:216:20)","syscall":"read","timestamp":"2026-09-19 14:15:10"}
{"environment":"production","level":"info","message":"Redis client connected","service":"vtunova-api","timestamp":"2026-09-19 14:15:10"}
{"environment":"production","level":"info","message":"Cache hit for key: user:6a632a6da43bde62908710a6:profile","service":"vtunova-api","timestamp":"2026-09-19 14:15:57"}
{"environment":"production","level":"info","message":"Cache invalidated for key: user:6a632a6da43bde62908710a6:notifications","service":"vtunova-api","timestamp":"2026-09-19 14:16:00"}
{"environment":"production","level":"info","message":"Cache hit for key: user:6a632a6da43bde62908710a6:transactions","service":"vtunova-api","timestamp":"2026-09-19 14:16:00"}
{"environment":"production","level":"info","message":"Notification formatted for type: loginAlert","service":"vtunova-api","timestamp":"2026-09-19 14:16:00"}
{"environment":"production","level":"info","message":"Notification formatted for type: loginAlert","service":"vtunova-api","timestamp":"2026-09-19 14:16:00"}
{"environment":"production","level":"info","message":"Notification formatted for type: loginAlert","service":"vtunova-api","timestamp":"2026-09-19 14:16:00"}
{"environment":"production","level":"info","message":"Notification formatted for type: loginAlert","service":"vtunova-api","timestamp":"2026-09-19 14:16:00"}
{"environment":"production","level":"info","message":"Notification formatted for type: loginAlert","service":"vtunova-api","timestamp":"2026-09-19 14:16:00"}
{"environment":"production","level":"info","message":"Notification formatted for type: transaction","service":"vtunova-api","timestamp":"2026-09-19 14:16:00"}
{"environment":"production","level":"info","message":"Notification formatted for type: transaction","service":"vtunova-api","timestamp":"2026-09-19 14:16:00"}
{"environment":"production","level":"info","message":"Notification formatted for type: transaction","service":"vtunova-api","timestamp":"2026-09-19 14:16:00"}
{"environment":"production","level":"error","message":"Failed to invalidate cache for key: user:6a632a6da43bde62908710a6:notifications","service":"vtunova-api","timestamp":"2026-09-19 14:16:01"}
{"environment":"production","level":"info","message":"Cache miss for key: user:6a632a6da43bde62908710a6:notifications","service":"vtunova-api","timestamp":"2026-09-19 14:16:01"}
{"environment":"production","level":"info","message":"Cache set for key: user:6a632a6da43bde62908710a6:notifications","service":"vtunova-api","timestamp":"2026-09-19 14:16:01"}
{"environment":"production","level":"info","message":"Cache hit for key: user:6a632a6da43bde62908710a6:transactions","service":"vtunova-api","timestamp":"2026-09-19 14:16:02"}
{"environment":"production","level":"info","message":"Notification formatted for type: loginAlert","service":"vtunova-api","timestamp":"2026-09-19 14:16:02"}
{"environment":"production","level":"info","message":"Notification formatted for type: loginAlert","service":"vtunova-api","timestamp":"2026-09-19 14:16:02"}
{"environment":"production","level":"info","message":"Notification formatted for type: loginAlert","service":"vtunova-api","timestamp":"2026-09-19 14:16:02"}
{"environment":"production","level":"info","message":"Notification formatted for type: loginAlert","service":"vtunova-api","timestamp":"2026-09-19 14:16:02"}
{"environment":"production","level":"info","message":"Notification formatted for type: loginAlert","service":"vtunova-api","timestamp":"2026-09-19 14:16:02"}
{"environment":"production","level":"info","message":"Notification formatted for type: transaction","service":"vtunova-api","timestamp":"2026-09-19 14:16:02"}
{"environment":"production","level":"info","message":"Notification formatted for type: transaction","service":"vtunova-api","timestamp":"2026-09-19 14:16:02"}
{"environment":"production","level":"info","message":"Notification formatted for type: transaction","service":"vtunova-api","timestamp":"2026-09-19 14:16:02"}
{"environment":"production","level":"info","message":"Cache hit for key: user:6a632a6da43bde62908710a6:notifications","service":"vtunova-api","timestamp":"2026-09-19 14:16:02"}
{"environment":"production","level":"info","message":"Email transport ready via smtp.gmail.com","service":"vtunova-api","timestamp":"2026-09-19 14:19:17"}
{"environment":"production","level":"info","message":"Redis client connected","service":"vtunova-api","timestamp":"2026-09-19 14:19:42"}
{"environment":"production","level":"info","message":"SMTP connection veried","service":"vtunova-api","timestamp":"2026-09-19 14:19:52"}
{"environment":"production","level":"info","message":"Email listeners registered for 10 event type(s)","service":"vtunova-api","timestamp":"2026-09-19 14:19:52"}
{"environment":"production","level":"info","message":"Notification listeners registered for 12 event type(s)","service":"vtunova-api","timestamp":"2026-09-19 14:19:52"}
{"environment":"production","level":"info","message":"VtuNova Platform running on port 3000 [production]","service":"vtunova-api","timestamp":"2026-09-19 14:19:52"}
{"environment":"production","level":"info","message":"API Docs: http://localhost:3000/api","service":"vtunova-api","timestamp":"2026-09-19 14:19:52"}
{"code":"ECONNRESET","environment":"production","errno":-4077,"level":"error","message":"[notif-worker] Worker error: read ECONNRESET","service":"vtunova-api","stack":"Error: read ECONNRESET\n    at TCP.onStreamRead (node:internal/stream_base_commons:216:20)","syscall":"read","timestamp":"2026-09-19 15:37:34"}
{"code":"ECONNRESET","environment":"production","errno":-4077,"level":"error","message":"Redis Client Error read ECONNRESET","service":"vtunova-api","stack":"Error: read ECONNRESET\n    at TCP.onStreamRead (node:internal/stream_base_commons:216:20)","syscall":"read","timestamp":"2026-09-19 15:37:34"}
{"environment":"production","level":"info","message":"Redis client connected","service":"vtunova-api","timestamp":"2026-09-19 15:37:34"}
{"code":"ECONNRESET","environment":"production","errno":-4077,"level":"error","message":"[notif-worker] Worker error: read ECONNRESET","service":"vtunova-api","stack":"Error: read ECONNRESET\n    at TCP.onStreamRead (node:internal/stream_base_commons:216:20)","syscall":"read","timestamp":"2026-09-19 15:37:42"}
{"environment":"production","level":"info","message":"Email transport ready via smtp.gmail.com","service":"vtunova-api","timestamp":"2026-09-19 15:55:10"}
{"environment":"production","level":"info","message":"Redis client connected","service":"vtunova-api","timestamp":"2026-09-19 15:55:13"}
{"environment":"production","level":"info","message":"SMTP connection veried","service":"vtunova-api","timestamp":"2026-09-19 15:55:23"}
{"environment":"production","level":"info","message":"Email listeners registered for 10 event type(s)","service":"vtunova-api","timestamp":"2026-09-19 15:55:23"}
{"environment":"production","level":"info","message":"Notification listeners registered for 12 event type(s)","service":"vtunova-api","timestamp":"2026-09-19 15:55:23"}
{"environment":"production","level":"info","message":"VtuNova Platform running on port 3000 [production]","service":"vtunova-api","timestamp":"2026-09-19 15:55:23"}
{"environment":"production","level":"info","message":"API Docs: http://localhost:3000/api","service":"vtunova-api","timestamp":"2026-09-19 15:55:23"}
{"environment":"production","level":"info","message":"Cache hit for key: user:6a632a6da43bde62908710a6:profile","service":"vtunova-api","timestamp":"2026-09-19 15:56:07"}
{"environment":"production","level":"info","message":"Cache invalidated for key: user:6a632a6da43bde62908710a6:notifications","service":"vtunova-api","timestamp":"2026-09-19 15:56:09"}
{"environment":"production","level":"error","message":"Failed to invalidate cache for key: user:6a632a6da43bde62908710a6:notifications","service":"vtunova-api","timestamp":"2026-09-19 15:56:09"}
{"environment":"production","level":"info","message":"Cache hit for key: user:6a632a6da43bde62908710a6:transactions","service":"vtunova-api","timestamp":"2026-09-19 15:56:09"}
{"environment":"production","level":"info","message":"Notification formatted for type: loginAlert","service":"vtunova-api","timestamp":"2026-09-19 15:56:09"}
{"environment":"production","level":"info","message":"Notification formatted for type: loginAlert","service":"vtunova-api","timestamp":"2026-09-19 15:56:09"}
{"environment":"production","level":"info","message":"Notification formatted for type: loginAlert","service":"vtunova-api","timestamp":"2026-09-19 15:56:09"}
{"environment":"production","level":"info","message":"Notification formatted for type: loginAlert","service":"vtunova-api","timestamp":"2026-09-19 15:56:09"}
{"environment":"production","level":"info","message":"Notification formatted for type: loginAlert","service":"vtunova-api","timestamp":"2026-09-19 15:56:09"}
{"environment":"production","level":"info","message":"Notification formatted for type: system","service":"vtunova-api","timestamp":"2026-09-19 15:56:09"}
{"environment":"production","level":"info","message":"Notification formatted for type: system","service":"vtunova-api","timestamp":"2026-09-19 15:56:09"}
{"environment":"production","level":"info","message":"Notification formatted for type: system","service":"vtunova-api","timestamp":"2026-09-19 15:56:09"}
{"environment":"production","level":"info","message":"Cache miss for key: user:6a632a6da43bde62908710a6:notifications","service":"vtunova-api","timestamp":"2026-09-19 15:56:10"}
{"environment":"production","level":"info","message":"Cache set for key: user:6a632a6da43bde62908710a6:notifications","service":"vtunova-api","timestamp":"2026-09-19 15:56:10"}
{"environment":"production","level":"info","message":"Cache hit for key: user:6a632a6da43bde62908710a6:transactions","service":"vtunova-api","timestamp":"2026-09-19 15:56:10"}
{"environment":"production","level":"info","message":"Notification formatted for type: loginAlert","service":"vtunova-api","timestamp":"2026-09-19 15:56:11"}
{"environment":"production","level":"info","message":"Notification formatted for type: loginAlert","service":"vtunova-api","timestamp":"2026-09-19 15:56:11"}
{"environment":"production","level":"info","message":"Notification formatted for type: loginAlert","service":"vtunova-api","timestamp":"2026-09-19 15:56:11"}
{"environment":"production","level":"info","message":"Notification formatted for type: loginAlert","service":"vtunova-api","timestamp":"2026-09-19 15:56:11"}
{"environment":"production","level":"info","message":"Notification formatted for type: loginAlert","service":"vtunova-api","timestamp":"2026-09-19 15:56:11"}
{"environment":"production","level":"info","message":"Notification formatted for type: system","service":"vtunova-api","timestamp":"2026-09-19 15:56:11"}
{"environment":"production","level":"info","message":"Notification formatted for type: system","service":"vtunova-api","timestamp":"2026-09-19 15:56:11"}
{"environment":"production","level":"info","message":"Notification formatted for type: system","service":"vtunova-api","timestamp":"2026-09-19 15:56:11"}
{"environment":"production","level":"info","message":"Cache hit for key: user:6a632a6da43bde62908710a6:notifications","service":"vtunova-api","timestamp":"2026-09-19 15:56:11"}
{"environment":"production","level":"info","message":"Clearing cache for user 6a632a6da43bde62908710a6: deleted 3 key(s)","service":"vtunova-api","timestamp":"2026-09-19 15:56:34"}
{"environment":"production","level":"info","message":"Cache cleared for user 6a632a6da43bde62908710a6","service":"vtunova-api","timestamp":"2026-09-19 15:56:34"}
{"environment":"production","level":"info","message":"User login notification queued successfully","service":"vtunova-api","timestamp":"2026-09-19 15:56:39"}
{"environment":"production","level":"info","message":"[email-worker] Processing job: loginAlert (id=210)","service":"vtunova-api","timestamp":"2026-09-19 15:56:40"}
{"environment":"production","level":"info","message":"[notif-worker] Processing job: loginAlert (id=216)","service":"vtunova-api","timestamp":"2026-09-19 15:56:40"}
{"environment":"production","level":"info","message":"[notif-worker] Job data: {\"userId\":\"6a58a50209c6cbe98e9f9e40\",\"type\":\"loginAlert\"}","service":"vtunova-api","timestamp":"2026-09-19 15:56:40"}
{"environment":"production","level":"info","message":"[notif-worker] Processing login alert for user 6a58a50209c6cbe98e9f9e40","service":"vtunova-api","timestamp":"2026-09-19 15:56:40"}
{"environment":"production","level":"info","message":"Notification created:","service":"vtunova-api","timestamp":"2026-09-19 15:56:40"}
{"environment":"production","level":"info","message":"Cache invalidated for key: user:6a58a50209c6cbe98e9f9e40:notifications","service":"vtunova-api","timestamp":"2026-09-19 15:56:41"}
{"environment":"production","level":"error","message":"Failed to invalidate cache for key: user:6a58a50209c6cbe98e9f9e40:notification","service":"vtunova-api","timestamp":"2026-09-19 15:56:41"}
{"environment":"production","level":"info","message":"[notif-worker] Job 216 completed successfully","service":"vtunova-api","timestamp":"2026-09-19 15:56:41"}
{"environment":"production","level":"info","message":"[email-worker] Job 210 completed","service":"vtunova-api","timestamp":"2026-09-19 15:56:42"}
{"environment":"production","level":"error","message":"Failed to invalidate cache for key: user:6a58a50209c6cbe98e9f9e40:notifications","service":"vtunova-api","timestamp":"2026-09-19 15:56:46"}
{"environment":"production","level":"error","message":"Failed to invalidate cache for key: user:6a58a50209c6cbe98e9f9e40:notifications","service":"vtunova-api","timestamp":"2026-09-19 15:56:46"}
{"environment":"production","level":"info","message":"Cache miss for key: user:6a58a50209c6cbe98e9f9e40:profile","service":"vtunova-api","timestamp":"2026-09-19 15:56:55"}
{"environment":"production","level":"info","message":"Cache set for key: user:6a58a50209c6cbe98e9f9e40:profile","service":"vtunova-api","timestamp":"2026-09-19 15:56:55"}
{"environment":"production","level":"error","message":"Failed to invalidate cache for key: user:6a58a50209c6cbe98e9f9e40:notifications","service":"vtunova-api","timestamp":"2026-09-19 15:56:57"}
{"environment":"production","level":"error","message":"Failed to invalidate cache for key: user:6a58a50209c6cbe98e9f9e40:notifications","service":"vtunova-api","timestamp":"2026-09-19 15:56:57"}
{"environment":"production","level":"info","message":"Cache hit for key: user:6a58a50209c6cbe98e9f9e40:transactions","service":"vtunova-api","timestamp":"2026-09-19 15:56:57"}
{"environment":"production","level":"info","message":"Notification formatted for type: loginAlert","service":"vtunova-api","timestamp":"2026-09-19 15:56:57"}
{"environment":"production","level":"info","message":"Notification formatted for type: loginAlert","service":"vtunova-api","timestamp":"2026-09-19 15:56:57"}
{"environment":"production","level":"info","message":"Notification formatted for type: loginAlert","service":"vtunova-api","timestamp":"2026-09-19 15:56:57"}
{"environment":"production","level":"info","message":"Notification formatted for type: system","service":"vtunova-api","timestamp":"2026-09-19 15:56:57"}
{"environment":"production","level":"info","message":"Cache miss for key: user:6a58a50209c6cbe98e9f9e40:notifications","service":"vtunova-api","timestamp":"2026-09-19 15:56:57"}
{"environment":"production","level":"info","message":"Cache set for key: user:6a58a50209c6cbe98e9f9e40:notifications","service":"vtunova-api","timestamp":"2026-09-19 15:56:57"}
{"environment":"production","level":"info","message":"Cache hit for key: user:6a58a50209c6cbe98e9f9e40:transactions","service":"vtunova-api","timestamp":"2026-09-19 15:56:58"}
{"environment":"production","level":"info","message":"Notification formatted for type: loginAlert","service":"vtunova-api","timestamp":"2026-09-19 15:56:58"}
{"environment":"production","level":"info","message":"Notification formatted for type: loginAlert","service":"vtunova-api","timestamp":"2026-09-19 15:56:58"}
{"environment":"production","level":"info","message":"Notification formatted for type: loginAlert","service":"vtunova-api","timestamp":"2026-09-19 15:56:58"}
{"environment":"production","level":"info","message":"Notification formatted for type: system","service":"vtunova-api","timestamp":"2026-09-19 15:56:58"}
{"environment":"production","level":"info","message":"Cache hit for key: user:6a58a50209c6cbe98e9f9e40:notifications","service":"vtunova-api","timestamp":"2026-09-19 15:56:59"}
{"environment":"production","level":"info","message":"Cache invalidated for key: user:6a58a50209c6cbe98e9f9e40:transactions","service":"vtunova-api","timestamp":"2026-09-19 16:01:55"}
{"environment":"production","level":"info","message":"Cache invalidated for user 6a58a50209c6cbe98e9f9e40","service":"vtunova-api","timestamp":"2026-09-19 16:01:55"}
{"environment":"production","level":"info","message":"Transaction saved to DB","service":"vtunova-api","timestamp":"2026-09-19 16:01:55"}
{"environment":"production","level":"info","message":"Airtime purchase notification queued successfully","service":"vtunova-api","timestamp":"2026-09-19 16:01:55"}
{"environment":"production","level":"info","message":"[notif-worker] Processing job: airtimePurchase (id=217)","service":"vtunova-api","timestamp":"2026-09-19 16:01:55"}
{"environment":"production","level":"info","message":"[notif-worker] Job data: {\"transactionId\":\"6aaea3e2113825a6825f41f4\",\"userId\":\"6a58a50209c6cbe98e9f9e40\",\"type\":\"airtime\"}","service":"vtunova-api","timestamp":"2026-09-19 16:01:55"}
{"environment":"production","level":"info","message":"job proccessing for user 6a58a50209c6cbe98e9f9e40","service":"vtunova-api","timestamp":"2026-09-19 16:01:55"}
{"environment":"production","level":"info","message":"Notification created:","service":"vtunova-api","timestamp":"2026-09-19 16:01:56"}
{"environment":"production","level":"info","message":"Cache invalidated for key: user:6a58a50209c6cbe98e9f9e40:notifications","service":"vtunova-api","timestamp":"2026-09-19 16:01:56"}
{"environment":"production","level":"error","message":"Failed to invalidate cache for key: user:6a58a50209c6cbe98e9f9e40:notification","service":"vtunova-api","timestamp":"2026-09-19 16:01:56"}
{"environment":"production","level":"info","message":"[notif-worker] Job 217 completed successfully","service":"vtunova-api","timestamp":"2026-09-19 16:01:56"}
{"environment":"production","level":"error","message":"Failed to invalidate cache for key: user:6a58a50209c6cbe98e9f9e40:notifications","service":"vtunova-api","timestamp":"2026-09-19 16:02:10"}
{"environment":"production","level":"error","message":"Failed to invalidate cache for key: user:6a58a50209c6cbe98e9f9e40:notifications","service":"vtunova-api","timestamp":"2026-09-19 16:02:10"}
{"environment":"production","level":"info","message":"Cache hit for key: user:6a58a50209c6cbe98e9f9e40:profile","service":"vtunova-api","timestamp":"2026-09-19 16:02:14"}
{"environment":"production","level":"info","message":"Cache miss for key: user:6a58a50209c6cbe98e9f9e40:transactions","service":"vtunova-api","timestamp":"2026-09-19 16:02:15"}
{"environment":"production","level":"info","message":"Cache set for key: user:6a58a50209c6cbe98e9f9e40:transactions","service":"vtunova-api","timestamp":"2026-09-19 16:02:15"}
{"environment":"production","level":"info","message":"Cache set for user 6a58a50209c6cbe98e9f9e40","service":"vtunova-api","timestamp":"2026-09-19 16:02:15"}
{"environment":"production","level":"info","message":"Notification formatted for type: airtime","service":"vtunova-api","timestamp":"2026-09-19 16:02:15"}
{"environment":"production","level":"info","message":"Notification formatted for type: loginAlert","service":"vtunova-api","timestamp":"2026-09-19 16:02:15"}
{"environment":"production","level":"info","message":"Notification formatted for type: loginAlert","service":"vtunova-api","timestamp":"2026-09-19 16:02:15"}
{"environment":"production","level":"info","message":"Notification formatted for type: loginAlert","service":"vtunova-api","timestamp":"2026-09-19 16:02:15"}
{"environment":"production","level":"info","message":"Notification formatted for type: system","service":"vtunova-api","timestamp":"2026-09-19 16:02:15"}
{"environment":"production","level":"info","message":"Cache miss for key: user:6a58a50209c6cbe98e9f9e40:notifications","service":"vtunova-api","timestamp":"2026-09-19 16:02:16"}
{"environment":"production","level":"info","message":"Cache set for key: user:6a58a50209c6cbe98e9f9e40:notifications","service":"vtunova-api","timestamp":"2026-09-19 16:02:16"}
{"environment":"production","level":"info","message":"Cache hit for key: user:6a58a50209c6cbe98e9f9e40:transactions","service":"vtunova-api","timestamp":"2026-09-19 16:02:16"}
{"environment":"production","level":"info","message":"Notification formatted for type: airtime","service":"vtunova-api","timestamp":"2026-09-19 16:02:17"}
{"environment":"production","level":"info","message":"Notification formatted for type: loginAlert","service":"vtunova-api","timestamp":"2026-09-19 16:02:17"}
{"environment":"production","level":"info","message":"Notification formatted for type: loginAlert","service":"vtunova-api","timestamp":"2026-09-19 16:02:17"}
{"environment":"production","level":"info","message":"Notification formatted for type: loginAlert","service":"vtunova-api","timestamp":"2026-09-19 16:02:17"}
{"environment":"production","level":"info","message":"Notification formatted for type: system","service":"vtunova-api","timestamp":"2026-09-19 16:02:17"}
{"environment":"production","level":"info","message":"Cache hit for key: user:6a58a50209c6cbe98e9f9e40:notifications","service":"vtunova-api","timestamp":"2026-09-19 16:02:17"}
{"environment":"production","level":"info","message":"Cache invalidated for key: user:6a58a50209c6cbe98e9f9e40:notifications","service":"vtunova-api","timestamp":"2026-09-19 16:02:24"}
{"environment":"production","level":"error","message":"Failed to invalidate cache for key: user:6a58a50209c6cbe98e9f9e40:notifications","service":"vtunova-api","timestamp":"2026-09-19 16:02:24"}
{"environment":"production","level":"info","message":"Email transport ready via smtp.gmail.com","service":"vtunova-api","timestamp":"2026-09-19 16:04:07"}
{"environment":"production","level":"info","message":"Redis client connected","service":"vtunova-api","timestamp":"2026-09-19 16:04:10"}
{"environment":"production","level":"info","message":"SMTP connection veried","service":"vtunova-api","timestamp":"2026-09-19 16:04:15"}
{"environment":"production","level":"info","message":"Email listeners registered for 10 event type(s)","service":"vtunova-api","timestamp":"2026-09-19 16:04:15"}
{"environment":"production","level":"info","message":"Notification listeners registered for 12 event type(s)","service":"vtunova-api","timestamp":"2026-09-19 16:04:15"}
{"environment":"production","level":"info","message":"VtuNova Platform running on port 3000 [production]","service":"vtunova-api","timestamp":"2026-09-19 16:04:16"}
{"environment":"production","level":"info","message":"API Docs: http://localhost:3000/api","service":"vtunova-api","timestamp":"2026-09-19 16:04:16"}
{"environment":"production","level":"info","message":"Cache hit for key: user:6a58a50209c6cbe98e9f9e40:profile","service":"vtunova-api","timestamp":"2026-09-19 16:04:25"}
{"environment":"production","level":"error","message":"Failed to invalidate cache for key: user:6a58a50209c6cbe98e9f9e40:notifications","service":"vtunova-api","timestamp":"2026-09-19 16:04:27"}
{"environment":"production","level":"error","message":"Failed to invalidate cache for key: user:6a58a50209c6cbe98e9f9e40:notifications","service":"vtunova-api","timestamp":"2026-09-19 16:04:27"}
{"environment":"production","level":"info","message":"Cache hit for key: user:6a58a50209c6cbe98e9f9e40:transactions","service":"vtunova-api","timestamp":"2026-09-19 16:04:27"}
{"environment":"production","level":"info","message":"Notification formatted for type: airtime","service":"vtunova-api","timestamp":"2026-09-19 16:04:27"}
{"environment":"production","level":"info","message":"Notification formatted for type: loginAlert","service":"vtunova-api","timestamp":"2026-09-19 16:04:27"}
{"environment":"production","level":"info","message":"Notification formatted for type: loginAlert","service":"vtunova-api","timestamp":"2026-09-19 16:04:27"}
{"environment":"production","level":"info","message":"Notification formatted for type: loginAlert","service":"vtunova-api","timestamp":"2026-09-19 16:04:27"}
{"environment":"production","level":"info","message":"Notification formatted for type: system","service":"vtunova-api","timestamp":"2026-09-19 16:04:27"}
{"environment":"production","level":"info","message":"Cache miss for key: user:6a58a50209c6cbe98e9f9e40:notifications","service":"vtunova-api","timestamp":"2026-09-19 16:04:27"}
{"environment":"production","level":"info","message":"Cache set for key: user:6a58a50209c6cbe98e9f9e40:notifications","service":"vtunova-api","timestamp":"2026-09-19 16:04:27"}
{"environment":"production","level":"info","message":"Cache hit for key: user:6a58a50209c6cbe98e9f9e40:transactions","service":"vtunova-api","timestamp":"2026-09-19 16:04:28"}
{"environment":"production","level":"info","message":"Notification formatted for type: airtime","service":"vtunova-api","timestamp":"2026-09-19 16:04:28"}
{"environment":"production","level":"info","message":"Notification formatted for type: loginAlert","service":"vtunova-api","timestamp":"2026-09-19 16:04:28"}
{"environment":"production","level":"info","message":"Notification formatted for type: loginAlert","service":"vtunova-api","timestamp":"2026-09-19 16:04:28"}
{"environment":"production","level":"info","message":"Notification formatted for type: loginAlert","service":"vtunova-api","timestamp":"2026-09-19 16:04:28"}
{"environment":"production","level":"info","message":"Notification formatted for type: system","service":"vtunova-api","timestamp":"2026-09-19 16:04:28"}
{"environment":"production","level":"info","message":"Cache hit for key: user:6a58a50209c6cbe98e9f9e40:notifications","service":"vtunova-api","timestamp":"2026-09-19 16:04:29"}
{"environment":"production","level":"info","message":"Email transport ready via smtp.gmail.com","service":"vtunova-api","timestamp":"2026-09-19 16:09:25"}
{"environment":"production","level":"info","message":"Redis client connected","service":"vtunova-api","timestamp":"2026-09-19 16:09:29"}
{"environment":"production","level":"info","message":"Email transport ready via smtp.gmail.com","service":"vtunova-api","timestamp":"2026-09-19 16:09:32"}
{"environment":"production","level":"info","message":"Redis client connected","service":"vtunova-api","timestamp":"2026-09-19 16:09:35"}
{"environment":"production","level":"info","message":"Email transport ready via smtp.gmail.com","service":"vtunova-api","timestamp":"2026-09-19 16:09:43"}
{"environment":"production","level":"info","message":"Redis client connected","service":"vtunova-api","timestamp":"2026-09-19 16:09:46"}
{"environment":"production","level":"info","message":"SMTP connection veried","service":"vtunova-api","timestamp":"2026-09-19 16:09:47"}
{"environment":"production","level":"info","message":"Email listeners registered for 10 event type(s)","service":"vtunova-api","timestamp":"2026-09-19 16:09:47"}
{"environment":"production","level":"info","message":"Notification listeners registered for 12 event type(s)","service":"vtunova-api","timestamp":"2026-09-19 16:09:47"}
{"environment":"production","level":"info","message":"VtuNova Platform running on port 3000 [production]","service":"vtunova-api","timestamp":"2026-09-19 16:09:47"}
{"environment":"production","level":"info","message":"API Docs: http://localhost:3000/api","service":"vtunova-api","timestamp":"2026-09-19 16:09:47"}
{"environment":"production","level":"info","message":"Email transport ready via smtp.gmail.com","service":"vtunova-api","timestamp":"2026-09-19 16:09:58"}
{"environment":"production","level":"info","message":"Redis client connected","service":"vtunova-api","timestamp":"2026-09-19 16:10:02"}
{"environment":"production","level":"info","message":"SMTP connection veried","service":"vtunova-api","timestamp":"2026-09-19 16:10:03"}
{"environment":"production","level":"info","message":"Email listeners registered for 10 event type(s)","service":"vtunova-api","timestamp":"2026-09-19 16:10:03"}
{"environment":"production","level":"info","message":"Notification listeners registered for 12 event type(s)","service":"vtunova-api","timestamp":"2026-09-19 16:10:03"}
{"environment":"production","level":"info","message":"VtuNova Platform running on port 3000 [production]","service":"vtunova-api","timestamp":"2026-09-19 16:10:03"}
{"environment":"production","level":"info","message":"API Docs: http://localhost:3000/api","service":"vtunova-api","timestamp":"2026-09-19 16:10:03"}
{"environment":"production","level":"info","message":"Email transport ready via smtp.gmail.com","service":"vtunova-api","timestamp":"2026-09-19 16:10:05"}
{"environment":"production","level":"info","message":"Redis client connected","service":"vtunova-api","timestamp":"2026-09-19 16:10:08"}
{"environment":"production","level":"info","message":"SMTP connection veried","service":"vtunova-api","timestamp":"2026-09-19 16:10:09"}
{"environment":"production","level":"info","message":"Email listeners registered for 10 event type(s)","service":"vtunova-api","timestamp":"2026-09-19 16:10:09"}
{"environment":"production","level":"info","message":"Notification listeners registered for 12 event type(s)","service":"vtunova-api","timestamp":"2026-09-19 16:10:09"}
{"environment":"production","level":"info","message":"VtuNova Platform running on port 3000 [production]","service":"vtunova-api","timestamp":"2026-09-19 16:10:09"}
{"environment":"production","level":"info","message":"API Docs: http://localhost:3000/api","service":"vtunova-api","timestamp":"2026-09-19 16:10:09"}
{"environment":"production","level":"info","message":"Email transport ready via smtp.gmail.com","service":"vtunova-api","timestamp":"2026-09-19 16:11:12"}
{"environment":"production","level":"info","message":"Redis client connected","service":"vtunova-api","timestamp":"2026-09-19 16:11:15"}
{"environment":"production","level":"info","message":"SMTP connection veried","service":"vtunova-api","timestamp":"2026-09-19 16:11:19"}
{"environment":"production","level":"info","message":"Email listeners registered for 10 event type(s)","service":"vtunova-api","timestamp":"2026-09-19 16:11:19"}
{"environment":"production","level":"info","message":"Notification listeners registered for 12 event type(s)","service":"vtunova-api","timestamp":"2026-09-19 16:11:19"}
{"environment":"production","level":"info","message":"VtuNova Platform running on port 3000 [production]","service":"vtunova-api","timestamp":"2026-09-19 16:11:19"}
{"environment":"production","level":"info","message":"API Docs: http://localhost:3000/api","service":"vtunova-api","timestamp":"2026-09-19 16:11:19"}
{"environment":"production","level":"info","message":"Email transport ready via smtp.gmail.com","service":"vtunova-api","timestamp":"2026-09-19 16:12:25"}
{"environment":"production","level":"info","message":"Redis client connected","service":"vtunova-api","timestamp":"2026-09-19 16:12:27"}
{"environment":"production","level":"info","message":"SMTP connection veried","service":"vtunova-api","timestamp":"2026-09-19 16:12:31"}
{"environment":"production","level":"info","message":"Email listeners registered for 10 event type(s)","service":"vtunova-api","timestamp":"2026-09-19 16:12:31"}
{"environment":"production","level":"info","message":"Notification listeners registered for 12 event type(s)","service":"vtunova-api","timestamp":"2026-09-19 16:12:31"}
{"environment":"production","level":"info","message":"VtuNova Platform running on port 3000 [production]","service":"vtunova-api","timestamp":"2026-09-19 16:12:31"}
{"environment":"production","level":"info","message":"API Docs: http://localhost:3000/api","service":"vtunova-api","timestamp":"2026-09-19 16:12:31"}
{"environment":"production","level":"info","message":"Email transport ready via smtp.gmail.com","service":"vtunova-api","timestamp":"2026-09-19 16:13:00"}
{"environment":"production","level":"info","message":"Redis client connected","service":"vtunova-api","timestamp":"2026-09-19 16:13:03"}
{"environment":"production","level":"info","message":"SMTP connection veried","service":"vtunova-api","timestamp":"2026-09-19 16:13:04"}
{"environment":"production","level":"info","message":"Email listeners registered for 10 event type(s)","service":"vtunova-api","timestamp":"2026-09-19 16:13:04"}
{"environment":"production","level":"info","message":"Notification listeners registered for 12 event type(s)","service":"vtunova-api","timestamp":"2026-09-19 16:13:04"}
{"environment":"production","level":"info","message":"VtuNova Platform running on port 3000 [production]","service":"vtunova-api","timestamp":"2026-09-19 16:13:04"}
{"environment":"production","level":"info","message":"API Docs: http://localhost:3000/api","service":"vtunova-api","timestamp":"2026-09-19 16:13:04"}
{"environment":"production","level":"info","message":"Email transport ready via smtp.gmail.com","service":"vtunova-api","timestamp":"2026-09-19 16:13:13"}
{"environment":"production","level":"info","message":"Redis client connected","service":"vtunova-api","timestamp":"2026-09-19 16:13:17"}
{"environment":"production","level":"info","message":"SMTP connection veried","service":"vtunova-api","timestamp":"2026-09-19 16:13:18"}
{"environment":"production","level":"info","message":"Email listeners registered for 10 event type(s)","service":"vtunova-api","timestamp":"2026-09-19 16:13:18"}
{"environment":"production","level":"info","message":"Notification listeners registered for 12 event type(s)","service":"vtunova-api","timestamp":"2026-09-19 16:13:18"}
{"environment":"production","level":"info","message":"VtuNova Platform running on port 3000 [production]","service":"vtunova-api","timestamp":"2026-09-19 16:13:18"}
{"environment":"production","level":"info","message":"API Docs: http://localhost:3000/api","service":"vtunova-api","timestamp":"2026-09-19 16:13:18"}
{"environment":"production","level":"info","message":"Email transport ready via smtp.gmail.com","service":"vtunova-api","timestamp":"2026-09-19 16:13:35"}
{"environment":"production","level":"info","message":"Redis client connected","service":"vtunova-api","timestamp":"2026-09-19 16:13:38"}
{"environment":"production","level":"info","message":"SMTP connection veried","service":"vtunova-api","timestamp":"2026-09-19 16:13:41"}
{"environment":"production","level":"info","message":"Email listeners registered for 10 event type(s)","service":"vtunova-api","timestamp":"2026-09-19 16:13:41"}
{"environment":"production","level":"info","message":"Notification listeners registered for 12 event type(s)","service":"vtunova-api","timestamp":"2026-09-19 16:13:41"}
{"environment":"production","level":"info","message":"VtuNova Platform running on port 3000 [production]","service":"vtunova-api","timestamp":"2026-09-19 16:13:41"}
{"environment":"production","level":"info","message":"API Docs: http://localhost:3000/api","service":"vtunova-api","timestamp":"2026-09-19 16:13:41"}
{"environment":"production","level":"info","message":"Email transport ready via smtp.gmail.com","service":"vtunova-api","timestamp":"2026-09-19 16:13:53"}
{"environment":"production","level":"info","message":"Redis client connected","service":"vtunova-api","timestamp":"2026-09-19 16:13:55"}
{"environment":"production","level":"info","message":"SMTP connection veried","service":"vtunova-api","timestamp":"2026-09-19 16:13:57"}
{"environment":"production","level":"info","message":"Email listeners registered for 10 event type(s)","service":"vtunova-api","timestamp":"2026-09-19 16:13:57"}
{"environment":"production","level":"info","message":"Notification listeners registered for 12 event type(s)","service":"vtunova-api","timestamp":"2026-09-19 16:13:57"}
{"environment":"production","level":"info","message":"VtuNova Platform running on port 3000 [production]","service":"vtunova-api","timestamp":"2026-09-19 16:13:57"}
{"environment":"production","level":"info","message":"API Docs: http://localhost:3000/api","service":"vtunova-api","timestamp":"2026-09-19 16:13:57"}
{"environment":"production","level":"info","message":"Email transport ready via smtp.gmail.com","service":"vtunova-api","timestamp":"2026-09-19 16:14:01"}
{"environment":"production","level":"info","message":"Redis client connected","service":"vtunova-api","timestamp":"2026-09-19 16:14:04"}
{"environment":"production","level":"info","message":"SMTP connection veried","service":"vtunova-api","timestamp":"2026-09-19 16:14:05"}
{"environment":"production","level":"info","message":"Email listeners registered for 10 event type(s)","service":"vtunova-api","timestamp":"2026-09-19 16:14:05"}
{"environment":"production","level":"info","message":"Notification listeners registered for 12 event type(s)","service":"vtunova-api","timestamp":"2026-09-19 16:14:05"}
{"environment":"production","level":"info","message":"VtuNova Platform running on port 3000 [production]","service":"vtunova-api","timestamp":"2026-09-19 16:14:05"}
{"environment":"production","level":"info","message":"API Docs: http://localhost:3000/api","service":"vtunova-api","timestamp":"2026-09-19 16:14:05"}
{"environment":"production","level":"info","message":"Email transport ready via smtp.gmail.com","service":"vtunova-api","timestamp":"2026-09-19 16:16:28"}
{"environment":"production","level":"info","message":"Redis client connected","service":"vtunova-api","timestamp":"2026-09-19 16:16:31"}
{"environment":"production","level":"info","message":"Email transport ready via smtp.gmail.com","service":"vtunova-api","timestamp":"2026-09-19 16:16:39"}
{"environment":"production","level":"info","message":"Redis client connected","service":"vtunova-api","timestamp":"2026-09-19 16:16:43"}
{"environment":"production","level":"info","message":"SMTP connection veried","service":"vtunova-api","timestamp":"2026-09-19 16:16:46"}
{"environment":"production","level":"info","message":"Email listeners registered for 10 event type(s)","service":"vtunova-api","timestamp":"2026-09-19 16:16:46"}
{"environment":"production","level":"info","message":"Notification listeners registered for 12 event type(s)","service":"vtunova-api","timestamp":"2026-09-19 16:16:46"}
{"environment":"production","level":"info","message":"VtuNova Platform running on port 3000 [production]","service":"vtunova-api","timestamp":"2026-09-19 16:16:46"}
{"environment":"production","level":"info","message":"API Docs: http://localhost:3000/api","service":"vtunova-api","timestamp":"2026-09-19 16:16:46"}
{"environment":"production","level":"info","message":"Email transport ready via smtp.gmail.com","service":"vtunova-api","timestamp":"2026-09-19 16:16:49"}
{"environment":"production","level":"info","message":"Redis client connected","service":"vtunova-api","timestamp":"2026-09-19 16:16:52"}
{"environment":"production","level":"info","message":"SMTP connection veried","service":"vtunova-api","timestamp":"2026-09-19 16:16:53"}
{"environment":"production","level":"info","message":"Email listeners registered for 10 event type(s)","service":"vtunova-api","timestamp":"2026-09-19 16:16:53"}
{"environment":"production","level":"info","message":"Notification listeners registered for 12 event type(s)","service":"vtunova-api","timestamp":"2026-09-19 16:16:53"}
{"environment":"production","level":"info","message":"VtuNova Platform running on port 3000 [production]","service":"vtunova-api","timestamp":"2026-09-19 16:16:53"}
{"environment":"production","level":"info","message":"API Docs: http://localhost:3000/api","service":"vtunova-api","timestamp":"2026-09-19 16:16:53"}
{"environment":"production","level":"info","message":"Email transport ready via smtp.gmail.com","service":"vtunova-api","timestamp":"2026-09-19 16:17:00"}
{"environment":"production","level":"info","message":"Redis client connected","service":"vtunova-api","timestamp":"2026-09-19 16:17:03"}
{"environment":"production","level":"info","message":"SMTP connection veried","service":"vtunova-api","timestamp":"2026-09-19 16:17:05"}
{"environment":"production","level":"info","message":"Email listeners registered for 10 event type(s)","service":"vtunova-api","timestamp":"2026-09-19 16:17:05"}
{"environment":"production","level":"info","message":"Notification listeners registered for 12 event type(s)","service":"vtunova-api","timestamp":"2026-09-19 16:17:05"}
{"environment":"production","level":"info","message":"VtuNova Platform running on port 3000 [production]","service":"vtunova-api","timestamp":"2026-09-19 16:17:05"}
{"environment":"production","level":"info","message":"API Docs: http://localhost:3000/api","service":"vtunova-api","timestamp":"2026-09-19 16:17:05"}
{"environment":"production","level":"info","message":"Email transport ready via smtp.gmail.com","service":"vtunova-api","timestamp":"2026-09-19 16:17:21"}
{"environment":"production","level":"info","message":"Redis client connected","service":"vtunova-api","timestamp":"2026-09-19 16:17:24"}
{"environment":"production","level":"info","message":"SMTP connection veried","service":"vtunova-api","timestamp":"2026-09-19 16:17:26"}
{"environment":"production","level":"info","message":"Email listeners registered for 10 event type(s)","service":"vtunova-api","timestamp":"2026-09-19 16:17:26"}
{"environment":"production","level":"info","message":"Notification listeners registered for 12 event type(s)","service":"vtunova-api","timestamp":"2026-09-19 16:17:26"}
{"environment":"production","level":"info","message":"VtuNova Platform running on port 3000 [production]","service":"vtunova-api","timestamp":"2026-09-19 16:17:26"}
{"environment":"production","level":"info","message":"API Docs: http://localhost:3000/api","service":"vtunova-api","timestamp":"2026-09-19 16:17:26"}
{"environment":"production","level":"info","message":"Email transport ready via smtp.gmail.com","service":"vtunova-api","timestamp":"2026-09-19 16:18:25"}
{"environment":"production","level":"info","message":"Redis client connected","service":"vtunova-api","timestamp":"2026-09-19 16:18:27"}
{"environment":"production","level":"info","message":"Email transport ready via smtp.gmail.com","service":"vtunova-api","timestamp":"2026-09-19 16:18:35"}
{"environment":"production","level":"info","message":"Redis client connected","service":"vtunova-api","timestamp":"2026-09-19 16:18:38"}
{"environment":"production","level":"info","message":"SMTP connection veried","service":"vtunova-api","timestamp":"2026-09-19 16:18:42"}
{"environment":"production","level":"info","message":"Email listeners registered for 10 event type(s)","service":"vtunova-api","timestamp":"2026-09-19 16:18:42"}
{"environment":"production","level":"info","message":"Notification listeners registered for 12 event type(s)","service":"vtunova-api","timestamp":"2026-09-19 16:18:42"}
{"environment":"production","level":"info","message":"VtuNova Platform running on port 3000 [production]","service":"vtunova-api","timestamp":"2026-09-19 16:18:42"}
{"environment":"production","level":"info","message":"API Docs: http://localhost:3000/api","service":"vtunova-api","timestamp":"2026-09-19 16:18:42"}
{"environment":"production","level":"info","message":"Email transport ready via smtp.gmail.com","service":"vtunova-api","timestamp":"2026-09-19 16:19:27"}
{"environment":"production","level":"info","message":"Redis client connected","service":"vtunova-api","timestamp":"2026-09-19 16:19:30"}
{"environment":"production","level":"info","message":"SMTP connection veried","service":"vtunova-api","timestamp":"2026-09-19 16:19:33"}
{"environment":"production","level":"info","message":"Email listeners registered for 10 event type(s)","service":"vtunova-api","timestamp":"2026-09-19 16:19:33"}
{"environment":"production","level":"info","message":"Notification listeners registered for 12 event type(s)","service":"vtunova-api","timestamp":"2026-09-19 16:19:33"}
{"environment":"production","level":"info","message":"VtuNova Platform running on port 3000 [production]","service":"vtunova-api","timestamp":"2026-09-19 16:19:33"}
{"environment":"production","level":"info","message":"API Docs: http://localhost:3000/api","service":"vtunova-api","timestamp":"2026-09-19 16:19:33"}
{"environment":"production","level":"info","message":"Email transport ready via smtp.gmail.com","service":"vtunova-api","timestamp":"2026-09-19 16:20:57"}
{"environment":"production","level":"info","message":"Email transport ready via smtp.gmail.com","service":"vtunova-api","timestamp":"2026-09-19 16:21:10"}
{"environment":"production","level":"info","message":"Redis client connected","service":"vtunova-api","timestamp":"2026-09-19 16:21:13"}
{"environment":"production","level":"info","message":"SMTP connection veried","service":"vtunova-api","timestamp":"2026-09-19 16:21:18"}
{"environment":"production","level":"info","message":"Email listeners registered for 10 event type(s)","service":"vtunova-api","timestamp":"2026-09-19 16:21:18"}
{"environment":"production","level":"info","message":"Notification listeners registered for 12 event type(s)","service":"vtunova-api","timestamp":"2026-09-19 16:21:18"}
{"environment":"production","level":"info","message":"VtuNova Platform running on port 3000 [production]","service":"vtunova-api","timestamp":"2026-09-19 16:21:18"}
{"environment":"production","level":"info","message":"API Docs: http://localhost:3000/api","service":"vtunova-api","timestamp":"2026-09-19 16:21:18"}
{"environment":"production","level":"info","message":"Email transport ready via smtp.gmail.com","service":"vtunova-api","timestamp":"2026-09-19 16:21:51"}
{"environment":"production","level":"info","message":"Redis client connected","service":"vtunova-api","timestamp":"2026-09-19 16:21:54"}
{"environment":"production","level":"info","message":"SMTP connection veried","service":"vtunova-api","timestamp":"2026-09-19 16:21:57"}
{"environment":"production","level":"info","message":"Email listeners registered for 10 event type(s)","service":"vtunova-api","timestamp":"2026-09-19 16:21:57"}
{"environment":"production","level":"info","message":"Notification listeners registered for 12 event type(s)","service":"vtunova-api","timestamp":"2026-09-19 16:21:57"}
{"environment":"production","level":"info","message":"VtuNova Platform running on port 3000 [production]","service":"vtunova-api","timestamp":"2026-09-19 16:21:57"}
{"environment":"production","level":"info","message":"API Docs: http://localhost:3000/api","service":"vtunova-api","timestamp":"2026-09-19 16:21:57"}
{"environment":"production","level":"info","message":"Email transport ready via smtp.gmail.com","service":"vtunova-api","timestamp":"2026-09-19 16:22:08"}
{"environment":"production","level":"info","message":"Redis client connected","service":"vtunova-api","timestamp":"2026-09-19 16:22:11"}
{"environment":"production","level":"info","message":"SMTP connection veried","service":"vtunova-api","timestamp":"2026-09-19 16:22:13"}
{"environment":"production","level":"info","message":"Email listeners registered for 10 event type(s)","service":"vtunova-api","timestamp":"2026-09-19 16:22:13"}
{"environment":"production","level":"info","message":"Notification listeners registered for 12 event type(s)","service":"vtunova-api","timestamp":"2026-09-19 16:22:13"}
{"environment":"production","level":"info","message":"VtuNova Platform running on port 3000 [production]","service":"vtunova-api","timestamp":"2026-09-19 16:22:13"}
{"environment":"production","level":"info","message":"API Docs: http://localhost:3000/api","service":"vtunova-api","timestamp":"2026-09-19 16:22:13"}
{"environment":"production","level":"info","message":"Email transport ready via smtp.gmail.com","service":"vtunova-api","timestamp":"2026-09-19 16:22:28"}
{"environment":"production","level":"info","message":"Redis client connected","service":"vtunova-api","timestamp":"2026-09-19 16:22:30"}
{"environment":"production","level":"info","message":"SMTP connection veried","service":"vtunova-api","timestamp":"2026-09-19 16:22:36"}
{"environment":"production","level":"info","message":"Email listeners registered for 10 event type(s)","service":"vtunova-api","timestamp":"2026-09-19 16:22:36"}
{"environment":"production","level":"info","message":"Notification listeners registered for 12 event type(s)","service":"vtunova-api","timestamp":"2026-09-19 16:22:36"}
{"environment":"production","level":"info","message":"VtuNova Platform running on port 3000 [production]","service":"vtunova-api","timestamp":"2026-09-19 16:22:36"}
{"environment":"production","level":"info","message":"API Docs: http://localhost:3000/api","service":"vtunova-api","timestamp":"2026-09-19 16:22:36"}
{"environment":"production","level":"info","message":"Email transport ready via smtp.gmail.com","service":"vtunova-api","timestamp":"2026-09-19 16:22:55"}
{"environment":"production","level":"info","message":"Redis client connected","service":"vtunova-api","timestamp":"2026-09-19 16:22:58"}
{"environment":"production","level":"info","message":"SMTP connection veried","service":"vtunova-api","timestamp":"2026-09-19 16:22:59"}
{"environment":"production","level":"info","message":"Email listeners registered for 10 event type(s)","service":"vtunova-api","timestamp":"2026-09-19 16:22:59"}
{"environment":"production","level":"info","message":"Notification listeners registered for 12 event type(s)","service":"vtunova-api","timestamp":"2026-09-19 16:22:59"}
{"environment":"production","level":"info","message":"VtuNova Platform running on port 3000 [production]","service":"vtunova-api","timestamp":"2026-09-19 16:22:59"}
{"environment":"production","level":"info","message":"API Docs: http://localhost:3000/api","service":"vtunova-api","timestamp":"2026-09-19 16:22:59"}
{"environment":"production","level":"info","message":"Email transport ready via smtp.gmail.com","service":"vtunova-api","timestamp":"2026-09-19 16:23:06"}
{"environment":"production","level":"info","message":"Redis client connected","service":"vtunova-api","timestamp":"2026-09-19 16:23:08"}
{"environment":"production","level":"info","message":"SMTP connection veried","service":"vtunova-api","timestamp":"2026-09-19 16:23:10"}
{"environment":"production","level":"info","message":"Email listeners registered for 10 event type(s)","service":"vtunova-api","timestamp":"2026-09-19 16:23:10"}
{"environment":"production","level":"info","message":"Notification listeners registered for 12 event type(s)","service":"vtunova-api","timestamp":"2026-09-19 16:23:10"}
{"environment":"production","level":"info","message":"VtuNova Platform running on port 3000 [production]","service":"vtunova-api","timestamp":"2026-09-19 16:23:10"}
{"environment":"production","level":"info","message":"API Docs: http://localhost:3000/api","service":"vtunova-api","timestamp":"2026-09-19 16:23:10"}
{"environment":"production","level":"info","message":"Email transport ready via smtp.gmail.com","service":"vtunova-api","timestamp":"2026-09-19 16:23:37"}
{"environment":"production","level":"info","message":"Redis client connected","service":"vtunova-api","timestamp":"2026-09-19 16:23:39"}
{"environment":"production","level":"info","message":"SMTP connection veried","service":"vtunova-api","timestamp":"2026-09-19 16:23:41"}
{"environment":"production","level":"info","message":"Email listeners registered for 10 event type(s)","service":"vtunova-api","timestamp":"2026-09-19 16:23:41"}
{"environment":"production","level":"info","message":"Notification listeners registered for 12 event type(s)","service":"vtunova-api","timestamp":"2026-09-19 16:23:41"}
{"environment":"production","level":"info","message":"VtuNova Platform running on port 3000 [production]","service":"vtunova-api","timestamp":"2026-09-19 16:23:41"}
{"environment":"production","level":"info","message":"API Docs: http://localhost:3000/api","service":"vtunova-api","timestamp":"2026-09-19 16:23:41"}
{"environment":"production","level":"info","message":"Email transport ready via smtp.gmail.com","service":"vtunova-api","timestamp":"2026-09-19 16:23:45"}
{"environment":"production","level":"info","message":"Redis client connected","service":"vtunova-api","timestamp":"2026-09-19 16:23:48"}
{"environment":"production","level":"info","message":"SMTP connection veried","service":"vtunova-api","timestamp":"2026-09-19 16:23:50"}
{"environment":"production","level":"info","message":"Email listeners registered for 10 event type(s)","service":"vtunova-api","timestamp":"2026-09-19 16:23:50"}
{"environment":"production","level":"info","message":"Notification listeners registered for 12 event type(s)","service":"vtunova-api","timestamp":"2026-09-19 16:23:50"}
{"environment":"production","level":"info","message":"VtuNova Platform running on port 3000 [production]","service":"vtunova-api","timestamp":"2026-09-19 16:23:50"}
{"environment":"production","level":"info","message":"API Docs: http://localhost:3000/api","service":"vtunova-api","timestamp":"2026-09-19 16:23:50"}
{"environment":"production","level":"info","message":"Email transport ready via smtp.gmail.com","service":"vtunova-api","timestamp":"2026-09-19 16:24:08"}
{"environment":"production","level":"info","message":"Redis client connected","service":"vtunova-api","timestamp":"2026-09-19 16:24:10"}
{"environment":"production","level":"info","message":"SMTP connection veried","service":"vtunova-api","timestamp":"2026-09-19 16:24:14"}
{"environment":"production","level":"info","message":"Email listeners registered for 10 event type(s)","service":"vtunova-api","timestamp":"2026-09-19 16:24:14"}
{"environment":"production","level":"info","message":"Notification listeners registered for 12 event type(s)","service":"vtunova-api","timestamp":"2026-09-19 16:24:14"}
{"environment":"production","level":"info","message":"VtuNova Platform running on port 3000 [production]","service":"vtunova-api","timestamp":"2026-09-19 16:24:14"}
{"environment":"production","level":"info","message":"API Docs: http://localhost:3000/api","service":"vtunova-api","timestamp":"2026-09-19 16:24:14"}
{"environment":"production","level":"info","message":"Email transport ready via smtp.gmail.com","service":"vtunova-api","timestamp":"2026-09-19 16:24:29"}
{"environment":"production","level":"info","message":"Email transport ready via smtp.gmail.com","service":"vtunova-api","timestamp":"2026-09-19 16:24:38"}
{"environment":"production","level":"info","message":"Redis client connected","service":"vtunova-api","timestamp":"2026-09-19 16:24:41"}
{"environment":"production","level":"info","message":"Email transport ready via smtp.gmail.com","service":"vtunova-api","timestamp":"2026-09-19 16:24:46"}
{"environment":"production","level":"info","message":"Redis client connected","service":"vtunova-api","timestamp":"2026-09-19 16:24:48"}
{"environment":"production","level":"info","message":"Email transport ready via smtp.gmail.com","service":"vtunova-api","timestamp":"2026-09-19 16:24:52"}
{"environment":"production","level":"info","message":"Redis client connected","service":"vtunova-api","timestamp":"2026-09-19 16:24:54"}
{"environment":"production","level":"info","message":"SMTP connection veried","service":"vtunova-api","timestamp":"2026-09-19 16:24:57"}
{"environment":"production","level":"info","message":"Email listeners registered for 10 event type(s)","service":"vtunova-api","timestamp":"2026-09-19 16:24:57"}
{"environment":"production","level":"info","message":"Notification listeners registered for 12 event type(s)","service":"vtunova-api","timestamp":"2026-09-19 16:24:57"}
{"environment":"production","level":"info","message":"VtuNova Platform running on port 3000 [production]","service":"vtunova-api","timestamp":"2026-09-19 16:24:57"}
{"environment":"production","level":"info","message":"API Docs: http://localhost:3000/api","service":"vtunova-api","timestamp":"2026-09-19 16:24:57"}
{"environment":"production","level":"info","message":"Email transport ready via smtp.gmail.com","service":"vtunova-api","timestamp":"2026-09-19 16:25:05"}
{"environment":"production","level":"info","message":"Redis client connected","service":"vtunova-api","timestamp":"2026-09-19 16:25:07"}
{"environment":"production","level":"info","message":"Email transport ready via smtp.gmail.com","service":"vtunova-api","timestamp":"2026-09-19 16:25:11"}
{"environment":"production","level":"info","message":"Redis client connected","service":"vtunova-api","timestamp":"2026-09-19 16:25:14"}
{"environment":"production","level":"info","message":"SMTP connection veried","service":"vtunova-api","timestamp":"2026-09-19 16:25:16"}
{"environment":"production","level":"info","message":"Email listeners registered for 10 event type(s)","service":"vtunova-api","timestamp":"2026-09-19 16:25:16"}
{"environment":"production","level":"info","message":"Notification listeners registered for 12 event type(s)","service":"vtunova-api","timestamp":"2026-09-19 16:25:16"}
{"environment":"production","level":"info","message":"VtuNova Platform running on port 3000 [production]","service":"vtunova-api","timestamp":"2026-09-19 16:25:16"}
{"environment":"production","level":"info","message":"API Docs: http://localhost:3000/api","service":"vtunova-api","timestamp":"2026-09-19 16:25:16"}
{"environment":"production","level":"info","message":"Email transport ready via smtp.gmail.com","service":"vtunova-api","timestamp":"2026-09-19 16:25:43"}
{"environment":"production","level":"info","message":"Email transport ready via smtp.gmail.com","service":"vtunova-api","timestamp":"2026-09-19 16:25:47"}
{"environment":"production","level":"info","message":"Email transport ready via smtp.gmail.com","service":"vtunova-api","timestamp":"2026-09-19 16:25:52"}
{"environment":"production","level":"info","message":"Email transport ready via smtp.gmail.com","service":"vtunova-api","timestamp":"2026-09-19 16:26:06"}
{"environment":"production","level":"info","message":"Redis client connected","service":"vtunova-api","timestamp":"2026-09-19 16:26:08"}
{"environment":"production","level":"info","message":"SMTP connection veried","service":"vtunova-api","timestamp":"2026-09-19 16:26:14"}
{"environment":"production","level":"info","message":"Email listeners registered for 10 event type(s)","service":"vtunova-api","timestamp":"2026-09-19 16:26:14"}
{"environment":"production","level":"info","message":"Notification listeners registered for 12 event type(s)","service":"vtunova-api","timestamp":"2026-09-19 16:26:14"}
{"environment":"production","level":"info","message":"VtuNova Platform running on port 3000 [production]","service":"vtunova-api","timestamp":"2026-09-19 16:26:14"}
{"environment":"production","level":"info","message":"API Docs: http://localhost:3000/api","service":"vtunova-api","timestamp":"2026-09-19 16:26:14"}
{"environment":"production","level":"info","message":"Email transport ready via smtp.gmail.com","service":"vtunova-api","timestamp":"2026-09-19 16:26:36"}
{"environment":"production","level":"info","message":"Redis client connected","service":"vtunova-api","timestamp":"2026-09-19 16:26:39"}
{"environment":"production","level":"info","message":"Email transport ready via smtp.gmail.com","service":"vtunova-api","timestamp":"2026-09-19 16:26:46"}
{"environment":"production","level":"info","message":"Redis client connected","service":"vtunova-api","timestamp":"2026-09-19 16:26:49"}
{"environment":"production","level":"info","message":"Email transport ready via smtp.gmail.com","service":"vtunova-api","timestamp":"2026-09-19 16:26:56"}
{"environment":"production","level":"info","message":"Redis client connected","service":"vtunova-api","timestamp":"2026-09-19 16:26:59"}
{"environment":"production","level":"info","message":"SMTP connection veried","service":"vtunova-api","timestamp":"2026-09-19 16:27:01"}
{"environment":"production","level":"info","message":"Email listeners registered for 10 event type(s)","service":"vtunova-api","timestamp":"2026-09-19 16:27:01"}
{"environment":"production","level":"info","message":"Notification listeners registered for 12 event type(s)","service":"vtunova-api","timestamp":"2026-09-19 16:27:01"}
{"environment":"production","level":"info","message":"VtuNova Platform running on port 3000 [production]","service":"vtunova-api","timestamp":"2026-09-19 16:27:01"}
{"environment":"production","level":"info","message":"API Docs: http://localhost:3000/api","service":"vtunova-api","timestamp":"2026-09-19 16:27:01"}
{"environment":"production","level":"info","message":"Email transport ready via smtp.gmail.com","service":"vtunova-api","timestamp":"2026-09-19 16:27:18"}
{"environment":"production","level":"info","message":"Email transport ready via smtp.gmail.com","service":"vtunova-api","timestamp":"2026-09-19 16:27:25"}
{"environment":"production","level":"info","message":"Redis client connected","service":"vtunova-api","timestamp":"2026-09-19 16:27:28"}
{"environment":"production","level":"info","message":"SMTP connection veried","service":"vtunova-api","timestamp":"2026-09-19 16:27:35"}
{"environment":"production","level":"info","message":"Email listeners registered for 10 event type(s)","service":"vtunova-api","timestamp":"2026-09-19 16:27:35"}
{"environment":"production","level":"info","message":"Notification listeners registered for 12 event type(s)","service":"vtunova-api","timestamp":"2026-09-19 16:27:35"}
{"environment":"production","level":"info","message":"VtuNova Platform running on port 3000 [production]","service":"vtunova-api","timestamp":"2026-09-19 16:27:35"}
{"environment":"production","level":"info","message":"API Docs: http://localhost:3000/api","service":"vtunova-api","timestamp":"2026-09-19 16:27:35"}
{"environment":"production","level":"info","message":"Email transport ready via smtp.gmail.com","service":"vtunova-api","timestamp":"2026-09-19 16:27:37"}
{"environment":"production","level":"info","message":"Redis client connected","service":"vtunova-api","timestamp":"2026-09-19 16:27:39"}
{"environment":"production","level":"info","message":"SMTP connection veried","service":"vtunova-api","timestamp":"2026-09-19 16:27:41"}
{"environment":"production","level":"info","message":"Email listeners registered for 10 event type(s)","service":"vtunova-api","timestamp":"2026-09-19 16:27:41"}
{"environment":"production","level":"info","message":"Notification listeners registered for 12 event type(s)","service":"vtunova-api","timestamp":"2026-09-19 16:27:41"}
{"environment":"production","level":"info","message":"VtuNova Platform running on port 3000 [production]","service":"vtunova-api","timestamp":"2026-09-19 16:27:41"}
{"environment":"production","level":"info","message":"API Docs: http://localhost:3000/api","service":"vtunova-api","timestamp":"2026-09-19 16:27:41"}
{"environment":"production","level":"info","message":"Email transport ready via smtp.gmail.com","service":"vtunova-api","timestamp":"2026-09-19 16:27:46"}
{"environment":"production","level":"info","message":"Redis client connected","service":"vtunova-api","timestamp":"2026-09-19 16:27:48"}
{"environment":"production","level":"info","message":"SMTP connection veried","service":"vtunova-api","timestamp":"2026-09-19 16:27:50"}
{"environment":"production","level":"info","message":"Email listeners registered for 10 event type(s)","service":"vtunova-api","timestamp":"2026-09-19 16:27:50"}
{"environment":"production","level":"info","message":"Notification listeners registered for 12 event type(s)","service":"vtunova-api","timestamp":"2026-09-19 16:27:50"}
{"environment":"production","level":"info","message":"VtuNova Platform running on port 3000 [production]","service":"vtunova-api","timestamp":"2026-09-19 16:27:50"}
{"environment":"production","level":"info","message":"API Docs: http://localhost:3000/api","service":"vtunova-api","timestamp":"2026-09-19 16:27:50"}
{"environment":"production","level":"info","message":"Email transport ready via smtp.gmail.com","service":"vtunova-api","timestamp":"2026-09-19 16:29:21"}
{"environment":"production","level":"info","message":"Redis client connected","service":"vtunova-api","timestamp":"2026-09-19 16:29:24"}
{"environment":"production","level":"info","message":"SMTP connection veried","service":"vtunova-api","timestamp":"2026-09-19 16:29:29"}
{"environment":"production","level":"info","message":"Email listeners registered for 10 event type(s)","service":"vtunova-api","timestamp":"2026-09-19 16:29:29"}
{"environment":"production","level":"info","message":"Notification listeners registered for 12 event type(s)","service":"vtunova-api","timestamp":"2026-09-19 16:29:29"}
{"environment":"production","level":"info","message":"VtuNova Platform running on port 3000 [production]","service":"vtunova-api","timestamp":"2026-09-19 16:29:29"}
{"environment":"production","level":"info","message":"API Docs: http://localhost:3000/api","service":"vtunova-api","timestamp":"2026-09-19 16:29:29"}
{"environment":"production","level":"info","message":"Cache hit for key: user:6a58a50209c6cbe98e9f9e40:profile","service":"vtunova-api","timestamp":"2026-09-19 16:29:43"}
{"environment":"production","level":"info","message":"Cache invalidated for key: user:6a58a50209c6cbe98e9f9e40:notifications","service":"vtunova-api","timestamp":"2026-09-19 16:29:44"}
{"environment":"production","level":"error","message":"Failed to invalidate cache for key: user:6a58a50209c6cbe98e9f9e40:notifications","service":"vtunova-api","timestamp":"2026-09-19 16:29:44"}
{"environment":"production","level":"info","message":"Cache hit for key: user:6a58a50209c6cbe98e9f9e40:transactions","service":"vtunova-api","timestamp":"2026-09-19 16:29:44"}
{"environment":"production","level":"info","message":"Notification formatted for type: airtime","service":"vtunova-api","timestamp":"2026-09-19 16:29:44"}
{"environment":"production","level":"info","message":"Notification formatted for type: loginAlert","service":"vtunova-api","timestamp":"2026-09-19 16:29:44"}
{"environment":"production","level":"info","message":"Notification formatted for type: loginAlert","service":"vtunova-api","timestamp":"2026-09-19 16:29:44"}
{"environment":"production","level":"info","message":"Notification formatted for type: loginAlert","service":"vtunova-api","timestamp":"2026-09-19 16:29:44"}
{"environment":"production","level":"info","message":"Notification formatted for type: system","service":"vtunova-api","timestamp":"2026-09-19 16:29:44"}
{"environment":"production","level":"info","message":"Cache miss for key: user:6a58a50209c6cbe98e9f9e40:notifications","service":"vtunova-api","timestamp":"2026-09-19 16:29:45"}
{"environment":"production","level":"info","message":"Cache set for key: user:6a58a50209c6cbe98e9f9e40:notifications","service":"vtunova-api","timestamp":"2026-09-19 16:29:45"}
{"environment":"production","level":"info","message":"Cache hit for key: user:6a58a50209c6cbe98e9f9e40:transactions","service":"vtunova-api","timestamp":"2026-09-19 16:29:45"}
{"environment":"production","level":"info","message":"Notification formatted for type: airtime","service":"vtunova-api","timestamp":"2026-09-19 16:29:46"}
{"environment":"production","level":"info","message":"Notification formatted for type: loginAlert","service":"vtunova-api","timestamp":"2026-09-19 16:29:46"}
{"environment":"production","level":"info","message":"Notification formatted for type: loginAlert","service":"vtunova-api","timestamp":"2026-09-19 16:29:46"}
{"environment":"production","level":"info","message":"Notification formatted for type: loginAlert","service":"vtunova-api","timestamp":"2026-09-19 16:29:46"}
{"environment":"production","level":"info","message":"Notification formatted for type: system","service":"vtunova-api","timestamp":"2026-09-19 16:29:46"}
{"environment":"production","level":"info","message":"Cache hit for key: user:6a58a50209c6cbe98e9f9e40:notifications","service":"vtunova-api","timestamp":"2026-09-19 16:29:46"}
{"environment":"production","level":"info","message":"Cache invalidated for key: user:6a58a50209c6cbe98e9f9e40:transactions","service":"vtunova-api","timestamp":"2026-09-19 16:32:06"}
{"environment":"production","level":"info","message":"Cache invalidated for user 6a58a50209c6cbe98e9f9e40","service":"vtunova-api","timestamp":"2026-09-19 16:32:06"}
{"environment":"production","level":"info","message":"Transaction saved to DB","service":"vtunova-api","timestamp":"2026-09-19 16:32:06"}
{"environment":"production","level":"info","message":"Airtime purchase notification queued successfully","service":"vtunova-api","timestamp":"2026-09-19 16:32:07"}
{"environment":"production","level":"info","message":"[notif-worker] Processing job: airtimePurchase (id=218)","service":"vtunova-api","timestamp":"2026-09-19 16:32:07"}
{"environment":"production","level":"info","message":"[notif-worker] Job data: {\"transactionId\":\"6aaeaaf67a320c3e767fb5df\",\"userId\":\"6a58a50209c6cbe98e9f9e40\",\"type\":\"transaction\",\"category\":\"airtime\"}","service":"vtunova-api","timestamp":"2026-09-19 16:32:07"}
{"environment":"production","level":"info","message":"job proccessing for user 6a58a50209c6cbe98e9f9e40","service":"vtunova-api","timestamp":"2026-09-19 16:32:07"}
{"environment":"production","level":"info","message":"Notification created:","service":"vtunova-api","timestamp":"2026-09-19 16:32:07"}
{"environment":"production","level":"info","message":"Cache invalidated for key: user:6a58a50209c6cbe98e9f9e40:notifications","service":"vtunova-api","timestamp":"2026-09-19 16:32:08"}
{"environment":"production","level":"error","message":"Failed to invalidate cache for key: user:6a58a50209c6cbe98e9f9e40:notification","service":"vtunova-api","timestamp":"2026-09-19 16:32:08"}
{"environment":"production","level":"info","message":"[notif-worker] Job 218 completed successfully","service":"vtunova-api","timestamp":"2026-09-19 16:32:08"}
{"environment":"production","level":"error","message":"Failed to invalidate cache for key: user:6a58a50209c6cbe98e9f9e40:notifications","service":"vtunova-api","timestamp":"2026-09-19 16:32:23"}
{"environment":"production","level":"error","message":"Failed to invalidate cache for key: user:6a58a50209c6cbe98e9f9e40:notifications","service":"vtunova-api","timestamp":"2026-09-19 16:32:23"}
{"environment":"production","level":"info","message":"Cache hit for key: user:6a58a50209c6cbe98e9f9e40:profile","service":"vtunova-api","timestamp":"2026-09-19 16:32:26"}
{"environment":"production","level":"info","message":"Cache miss for key: user:6a58a50209c6cbe98e9f9e40:transactions","service":"vtunova-api","timestamp":"2026-09-19 16:32:28"}
{"environment":"production","level":"info","message":"Cache set for key: user:6a58a50209c6cbe98e9f9e40:transactions","service":"vtunova-api","timestamp":"2026-09-19 16:32:28"}
{"environment":"production","level":"info","message":"Cache set for user 6a58a50209c6cbe98e9f9e40","service":"vtunova-api","timestamp":"2026-09-19 16:32:28"}
{"environment":"production","level":"info","message":"Notification formatted for type: transaction","service":"vtunova-api","timestamp":"2026-09-19 16:32:28"}
{"environment":"production","level":"info","message":"Notification formatted for type: airtime","service":"vtunova-api","timestamp":"2026-09-19 16:32:28"}
{"environment":"production","level":"info","message":"Notification formatted for type: loginAlert","service":"vtunova-api","timestamp":"2026-09-19 16:32:28"}
{"environment":"production","level":"info","message":"Notification formatted for type: loginAlert","service":"vtunova-api","timestamp":"2026-09-19 16:32:28"}
{"environment":"production","level":"info","message":"Notification formatted for type: loginAlert","service":"vtunova-api","timestamp":"2026-09-19 16:32:28"}
{"environment":"production","level":"info","message":"Notification formatted for type: system","service":"vtunova-api","timestamp":"2026-09-19 16:32:28"}
{"environment":"production","level":"info","message":"Cache miss for key: user:6a58a50209c6cbe98e9f9e40:notifications","service":"vtunova-api","timestamp":"2026-09-19 16:32:28"}
{"environment":"production","level":"info","message":"Cache set for key: user:6a58a50209c6cbe98e9f9e40:notifications","service":"vtunova-api","timestamp":"2026-09-19 16:32:29"}
{"environment":"production","level":"info","message":"Cache hit for key: user:6a58a50209c6cbe98e9f9e40:transactions","service":"vtunova-api","timestamp":"2026-09-19 16:32:29"}
{"environment":"production","level":"info","message":"Notification formatted for type: transaction","service":"vtunova-api","timestamp":"2026-09-19 16:32:30"}
{"environment":"production","level":"info","message":"Notification formatted for type: airtime","service":"vtunova-api","timestamp":"2026-09-19 16:32:30"}
{"environment":"production","level":"info","message":"Notification formatted for type: loginAlert","service":"vtunova-api","timestamp":"2026-09-19 16:32:30"}
{"environment":"production","level":"info","message":"Notification formatted for type: loginAlert","service":"vtunova-api","timestamp":"2026-09-19 16:32:30"}
{"environment":"production","level":"info","message":"Notification formatted for type: loginAlert","service":"vtunova-api","timestamp":"2026-09-19 16:32:30"}
{"environment":"production","level":"info","message":"Notification formatted for type: system","service":"vtunova-api","timestamp":"2026-09-19 16:32:30"}
{"environment":"production","level":"info","message":"Cache hit for key: user:6a58a50209c6cbe98e9f9e40:notifications","service":"vtunova-api","timestamp":"2026-09-19 16:32:30"}
{"environment":"production","level":"info","message":"Cache invalidated for key: user:6a58a50209c6cbe98e9f9e40:notifications","service":"vtunova-api","timestamp":"2026-09-19 16:32:31"}
{"environment":"production","level":"error","message":"Failed to invalidate cache for key: user:6a58a50209c6cbe98e9f9e40:notifications","service":"vtunova-api","timestamp":"2026-09-19 16:32:31"}
{"environment":"production","level":"info","message":"Cache hit for key: user:6a58a50209c6cbe98e9f9e40:profile","service":"vtunova-api","timestamp":"2026-09-19 16:33:04"}
{"environment":"production","level":"error","message":"Failed to invalidate cache for key: user:6a58a50209c6cbe98e9f9e40:notifications","service":"vtunova-api","timestamp":"2026-09-19 16:33:05"}
{"environment":"production","level":"error","message":"Failed to invalidate cache for key: user:6a58a50209c6cbe98e9f9e40:notifications","service":"vtunova-api","timestamp":"2026-09-19 16:33:05"}
{"environment":"production","level":"info","message":"Cache hit for key: user:6a58a50209c6cbe98e9f9e40:transactions","service":"vtunova-api","timestamp":"2026-09-19 16:33:05"}
{"environment":"production","level":"info","message":"Notification formatted for type: transaction","service":"vtunova-api","timestamp":"2026-09-19 16:33:06"}
{"environment":"production","level":"info","message":"Notification formatted for type: airtime","service":"vtunova-api","timestamp":"2026-09-19 16:33:06"}
{"environment":"production","level":"info","message":"Notification formatted for type: loginAlert","service":"vtunova-api","timestamp":"2026-09-19 16:33:06"}
{"environment":"production","level":"info","message":"Notification formatted for type: loginAlert","service":"vtunova-api","timestamp":"2026-09-19 16:33:06"}
{"environment":"production","level":"info","message":"Notification formatted for type: loginAlert","service":"vtunova-api","timestamp":"2026-09-19 16:33:06"}
{"environment":"production","level":"info","message":"Notification formatted for type: system","service":"vtunova-api","timestamp":"2026-09-19 16:33:06"}
{"environment":"production","level":"info","message":"Cache miss for key: user:6a58a50209c6cbe98e9f9e40:notifications","service":"vtunova-api","timestamp":"2026-09-19 16:33:06"}
{"environment":"production","level":"info","message":"Cache set for key: user:6a58a50209c6cbe98e9f9e40:notifications","service":"vtunova-api","timestamp":"2026-09-19 16:33:06"}
{"environment":"production","level":"info","message":"Cache hit for key: user:6a58a50209c6cbe98e9f9e40:transactions","service":"vtunova-api","timestamp":"2026-09-19 16:33:07"}
{"environment":"production","level":"info","message":"Notification formatted for type: transaction","service":"vtunova-api","timestamp":"2026-09-19 16:33:07"}
{"environment":"production","level":"info","message":"Notification formatted for type: airtime","service":"vtunova-api","timestamp":"2026-09-19 16:33:07"}
{"environment":"production","level":"info","message":"Notification formatted for type: loginAlert","service":"vtunova-api","timestamp":"2026-09-19 16:33:07"}
{"environment":"production","level":"info","message":"Notification formatted for type: loginAlert","service":"vtunova-api","timestamp":"2026-09-19 16:33:07"}
{"environment":"production","level":"info","message":"Notification formatted for type: loginAlert","service":"vtunova-api","timestamp":"2026-09-19 16:33:07"}
{"environment":"production","level":"info","message":"Notification formatted for type: system","service":"vtunova-api","timestamp":"2026-09-19 16:33:07"}
{"environment":"production","level":"info","message":"Cache hit for key: user:6a58a50209c6cbe98e9f9e40:notifications","service":"vtunova-api","timestamp":"2026-09-19 16:33:07"}
{"environment":"production","level":"info","message":"Email transport ready via smtp.gmail.com","service":"vtunova-api","timestamp":"2026-09-19 16:34:11"}
{"environment":"production","level":"info","message":"Redis client connected","service":"vtunova-api","timestamp":"2026-09-19 16:34:13"}
{"environment":"production","level":"info","message":"SMTP connection veried","service":"vtunova-api","timestamp":"2026-09-19 16:34:19"}
{"environment":"production","level":"info","message":"Email listeners registered for 10 event type(s)","service":"vtunova-api","timestamp":"2026-09-19 16:34:19"}
{"environment":"production","level":"info","message":"Notification listeners registered for 12 event type(s)","service":"vtunova-api","timestamp":"2026-09-19 16:34:19"}
{"environment":"production","level":"info","message":"VtuNova Platform running on port 3000 [production]","service":"vtunova-api","timestamp":"2026-09-19 16:34:19"}
{"environment":"production","level":"info","message":"API Docs: http://localhost:3000/api","service":"vtunova-api","timestamp":"2026-09-19 16:34:19"}
{"environment":"production","level":"info","message":"Email transport ready via smtp.gmail.com","service":"vtunova-api","timestamp":"2026-09-19 16:36:28"}
{"environment":"production","level":"info","message":"Redis client connected","service":"vtunova-api","timestamp":"2026-09-19 16:36:31"}
{"environment":"production","level":"info","message":"SMTP connection veried","service":"vtunova-api","timestamp":"2026-09-19 16:36:36"}
{"environment":"production","level":"info","message":"Email listeners registered for 10 event type(s)","service":"vtunova-api","timestamp":"2026-09-19 16:36:36"}
{"environment":"production","level":"info","message":"Notification listeners registered for 12 event type(s)","service":"vtunova-api","timestamp":"2026-09-19 16:36:36"}
{"environment":"production","level":"info","message":"VtuNova Platform running on port 3000 [production]","service":"vtunova-api","timestamp":"2026-09-19 16:36:36"}
{"environment":"production","level":"info","message":"API Docs: http://localhost:3000/api","service":"vtunova-api","timestamp":"2026-09-19 16:36:36"}
{"environment":"production","level":"info","message":"Cache hit for key: user:6a58a50209c6cbe98e9f9e40:profile","service":"vtunova-api","timestamp":"2026-09-19 16:36:57"}
{"environment":"production","level":"info","message":"Cache invalidated for key: user:6a58a50209c6cbe98e9f9e40:notifications","service":"vtunova-api","timestamp":"2026-09-19 16:36:58"}
{"environment":"production","level":"info","message":"Cache hit for key: user:6a58a50209c6cbe98e9f9e40:transactions","service":"vtunova-api","timestamp":"2026-09-19 16:36:59"}
{"environment":"production","level":"error","message":"Failed to invalidate cache for key: user:6a58a50209c6cbe98e9f9e40:notifications","service":"vtunova-api","timestamp":"2026-09-19 16:36:59"}
{"environment":"production","level":"info","message":"Notification formatted for type: transaction","service":"vtunova-api","timestamp":"2026-09-19 16:36:59"}
{"environment":"production","level":"info","message":"Notification formatted for type: airtime","service":"vtunova-api","timestamp":"2026-09-19 16:36:59"}
{"environment":"production","level":"info","message":"Notification formatted for type: loginAlert","service":"vtunova-api","timestamp":"2026-09-19 16:36:59"}
{"environment":"production","level":"info","message":"Notification formatted for type: loginAlert","service":"vtunova-api","timestamp":"2026-09-19 16:36:59"}
{"environment":"production","level":"info","message":"Notification formatted for type: loginAlert","service":"vtunova-api","timestamp":"2026-09-19 16:36:59"}
{"environment":"production","level":"info","message":"Notification formatted for type: system","service":"vtunova-api","timestamp":"2026-09-19 16:36:59"}
{"environment":"production","level":"info","message":"Cache miss for key: user:6a58a50209c6cbe98e9f9e40:notifications","service":"vtunova-api","timestamp":"2026-09-19 16:36:59"}
{"environment":"production","level":"info","message":"Cache set for key: user:6a58a50209c6cbe98e9f9e40:notifications","service":"vtunova-api","timestamp":"2026-09-19 16:36:59"}
{"environment":"production","level":"info","message":"Cache hit for key: user:6a58a50209c6cbe98e9f9e40:transactions","service":"vtunova-api","timestamp":"2026-09-19 16:37:00"}
{"environment":"production","level":"info","message":"Notification formatted for type: transaction","service":"vtunova-api","timestamp":"2026-09-19 16:37:00"}
{"environment":"production","level":"info","message":"Notification formatted for type: airtime","service":"vtunova-api","timestamp":"2026-09-19 16:37:00"}
{"environment":"production","level":"info","message":"Notification formatted for type: loginAlert","service":"vtunova-api","timestamp":"2026-09-19 16:37:00"}
{"environment":"production","level":"info","message":"Notification formatted for type: loginAlert","service":"vtunova-api","timestamp":"2026-09-19 16:37:00"}
{"environment":"production","level":"info","message":"Notification formatted for type: loginAlert","service":"vtunova-api","timestamp":"2026-09-19 16:37:00"}
{"environment":"production","level":"info","message":"Notification formatted for type: system","service":"vtunova-api","timestamp":"2026-09-19 16:37:00"}
{"environment":"production","level":"info","message":"Cache hit for key: user:6a58a50209c6cbe98e9f9e40:notifications","service":"vtunova-api","timestamp":"2026-09-19 16:37:00"}
{"environment":"production","level":"info","message":"Cache hit for key: user:6a58a50209c6cbe98e9f9e40:profile","service":"vtunova-api","timestamp":"2026-09-19 16:37:56"}
{"environment":"production","level":"info","message":"Cache hit for key: user:6a58a50209c6cbe98e9f9e40:transactions","service":"vtunova-api","timestamp":"2026-09-19 16:37:57"}
{"environment":"production","level":"info","message":"Cache invalidated for key: user:6a58a50209c6cbe98e9f9e40:notifications","service":"vtunova-api","timestamp":"2026-09-19 16:37:57"}
{"environment":"production","level":"error","message":"Failed to invalidate cache for key: user:6a58a50209c6cbe98e9f9e40:notifications","service":"vtunova-api","timestamp":"2026-09-19 16:37:57"}
{"environment":"production","level":"info","message":"Notification formatted for type: transaction","service":"vtunova-api","timestamp":"2026-09-19 16:37:57"}
{"environment":"production","level":"info","message":"Notification formatted for type: airtime","service":"vtunova-api","timestamp":"2026-09-19 16:37:57"}
{"environment":"production","level":"info","message":"Notification formatted for type: loginAlert","service":"vtunova-api","timestamp":"2026-09-19 16:37:57"}
{"environment":"production","level":"info","message":"Notification formatted for type: loginAlert","service":"vtunova-api","timestamp":"2026-09-19 16:37:57"}
{"environment":"production","level":"info","message":"Notification formatted for type: loginAlert","service":"vtunova-api","timestamp":"2026-09-19 16:37:57"}
{"environment":"production","level":"info","message":"Notification formatted for type: system","service":"vtunova-api","timestamp":"2026-09-19 16:37:57"}
{"environment":"production","level":"info","message":"Cache miss for key: user:6a58a50209c6cbe98e9f9e40:notifications","service":"vtunova-api","timestamp":"2026-09-19 16:37:57"}
{"environment":"production","level":"info","message":"Cache set for key: user:6a58a50209c6cbe98e9f9e40:notifications","service":"vtunova-api","timestamp":"2026-09-19 16:37:57"}
{"environment":"production","level":"info","message":"Cache hit for key: user:6a58a50209c6cbe98e9f9e40:transactions","service":"vtunova-api","timestamp":"2026-09-19 16:37:58"}
{"environment":"production","level":"info","message":"Notification formatted for type: transaction","service":"vtunova-api","timestamp":"2026-09-19 16:37:58"}
{"environment":"production","level":"info","message":"Notification formatted for type: airtime","service":"vtunova-api","timestamp":"2026-09-19 16:37:58"}
{"environment":"production","level":"info","message":"Notification formatted for type: loginAlert","service":"vtunova-api","timestamp":"2026-09-19 16:37:58"}
{"environment":"production","level":"info","message":"Notification formatted for type: loginAlert","service":"vtunova-api","timestamp":"2026-09-19 16:37:58"}
{"environment":"production","level":"info","message":"Notification formatted for type: loginAlert","service":"vtunova-api","timestamp":"2026-09-19 16:37:58"}
{"environment":"production","level":"info","message":"Notification formatted for type: system","service":"vtunova-api","timestamp":"2026-09-19 16:37:58"}
{"environment":"production","level":"info","message":"Cache hit for key: user:6a58a50209c6cbe98e9f9e40:notifications","service":"vtunova-api","timestamp":"2026-09-19 16:37:59"}
{"environment":"production","level":"info","message":"Email transport ready via smtp.gmail.com","service":"vtunova-api","timestamp":"2026-09-19 16:40:10"}
{"environment":"production","level":"info","message":"Redis client connected","service":"vtunova-api","timestamp":"2026-09-19 16:40:13"}
{"environment":"production","level":"info","message":"SMTP connection veried","service":"vtunova-api","timestamp":"2026-09-19 16:40:18"}
{"environment":"production","level":"info","message":"Email listeners registered for 10 event type(s)","service":"vtunova-api","timestamp":"2026-09-19 16:40:18"}
{"environment":"production","level":"info","message":"Notification listeners registered for 12 event type(s)","service":"vtunova-api","timestamp":"2026-09-19 16:40:18"}
{"environment":"production","level":"info","message":"VtuNova Platform running on port 3000 [production]","service":"vtunova-api","timestamp":"2026-09-19 16:40:18"}
{"environment":"production","level":"info","message":"API Docs: http://localhost:3000/api","service":"vtunova-api","timestamp":"2026-09-19 16:40:18"}
{"environment":"production","level":"info","message":"Email transport ready via smtp.gmail.com","service":"vtunova-api","timestamp":"2026-09-19 16:40:25"}
{"environment":"production","level":"info","message":"Redis client connected","service":"vtunova-api","timestamp":"2026-09-19 16:40:29"}
{"environment":"production","level":"info","message":"SMTP connection veried","service":"vtunova-api","timestamp":"2026-09-19 16:40:31"}
{"environment":"production","level":"info","message":"Email listeners registered for 10 event type(s)","service":"vtunova-api","timestamp":"2026-09-19 16:40:31"}
{"environment":"production","level":"info","message":"Notification listeners registered for 12 event type(s)","service":"vtunova-api","timestamp":"2026-09-19 16:40:31"}
{"environment":"production","level":"info","message":"VtuNova Platform running on port 3000 [production]","service":"vtunova-api","timestamp":"2026-09-19 16:40:31"}
{"environment":"production","level":"info","message":"API Docs: http://localhost:3000/api","service":"vtunova-api","timestamp":"2026-09-19 16:40:31"}
{"environment":"production","level":"info","message":"Email transport ready via smtp.gmail.com","service":"vtunova-api","timestamp":"2026-09-19 16:40:40"}
{"environment":"production","level":"info","message":"Redis client connected","service":"vtunova-api","timestamp":"2026-09-19 16:40:42"}
{"environment":"production","level":"info","message":"SMTP connection veried","service":"vtunova-api","timestamp":"2026-09-19 16:40:44"}
{"environment":"production","level":"info","message":"Email listeners registered for 10 event type(s)","service":"vtunova-api","timestamp":"2026-09-19 16:40:44"}
{"environment":"production","level":"info","message":"Notification listeners registered for 12 event type(s)","service":"vtunova-api","timestamp":"2026-09-19 16:40:44"}
{"environment":"production","level":"info","message":"VtuNova Platform running on port 3000 [production]","service":"vtunova-api","timestamp":"2026-09-19 16:40:44"}
{"environment":"production","level":"info","message":"API Docs: http://localhost:3000/api","service":"vtunova-api","timestamp":"2026-09-19 16:40:44"}
{"environment":"production","level":"info","message":"Email transport ready via smtp.gmail.com","service":"vtunova-api","timestamp":"2026-09-19 16:41:31"}
{"environment":"production","level":"info","message":"Redis client connected","service":"vtunova-api","timestamp":"2026-09-19 16:41:35"}
{"environment":"production","level":"info","message":"SMTP connection veried","service":"vtunova-api","timestamp":"2026-09-19 16:41:39"}
{"environment":"production","level":"info","message":"Email listeners registered for 10 event type(s)","service":"vtunova-api","timestamp":"2026-09-19 16:41:39"}
{"environment":"production","level":"info","message":"Notification listeners registered for 12 event type(s)","service":"vtunova-api","timestamp":"2026-09-19 16:41:39"}
{"environment":"production","level":"info","message":"VtuNova Platform running on port 3000 [production]","service":"vtunova-api","timestamp":"2026-09-19 16:41:39"}
{"environment":"production","level":"info","message":"API Docs: http://localhost:3000/api","service":"vtunova-api","timestamp":"2026-09-19 16:41:39"}
{"environment":"production","level":"info","message":"User login notification queued successfully","service":"vtunova-api","timestamp":"2026-09-19 16:41:45"}
{"environment":"production","level":"info","message":"[email-worker] Processing job: loginAlert (id=211)","service":"vtunova-api","timestamp":"2026-09-19 16:41:46"}
{"environment":"production","level":"info","message":"[notif-worker] Processing job: loginAlert (id=219)","service":"vtunova-api","timestamp":"2026-09-19 16:41:46"}
{"environment":"production","level":"info","message":"[notif-worker] Job data: {\"userId\":\"6a58a50209c6cbe98e9f9e40\",\"type\":\"security\",\"ip\":\"::1\",\"device\":\"Mozilla/5.0 (Windows NT 10.0; Win64; x64) AppleWebKit/537.36 (KHTML, like Gecko) Chrome/153.0.0.0 Safari/537.36\",\"category\":\"loginAlert\"}","service":"vtunova-api","timestamp":"2026-09-19 16:41:46"}
{"environment":"production","level":"info","message":"[notif-worker] Processing login alert for user 6a58a50209c6cbe98e9f9e40","service":"vtunova-api","timestamp":"2026-09-19 16:41:46"}
{"environment":"production","level":"info","message":"Notification created:","service":"vtunova-api","timestamp":"2026-09-19 16:41:46"}
{"environment":"production","level":"info","message":"Cache invalidated for key: user:6a58a50209c6cbe98e9f9e40:notifications","service":"vtunova-api","timestamp":"2026-09-19 16:41:46"}
{"environment":"production","level":"error","message":"Failed to invalidate cache for key: user:6a58a50209c6cbe98e9f9e40:notification","service":"vtunova-api","timestamp":"2026-09-19 16:41:47"}
{"environment":"production","level":"info","message":"[notif-worker] Job 219 completed successfully","service":"vtunova-api","timestamp":"2026-09-19 16:41:47"}
{"environment":"production","level":"info","message":"[email-worker] Job 211 completed","service":"vtunova-api","timestamp":"2026-09-19 16:41:48"}
{"environment":"production","level":"info","message":"Cache hit for key: user:6a58a50209c6cbe98e9f9e40:profile","service":"vtunova-api","timestamp":"2026-09-19 16:41:50"}
{"environment":"production","level":"info","message":"Cache hit for key: user:6a58a50209c6cbe98e9f9e40:transactions","service":"vtunova-api","timestamp":"2026-09-19 16:41:52"}
{"environment":"production","level":"info","message":"Notification formatted for type: loginAlert","service":"vtunova-api","timestamp":"2026-09-19 16:41:52"}
{"environment":"production","level":"info","message":"Notification formatted for type: transaction","service":"vtunova-api","timestamp":"2026-09-19 16:41:52"}
{"environment":"production","level":"info","message":"Notification formatted for type: airtime","service":"vtunova-api","timestamp":"2026-09-19 16:41:52"}
{"environment":"production","level":"info","message":"Notification formatted for type: loginAlert","service":"vtunova-api","timestamp":"2026-09-19 16:41:52"}
{"environment":"production","level":"info","message":"Notification formatted for type: loginAlert","service":"vtunova-api","timestamp":"2026-09-19 16:41:52"}
{"environment":"production","level":"info","message":"Notification formatted for type: loginAlert","service":"vtunova-api","timestamp":"2026-09-19 16:41:52"}
{"environment":"production","level":"info","message":"Notification formatted for type: system","service":"vtunova-api","timestamp":"2026-09-19 16:41:52"}
{"environment":"production","level":"info","message":"Cache miss for key: user:6a58a50209c6cbe98e9f9e40:notifications","service":"vtunova-api","timestamp":"2026-09-19 16:41:53"}
{"environment":"production","level":"info","message":"Cache set for key: user:6a58a50209c6cbe98e9f9e40:notifications","service":"vtunova-api","timestamp":"2026-09-19 16:41:53"}
{"environment":"production","level":"info","message":"Cache hit for key: user:6a58a50209c6cbe98e9f9e40:transactions","service":"vtunova-api","timestamp":"2026-09-19 16:41:53"}
{"environment":"production","level":"info","message":"Notification formatted for type: loginAlert","service":"vtunova-api","timestamp":"2026-09-19 16:41:54"}
{"environment":"production","level":"info","message":"Notification formatted for type: transaction","service":"vtunova-api","timestamp":"2026-09-19 16:41:54"}
{"environment":"production","level":"info","message":"Notification formatted for type: airtime","service":"vtunova-api","timestamp":"2026-09-19 16:41:54"}
{"environment":"production","level":"info","message":"Notification formatted for type: loginAlert","service":"vtunova-api","timestamp":"2026-09-19 16:41:54"}
{"environment":"production","level":"info","message":"Notification formatted for type: loginAlert","service":"vtunova-api","timestamp":"2026-09-19 16:41:54"}
{"environment":"production","level":"info","message":"Notification formatted for type: loginAlert","service":"vtunova-api","timestamp":"2026-09-19 16:41:54"}
{"environment":"production","level":"info","message":"Notification formatted for type: system","service":"vtunova-api","timestamp":"2026-09-19 16:41:54"}
{"environment":"production","level":"info","message":"Cache hit for key: user:6a58a50209c6cbe98e9f9e40:notifications","service":"vtunova-api","timestamp":"2026-09-19 16:41:54"}
{"environment":"production","level":"info","message":"User login notification queued successfully","service":"vtunova-api","timestamp":"2026-09-19 16:41:55"}
{"environment":"production","level":"info","message":"[email-worker] Processing job: loginAlert (id=212)","service":"vtunova-api","timestamp":"2026-09-19 16:41:55"}
{"environment":"production","level":"info","message":"[notif-worker] Processing job: loginAlert (id=220)","service":"vtunova-api","timestamp":"2026-09-19 16:41:55"}
{"environment":"production","level":"info","message":"[notif-worker] Job data: {\"userId\":\"6a58a50209c6cbe98e9f9e40\",\"type\":\"security\",\"ip\":\"::1\",\"device\":\"Mozilla/5.0 (Windows NT 10.0; Win64; x64) AppleWebKit/537.36 (KHTML, like Gecko) Chrome/153.0.0.0 Safari/537.36\",\"category\":\"loginAlert\"}","service":"vtunova-api","timestamp":"2026-09-19 16:41:55"}
{"environment":"production","level":"info","message":"[notif-worker] Processing login alert for user 6a58a50209c6cbe98e9f9e40","service":"vtunova-api","timestamp":"2026-09-19 16:41:55"}
{"environment":"production","level":"info","message":"Notification created:","service":"vtunova-api","timestamp":"2026-09-19 16:41:55"}
{"environment":"production","level":"info","message":"Cache invalidated for key: user:6a58a50209c6cbe98e9f9e40:notifications","service":"vtunova-api","timestamp":"2026-09-19 16:41:56"}
{"environment":"production","level":"error","message":"Failed to invalidate cache for key: user:6a58a50209c6cbe98e9f9e40:notification","service":"vtunova-api","timestamp":"2026-09-19 16:41:56"}
{"environment":"production","level":"info","message":"[notif-worker] Job 220 completed successfully","service":"vtunova-api","timestamp":"2026-09-19 16:41:56"}
{"environment":"production","level":"info","message":"[email-worker] Job 212 completed","service":"vtunova-api","timestamp":"2026-09-19 16:41:56"}
{"environment":"production","level":"error","message":"Failed to invalidate cache for key: user:6a58a50209c6cbe98e9f9e40:notifications","service":"vtunova-api","timestamp":"2026-09-19 16:42:03"}
{"environment":"production","level":"error","message":"Failed to invalidate cache for key: user:6a58a50209c6cbe98e9f9e40:notifications","service":"vtunova-api","timestamp":"2026-09-19 16:42:03"}
{"environment":"production","level":"info","message":"Email transport ready via smtp.gmail.com","service":"vtunova-api","timestamp":"2026-09-19 16:44:22"}
{"environment":"production","level":"info","message":"Redis client connected","service":"vtunova-api","timestamp":"2026-09-19 16:44:25"}
{"environment":"production","level":"info","message":"SMTP connection veried","service":"vtunova-api","timestamp":"2026-09-19 16:44:30"}
{"environment":"production","level":"info","message":"Email listeners registered for 10 event type(s)","service":"vtunova-api","timestamp":"2026-09-19 16:44:30"}
{"environment":"production","level":"info","message":"Notification listeners registered for 12 event type(s)","service":"vtunova-api","timestamp":"2026-09-19 16:44:30"}
{"environment":"production","level":"info","message":"VtuNova Platform running on port 3000 [production]","service":"vtunova-api","timestamp":"2026-09-19 16:44:30"}
{"environment":"production","level":"info","message":"API Docs: http://localhost:3000/api","service":"vtunova-api","timestamp":"2026-09-19 16:44:30"}
{"environment":"production","level":"info","message":"Email transport ready via smtp.gmail.com","service":"vtunova-api","timestamp":"2026-09-19 16:53:20"}
{"environment":"production","level":"info","message":"Redis client connected","service":"vtunova-api","timestamp":"2026-09-19 16:53:24"}
{"environment":"production","level":"info","message":"SMTP connection veried","service":"vtunova-api","timestamp":"2026-09-19 16:53:30"}
{"environment":"production","level":"info","message":"Email listeners registered for 10 event type(s)","service":"vtunova-api","timestamp":"2026-09-19 16:53:30"}
{"environment":"production","level":"info","message":"Notification listeners registered for 12 event type(s)","service":"vtunova-api","timestamp":"2026-09-19 16:53:30"}
{"environment":"production","level":"info","message":"VtuNova Platform running on port 3000 [production]","service":"vtunova-api","timestamp":"2026-09-19 16:53:30"}
{"environment":"production","level":"info","message":"API Docs: http://localhost:3000/api","service":"vtunova-api","timestamp":"2026-09-19 16:53:30"}
{"environment":"production","level":"info","message":"Cache hit for key: user:6a58a50209c6cbe98e9f9e40:profile","service":"vtunova-api","timestamp":"2026-09-19 16:53:41"}
{"environment":"production","level":"error","message":"Failed to invalidate cache for key: user:6a58a50209c6cbe98e9f9e40:notifications","service":"vtunova-api","timestamp":"2026-09-19 16:53:42"}
{"environment":"production","level":"error","message":"Failed to invalidate cache for key: user:6a58a50209c6cbe98e9f9e40:notifications","service":"vtunova-api","timestamp":"2026-09-19 16:53:43"}
{"environment":"production","level":"info","message":"Cache hit for key: user:6a58a50209c6cbe98e9f9e40:transactions","service":"vtunova-api","timestamp":"2026-09-19 16:53:43"}
{"environment":"production","level":"info","message":"Notification formatted for type: loginAlert","service":"vtunova-api","timestamp":"2026-09-19 16:53:43"}
{"environment":"production","level":"info","message":"Notification formatted for type: loginAlert","service":"vtunova-api","timestamp":"2026-09-19 16:53:43"}
{"environment":"production","level":"info","message":"Notification formatted for type: transaction","service":"vtunova-api","timestamp":"2026-09-19 16:53:43"}
{"environment":"production","level":"info","message":"Notification formatted for type: airtime","service":"vtunova-api","timestamp":"2026-09-19 16:53:43"}
{"environment":"production","level":"info","message":"Notification formatted for type: loginAlert","service":"vtunova-api","timestamp":"2026-09-19 16:53:43"}
{"environment":"production","level":"info","message":"Notification formatted for type: loginAlert","service":"vtunova-api","timestamp":"2026-09-19 16:53:43"}
{"environment":"production","level":"info","message":"Notification formatted for type: loginAlert","service":"vtunova-api","timestamp":"2026-09-19 16:53:43"}
{"environment":"production","level":"info","message":"Notification formatted for type: system","service":"vtunova-api","timestamp":"2026-09-19 16:53:43"}
{"environment":"production","level":"info","message":"Cache miss for key: user:6a58a50209c6cbe98e9f9e40:notifications","service":"vtunova-api","timestamp":"2026-09-19 16:53:43"}
{"environment":"production","level":"info","message":"Cache set for key: user:6a58a50209c6cbe98e9f9e40:notifications","service":"vtunova-api","timestamp":"2026-09-19 16:53:44"}
{"environment":"production","level":"info","message":"Cache hit for key: user:6a58a50209c6cbe98e9f9e40:transactions","service":"vtunova-api","timestamp":"2026-09-19 16:53:44"}
{"environment":"production","level":"info","message":"Notification formatted for type: loginAlert","service":"vtunova-api","timestamp":"2026-09-19 16:53:45"}
{"environment":"production","level":"info","message":"Notification formatted for type: loginAlert","service":"vtunova-api","timestamp":"2026-09-19 16:53:45"}
{"environment":"production","level":"info","message":"Notification formatted for type: transaction","service":"vtunova-api","timestamp":"2026-09-19 16:53:45"}
{"environment":"production","level":"info","message":"Notification formatted for type: airtime","service":"vtunova-api","timestamp":"2026-09-19 16:53:45"}
{"environment":"production","level":"info","message":"Notification formatted for type: loginAlert","service":"vtunova-api","timestamp":"2026-09-19 16:53:45"}
{"environment":"production","level":"info","message":"Notification formatted for type: loginAlert","service":"vtunova-api","timestamp":"2026-09-19 16:53:45"}
{"environment":"production","level":"info","message":"Notification formatted for type: loginAlert","service":"vtunova-api","timestamp":"2026-09-19 16:53:45"}
{"environment":"production","level":"info","message":"Notification formatted for type: system","service":"vtunova-api","timestamp":"2026-09-19 16:53:45"}
{"environment":"production","level":"info","message":"Cache hit for key: user:6a58a50209c6cbe98e9f9e40:notifications","service":"vtunova-api","timestamp":"2026-09-19 16:53:45"}
{"environment":"production","level":"info","message":"Email transport ready via smtp.gmail.com","service":"vtunova-api","timestamp":"2026-09-19 16:59:13"}
{"environment":"production","level":"info","message":"Redis client connected","service":"vtunova-api","timestamp":"2026-09-19 16:59:17"}
{"environment":"production","level":"info","message":"SMTP connection veried","service":"vtunova-api","timestamp":"2026-09-19 16:59:26"}
{"environment":"production","level":"info","message":"Email listeners registered for 10 event type(s)","service":"vtunova-api","timestamp":"2026-09-19 16:59:26"}
{"environment":"production","level":"info","message":"Notification listeners registered for 12 event type(s)","service":"vtunova-api","timestamp":"2026-09-19 16:59:26"}
{"environment":"production","level":"info","message":"VtuNova Platform running on port 3000 [production]","service":"vtunova-api","timestamp":"2026-09-19 16:59:26"}
{"environment":"production","level":"info","message":"API Docs: http://localhost:3000/api","service":"vtunova-api","timestamp":"2026-09-19 16:59:26"}
{"environment":"production","level":"info","message":"Cache hit for key: user:6a58a50209c6cbe98e9f9e40:profile","service":"vtunova-api","timestamp":"2026-09-19 16:59:32"}
{"environment":"production","level":"info","message":"Cache invalidated for key: user:6a58a50209c6cbe98e9f9e40:notifications","service":"vtunova-api","timestamp":"2026-09-19 16:59:33"}
{"environment":"production","level":"error","message":"Failed to invalidate cache for key: user:6a58a50209c6cbe98e9f9e40:notifications","service":"vtunova-api","timestamp":"2026-09-19 16:59:33"}
{"environment":"production","level":"info","message":"Cache hit for key: user:6a58a50209c6cbe98e9f9e40:transactions","service":"vtunova-api","timestamp":"2026-09-19 16:59:33"}
{"environment":"production","level":"info","message":"Notification formatted for type: loginAlert","service":"vtunova-api","timestamp":"2026-09-19 16:59:34"}
{"environment":"production","level":"info","message":"Notification formatted for type: loginAlert","service":"vtunova-api","timestamp":"2026-09-19 16:59:34"}
{"environment":"production","level":"info","message":"Notification formatted for type: transaction","service":"vtunova-api","timestamp":"2026-09-19 16:59:34"}
{"environment":"production","level":"info","message":"Notification formatted for type: airtime","service":"vtunova-api","timestamp":"2026-09-19 16:59:34"}
{"environment":"production","level":"info","message":"Notification formatted for type: loginAlert","service":"vtunova-api","timestamp":"2026-09-19 16:59:34"}
{"environment":"production","level":"info","message":"Notification formatted for type: loginAlert","service":"vtunova-api","timestamp":"2026-09-19 16:59:34"}
{"environment":"production","level":"info","message":"Notification formatted for type: loginAlert","service":"vtunova-api","timestamp":"2026-09-19 16:59:34"}
{"environment":"production","level":"info","message":"Notification formatted for type: system","service":"vtunova-api","timestamp":"2026-09-19 16:59:34"}
{"environment":"production","level":"info","message":"Cache miss for key: user:6a58a50209c6cbe98e9f9e40:notifications","service":"vtunova-api","timestamp":"2026-09-19 16:59:34"}
{"environment":"production","level":"info","message":"Cache set for key: user:6a58a50209c6cbe98e9f9e40:notifications","service":"vtunova-api","timestamp":"2026-09-19 16:59:34"}
{"environment":"production","level":"info","message":"Cache hit for key: user:6a58a50209c6cbe98e9f9e40:transactions","service":"vtunova-api","timestamp":"2026-09-19 16:59:35"}
{"environment":"production","level":"info","message":"Notification formatted for type: loginAlert","service":"vtunova-api","timestamp":"2026-09-19 16:59:35"}
{"environment":"production","level":"info","message":"Notification formatted for type: loginAlert","service":"vtunova-api","timestamp":"2026-09-19 16:59:35"}
{"environment":"production","level":"info","message":"Notification formatted for type: transaction","service":"vtunova-api","timestamp":"2026-09-19 16:59:35"}
{"environment":"production","level":"info","message":"Notification formatted for type: airtime","service":"vtunova-api","timestamp":"2026-09-19 16:59:35"}
{"environment":"production","level":"info","message":"Notification formatted for type: loginAlert","service":"vtunova-api","timestamp":"2026-09-19 16:59:35"}
{"environment":"production","level":"info","message":"Notification formatted for type: loginAlert","service":"vtunova-api","timestamp":"2026-09-19 16:59:35"}
{"environment":"production","level":"info","message":"Notification formatted for type: loginAlert","service":"vtunova-api","timestamp":"2026-09-19 16:59:35"}
{"environment":"production","level":"info","message":"Notification formatted for type: system","service":"vtunova-api","timestamp":"2026-09-19 16:59:35"}
{"environment":"production","level":"info","message":"Cache hit for key: user:6a58a50209c6cbe98e9f9e40:notifications","service":"vtunova-api","timestamp":"2026-09-19 16:59:35"}
{"environment":"production","level":"info","message":"Email transport ready via smtp.gmail.com","service":"vtunova-api","timestamp":"2026-09-19 17:00:04"}
{"environment":"production","level":"info","message":"Redis client connected","service":"vtunova-api","timestamp":"2026-09-19 17:00:07"}
{"environment":"production","level":"info","message":"SMTP connection veried","service":"vtunova-api","timestamp":"2026-09-19 17:00:09"}
{"environment":"production","level":"info","message":"Email listeners registered for 10 event type(s)","service":"vtunova-api","timestamp":"2026-09-19 17:00:09"}
{"environment":"production","level":"info","message":"Notification listeners registered for 12 event type(s)","service":"vtunova-api","timestamp":"2026-09-19 17:00:09"}
{"environment":"production","level":"info","message":"VtuNova Platform running on port 3000 [production]","service":"vtunova-api","timestamp":"2026-09-19 17:00:09"}
{"environment":"production","level":"info","message":"API Docs: http://localhost:3000/api","service":"vtunova-api","timestamp":"2026-09-19 17:00:09"}
{"environment":"production","level":"info","message":"Email transport ready via smtp.gmail.com","service":"vtunova-api","timestamp":"2026-09-19 17:02:23"}
{"environment":"production","level":"info","message":"Redis client connected","service":"vtunova-api","timestamp":"2026-09-19 17:02:27"}
{"environment":"production","level":"info","message":"SMTP connection veried","service":"vtunova-api","timestamp":"2026-09-19 17:02:32"}
{"environment":"production","level":"info","message":"Email listeners registered for 10 event type(s)","service":"vtunova-api","timestamp":"2026-09-19 17:02:32"}
{"environment":"production","level":"info","message":"Notification listeners registered for 12 event type(s)","service":"vtunova-api","timestamp":"2026-09-19 17:02:32"}
{"environment":"production","level":"info","message":"VtuNova Platform running on port 3000 [production]","service":"vtunova-api","timestamp":"2026-09-19 17:02:32"}
{"environment":"production","level":"info","message":"API Docs: http://localhost:3000/api","service":"vtunova-api","timestamp":"2026-09-19 17:02:32"}
{"environment":"production","level":"info","message":"Cache hit for key: user:6a58a50209c6cbe98e9f9e40:profile","service":"vtunova-api","timestamp":"2026-09-19 17:02:38"}
{"environment":"production","level":"info","message":"Cache invalidated for key: user:6a58a50209c6cbe98e9f9e40:notifications","service":"vtunova-api","timestamp":"2026-09-19 17:02:40"}
{"environment":"production","level":"error","message":"Failed to invalidate cache for key: user:6a58a50209c6cbe98e9f9e40:notifications","service":"vtunova-api","timestamp":"2026-09-19 17:02:40"}
{"environment":"production","level":"info","message":"Cache hit for key: user:6a58a50209c6cbe98e9f9e40:transactions","service":"vtunova-api","timestamp":"2026-09-19 17:02:40"}
{"environment":"production","level":"info","message":"Notification formatted for type: loginAlert","service":"vtunova-api","timestamp":"2026-09-19 17:02:40"}
{"environment":"production","level":"info","message":"Notification formatted for type: loginAlert","service":"vtunova-api","timestamp":"2026-09-19 17:02:40"}
{"environment":"production","level":"info","message":"Notification formatted for type: transaction","service":"vtunova-api","timestamp":"2026-09-19 17:02:40"}
{"environment":"production","level":"info","message":"Notification formatted for type: airtime","service":"vtunova-api","timestamp":"2026-09-19 17:02:40"}
{"environment":"production","level":"info","message":"Notification formatted for type: loginAlert","service":"vtunova-api","timestamp":"2026-09-19 17:02:40"}
{"environment":"production","level":"info","message":"Notification formatted for type: loginAlert","service":"vtunova-api","timestamp":"2026-09-19 17:02:40"}
{"environment":"production","level":"info","message":"Notification formatted for type: loginAlert","service":"vtunova-api","timestamp":"2026-09-19 17:02:40"}
{"environment":"production","level":"info","message":"Notification formatted for type: system","service":"vtunova-api","timestamp":"2026-09-19 17:02:40"}
{"environment":"production","level":"info","message":"Cache miss for key: user:6a58a50209c6cbe98e9f9e40:notifications","service":"vtunova-api","timestamp":"2026-09-19 17:02:40"}
{"environment":"production","level":"info","message":"Cache set for key: user:6a58a50209c6cbe98e9f9e40:notifications","service":"vtunova-api","timestamp":"2026-09-19 17:02:41"}
{"environment":"production","level":"info","message":"Cache hit for key: user:6a58a50209c6cbe98e9f9e40:transactions","service":"vtunova-api","timestamp":"2026-09-19 17:02:41"}
{"environment":"production","level":"info","message":"Notification formatted for type: loginAlert","service":"vtunova-api","timestamp":"2026-09-19 17:02:42"}
{"environment":"production","level":"info","message":"Notification formatted for type: loginAlert","service":"vtunova-api","timestamp":"2026-09-19 17:02:42"}
{"environment":"production","level":"info","message":"Notification formatted for type: transaction","service":"vtunova-api","timestamp":"2026-09-19 17:02:42"}
{"environment":"production","level":"info","message":"Notification formatted for type: airtime","service":"vtunova-api","timestamp":"2026-09-19 17:02:42"}
{"environment":"production","level":"info","message":"Notification formatted for type: loginAlert","service":"vtunova-api","timestamp":"2026-09-19 17:02:42"}
{"environment":"production","level":"info","message":"Notification formatted for type: loginAlert","service":"vtunova-api","timestamp":"2026-09-19 17:02:42"}
{"environment":"production","level":"info","message":"Notification formatted for type: loginAlert","service":"vtunova-api","timestamp":"2026-09-19 17:02:42"}
{"environment":"production","level":"info","message":"Notification formatted for type: system","service":"vtunova-api","timestamp":"2026-09-19 17:02:42"}
{"environment":"production","level":"info","message":"Cache hit for key: user:6a58a50209c6cbe98e9f9e40:notifications","service":"vtunova-api","timestamp":"2026-09-19 17:02:42"}
{"environment":"production","level":"info","message":"Cache invalidated for key: user:6a58a50209c6cbe98e9f9e40:notifications","service":"vtunova-api","timestamp":"2026-09-19 17:04:12"}
{"environment":"production","level":"error","message":"Failed to invalidate cache for key: user:6a58a50209c6cbe98e9f9e40:notifications","service":"vtunova-api","timestamp":"2026-09-19 17:04:12"}
{"environment":"production","level":"info","message":"Email transport ready via smtp.gmail.com","service":"vtunova-api","timestamp":"2026-09-19 17:07:33"}
{"environment":"production","level":"info","message":"Redis client connected","service":"vtunova-api","timestamp":"2026-09-19 17:07:38"}
{"environment":"production","level":"info","message":"Email transport ready via smtp.gmail.com","service":"vtunova-api","timestamp":"2026-09-19 17:07:54"}
{"environment":"production","level":"info","message":"Redis client connected","service":"vtunova-api","timestamp":"2026-09-19 17:07:57"}
{"environment":"production","level":"info","message":"SMTP connection veried","service":"vtunova-api","timestamp":"2026-09-19 17:08:05"}
{"environment":"production","level":"info","message":"Email listeners registered for 10 event type(s)","service":"vtunova-api","timestamp":"2026-09-19 17:08:05"}
{"environment":"production","level":"info","message":"Notification listeners registered for 12 event type(s)","service":"vtunova-api","timestamp":"2026-09-19 17:08:05"}
{"environment":"production","level":"info","message":"VtuNova Platform running on port 3000 [production]","service":"vtunova-api","timestamp":"2026-09-19 17:08:05"}
{"environment":"production","level":"info","message":"API Docs: http://localhost:3000/api","service":"vtunova-api","timestamp":"2026-09-19 17:08:05"}
{"environment":"production","level":"info","message":"User login notification queued successfully","service":"vtunova-api","timestamp":"2026-09-19 17:08:10"}
{"environment":"production","level":"info","message":"[notif-worker] Processing job: loginAlert (id=221)","service":"vtunova-api","timestamp":"2026-09-19 17:08:10"}
{"environment":"production","level":"info","message":"[notif-worker] Job data: {\"userId\":\"6a58a50209c6cbe98e9f9e40\",\"type\":\"security\",\"ip\":\"::1\",\"device\":\"Mozilla/5.0 (Windows NT 10.0; Win64; x64) AppleWebKit/537.36 (KHTML, like Gecko) Chrome/153.0.0.0 Safari/537.36\",\"category\":\"loginAlert\"}","service":"vtunova-api","timestamp":"2026-09-19 17:08:10"}
{"environment":"production","level":"info","message":"[notif-worker] Processing login alert for user 6a58a50209c6cbe98e9f9e40","service":"vtunova-api","timestamp":"2026-09-19 17:08:10"}
{"environment":"production","level":"info","message":"[email-worker] Processing job: loginAlert (id=213)","service":"vtunova-api","timestamp":"2026-09-19 17:08:10"}
{"environment":"production","level":"info","message":"Notification created:","service":"vtunova-api","timestamp":"2026-09-19 17:08:10"}
{"environment":"production","level":"error","message":"Failed to invalidate cache for key: user:6a58a50209c6cbe98e9f9e40:notifications","service":"vtunova-api","timestamp":"2026-09-19 17:08:11"}
{"environment":"production","level":"info","message":"[notif-worker] Job 221 completed successfully","service":"vtunova-api","timestamp":"2026-09-19 17:08:11"}
{"environment":"production","level":"info","message":"[email-worker] Job 213 completed","service":"vtunova-api","timestamp":"2026-09-19 17:08:13"}
{"environment":"production","level":"info","message":"Cache hit for key: user:6a58a50209c6cbe98e9f9e40:profile","service":"vtunova-api","timestamp":"2026-09-19 17:08:15"}
{"environment":"production","level":"info","message":"Cache hit for key: user:6a58a50209c6cbe98e9f9e40:transactions","service":"vtunova-api","timestamp":"2026-09-19 17:08:17"}
{"environment":"production","level":"info","message":"Notification formatted for type: loginAlert","service":"vtunova-api","timestamp":"2026-09-19 17:08:18"}
{"environment":"production","level":"info","message":"Notification formatted for type: loginAlert","service":"vtunova-api","timestamp":"2026-09-19 17:08:18"}
{"environment":"production","level":"info","message":"Notification formatted for type: loginAlert","service":"vtunova-api","timestamp":"2026-09-19 17:08:18"}
{"environment":"production","level":"info","message":"Notification formatted for type: transaction","service":"vtunova-api","timestamp":"2026-09-19 17:08:18"}
{"environment":"production","level":"info","message":"Notification formatted for type: airtime","service":"vtunova-api","timestamp":"2026-09-19 17:08:18"}
{"environment":"production","level":"info","message":"Notification formatted for type: loginAlert","service":"vtunova-api","timestamp":"2026-09-19 17:08:18"}
{"environment":"production","level":"info","message":"Notification formatted for type: loginAlert","service":"vtunova-api","timestamp":"2026-09-19 17:08:18"}
{"environment":"production","level":"info","message":"Notification formatted for type: loginAlert","service":"vtunova-api","timestamp":"2026-09-19 17:08:18"}
{"environment":"production","level":"info","message":"Notification formatted for type: system","service":"vtunova-api","timestamp":"2026-09-19 17:08:18"}
{"environment":"production","level":"info","message":"Cache miss for key: user:6a58a50209c6cbe98e9f9e40:notifications","service":"vtunova-api","timestamp":"2026-09-19 17:08:18"}
{"environment":"production","level":"info","message":"Cache set for key: user:6a58a50209c6cbe98e9f9e40:notifications","service":"vtunova-api","timestamp":"2026-09-19 17:08:18"}
{"environment":"production","level":"info","message":"Cache hit for key: user:6a58a50209c6cbe98e9f9e40:transactions","service":"vtunova-api","timestamp":"2026-09-19 17:08:19"}
{"environment":"production","level":"info","message":"Notification formatted for type: loginAlert","service":"vtunova-api","timestamp":"2026-09-19 17:08:19"}
{"environment":"production","level":"info","message":"Notification formatted for type: loginAlert","service":"vtunova-api","timestamp":"2026-09-19 17:08:19"}
{"environment":"production","level":"info","message":"Notification formatted for type: loginAlert","service":"vtunova-api","timestamp":"2026-09-19 17:08:19"}
{"environment":"production","level":"info","message":"Notification formatted for type: transaction","service":"vtunova-api","timestamp":"2026-09-19 17:08:19"}
{"environment":"production","level":"info","message":"Notification formatted for type: airtime","service":"vtunova-api","timestamp":"2026-09-19 17:08:19"}
{"environment":"production","level":"info","message":"Notification formatted for type: loginAlert","service":"vtunova-api","timestamp":"2026-09-19 17:08:19"}
{"environment":"production","level":"info","message":"Notification formatted for type: loginAlert","service":"vtunova-api","timestamp":"2026-09-19 17:08:19"}
{"environment":"production","level":"info","message":"Notification formatted for type: loginAlert","service":"vtunova-api","timestamp":"2026-09-19 17:08:19"}
{"environment":"production","level":"info","message":"Notification formatted for type: system","service":"vtunova-api","timestamp":"2026-09-19 17:08:19"}
{"environment":"production","level":"info","message":"Cache hit for key: user:6a58a50209c6cbe98e9f9e40:notifications","service":"vtunova-api","timestamp":"2026-09-19 17:08:19"}
{"environment":"production","level":"info","message":"User login notification queued successfully","service":"vtunova-api","timestamp":"2026-09-19 17:08:22"}
{"environment":"production","level":"info","message":"[notif-worker] Processing job: loginAlert (id=222)","service":"vtunova-api","timestamp":"2026-09-19 17:08:22"}
{"environment":"production","level":"info","message":"[notif-worker] Job data: {\"userId\":\"6a58a50209c6cbe98e9f9e40\",\"type\":\"security\",\"ip\":\"::1\",\"device\":\"Mozilla/5.0 (Windows NT 10.0; Win64; x64) AppleWebKit/537.36 (KHTML, like Gecko) Chrome/153.0.0.0 Safari/537.36\",\"category\":\"loginAlert\"}","service":"vtunova-api","timestamp":"2026-09-19 17:08:22"}
{"environment":"production","level":"info","message":"[notif-worker] Processing login alert for user 6a58a50209c6cbe98e9f9e40","service":"vtunova-api","timestamp":"2026-09-19 17:08:22"}
{"environment":"production","level":"info","message":"[email-worker] Processing job: loginAlert (id=214)","service":"vtunova-api","timestamp":"2026-09-19 17:08:22"}
{"environment":"production","level":"info","message":"Notification created:","service":"vtunova-api","timestamp":"2026-09-19 17:08:22"}
{"environment":"production","level":"info","message":"Cache invalidated for key: user:6a58a50209c6cbe98e9f9e40:notifications","service":"vtunova-api","timestamp":"2026-09-19 17:08:23"}
{"environment":"production","level":"info","message":"[notif-worker] Job 222 completed successfully","service":"vtunova-api","timestamp":"2026-09-19 17:08:23"}
{"environment":"production","level":"info","message":"[email-worker] Job 214 completed","service":"vtunova-api","timestamp":"2026-09-19 17:08:24"}
{"environment":"production","level":"error","message":"Failed to invalidate cache for key: user:6a58a50209c6cbe98e9f9e40:notifications","service":"vtunova-api","timestamp":"2026-09-19 17:08:28"}
{"environment":"production","level":"error","message":"Failed to invalidate cache for key: user:6a58a50209c6cbe98e9f9e40:notifications","service":"vtunova-api","timestamp":"2026-09-19 17:08:28"}
{"environment":"production","level":"info","message":"Cache hit for key: user:6a58a50209c6cbe98e9f9e40:profile","service":"vtunova-api","timestamp":"2026-09-19 17:11:06"}
{"environment":"production","level":"error","message":"Failed to invalidate cache for key: user:6a58a50209c6cbe98e9f9e40:notifications","service":"vtunova-api","timestamp":"2026-09-19 17:11:08"}
{"environment":"production","level":"error","message":"Failed to invalidate cache for key: user:6a58a50209c6cbe98e9f9e40:notifications","service":"vtunova-api","timestamp":"2026-09-19 17:11:08"}
{"environment":"production","level":"info","message":"Cache hit for key: user:6a58a50209c6cbe98e9f9e40:transactions","service":"vtunova-api","timestamp":"2026-09-19 17:11:08"}
{"environment":"production","level":"info","message":"Notification formatted for type: loginAlert","service":"vtunova-api","timestamp":"2026-09-19 17:11:08"}
{"environment":"production","level":"info","message":"Notification formatted for type: loginAlert","service":"vtunova-api","timestamp":"2026-09-19 17:11:08"}
{"environment":"production","level":"info","message":"Notification formatted for type: loginAlert","service":"vtunova-api","timestamp":"2026-09-19 17:11:08"}
{"environment":"production","level":"info","message":"Notification formatted for type: loginAlert","service":"vtunova-api","timestamp":"2026-09-19 17:11:08"}
{"environment":"production","level":"info","message":"Notification formatted for type: transaction","service":"vtunova-api","timestamp":"2026-09-19 17:11:08"}
{"environment":"production","level":"info","message":"Notification formatted for type: airtime","service":"vtunova-api","timestamp":"2026-09-19 17:11:08"}
{"environment":"production","level":"info","message":"Notification formatted for type: loginAlert","service":"vtunova-api","timestamp":"2026-09-19 17:11:08"}
{"environment":"production","level":"info","message":"Notification formatted for type: loginAlert","service":"vtunova-api","timestamp":"2026-09-19 17:11:08"}
{"environment":"production","level":"info","message":"Notification formatted for type: loginAlert","service":"vtunova-api","timestamp":"2026-09-19 17:11:08"}
{"environment":"production","level":"info","message":"Notification formatted for type: system","service":"vtunova-api","timestamp":"2026-09-19 17:11:08"}
{"environment":"production","level":"info","message":"Cache miss for key: user:6a58a50209c6cbe98e9f9e40:notifications","service":"vtunova-api","timestamp":"2026-09-19 17:11:08"}
{"environment":"production","level":"info","message":"Cache set for key: user:6a58a50209c6cbe98e9f9e40:notifications","service":"vtunova-api","timestamp":"2026-09-19 17:11:08"}
{"environment":"production","level":"info","message":"Cache hit for key: user:6a58a50209c6cbe98e9f9e40:transactions","service":"vtunova-api","timestamp":"2026-09-19 17:11:09"}
{"environment":"production","level":"info","message":"Notification formatted for type: loginAlert","service":"vtunova-api","timestamp":"2026-09-19 17:11:09"}
{"environment":"production","level":"info","message":"Notification formatted for type: loginAlert","service":"vtunova-api","timestamp":"2026-09-19 17:11:09"}
{"environment":"production","level":"info","message":"Notification formatted for type: loginAlert","service":"vtunova-api","timestamp":"2026-09-19 17:11:09"}
{"environment":"production","level":"info","message":"Notification formatted for type: loginAlert","service":"vtunova-api","timestamp":"2026-09-19 17:11:09"}
{"environment":"production","level":"info","message":"Notification formatted for type: transaction","service":"vtunova-api","timestamp":"2026-09-19 17:11:09"}
{"environment":"production","level":"info","message":"Notification formatted for type: airtime","service":"vtunova-api","timestamp":"2026-09-19 17:11:09"}
{"environment":"production","level":"info","message":"Notification formatted for type: loginAlert","service":"vtunova-api","timestamp":"2026-09-19 17:11:09"}
{"environment":"production","level":"info","message":"Notification formatted for type: loginAlert","service":"vtunova-api","timestamp":"2026-09-19 17:11:09"}
{"environment":"production","level":"info","message":"Notification formatted for type: loginAlert","service":"vtunova-api","timestamp":"2026-09-19 17:11:09"}
{"environment":"production","level":"info","message":"Notification formatted for type: system","service":"vtunova-api","timestamp":"2026-09-19 17:11:09"}
{"environment":"production","level":"info","message":"Cache hit for key: user:6a58a50209c6cbe98e9f9e40:notifications","service":"vtunova-api","timestamp":"2026-09-19 17:11:10"}
{"code":"ECONNRESET","environment":"production","errno":-4077,"level":"error","message":"Redis Client Error read ECONNRESET","service":"vtunova-api","stack":"Error: read ECONNRESET\n    at TCP.onStreamRead (node:internal/stream_base_commons:216:20)","syscall":"read","timestamp":"2026-09-19 21:59:36"}
{"code":"ECONNRESET","environment":"production","errno":-4077,"level":"error","message":"[notif-worker] Worker error: read ECONNRESET","service":"vtunova-api","stack":"Error: read ECONNRESET\n    at TCP.onStreamRead (node:internal/stream_base_commons:216:20)","syscall":"read","timestamp":"2026-09-19 21:59:37"}
{"code":"ECONNRESET","environment":"production","errno":-4077,"level":"error","message":"[notif-worker] Worker error: write ECONNRESET","service":"vtunova-api","stack":"Error: write ECONNRESET\n    at afterWriteDispatched (node:internal/stream_base_commons:159:15)\n    at writeGeneric (node:internal/stream_base_commons:150:3)\n    at Socket._writeGeneric (node:net:966:11)\n    at Socket._write (node:net:978:8)\n    at writeOrBuffer (node:internal/streams/writable:570:12)\n    at _write (node:internal/streams/writable:499:10)\n    at Writable.write (node:internal/streams/writable:508:10)\n    at EventEmitter.sendCommand (C:\\Users\\HomePC\\VtuNova-Backend_v1\\node_modules\\ioredis\\built\\Redis.js:447:29)\n    at Script.execute (C:\\Users\\HomePC\\VtuNova-Backend_v1\\node_modules\\ioredis\\built\\Script.js:59:26)\n    at EventEmitter.moveToActive:6.3.4 (C:\\Users\\HomePC\\VtuNova-Backend_v1\\node_modules\\ioredis\\built\\utils\\Commander.js:111:27)","syscall":"write","timestamp":"2026-09-19 21:59:38"}
{"environment":"production","level":"info","message":"Redis client connected","service":"vtunova-api","timestamp":"2026-09-19 21:59:39"}
{"environment":"production","level":"info","message":"Cache hit for key: user:6a58a50209c6cbe98e9f9e40:profile","service":"vtunova-api","timestamp":"2026-09-19 22:00:14"}
{"environment":"production","level":"info","message":"Cache invalidated for key: user:6a58a50209c6cbe98e9f9e40:notifications","service":"vtunova-api","timestamp":"2026-09-19 22:00:16"}
{"environment":"production","level":"info","message":"Cache hit for key: user:6a58a50209c6cbe98e9f9e40:transactions","service":"vtunova-api","timestamp":"2026-09-19 22:00:16"}
{"environment":"production","level":"info","message":"Notification formatted for type: loginAlert","service":"vtunova-api","timestamp":"2026-09-19 22:00:16"}
{"environment":"production","level":"info","message":"Notification formatted for type: loginAlert","service":"vtunova-api","timestamp":"2026-09-19 22:00:16"}
{"environment":"production","level":"info","message":"Notification formatted for type: loginAlert","service":"vtunova-api","timestamp":"2026-09-19 22:00:17"}
{"environment":"production","level":"info","message":"Notification formatted for type: loginAlert","service":"vtunova-api","timestamp":"2026-09-19 22:00:17"}
{"environment":"production","level":"info","message":"Notification formatted for type: transaction","service":"vtunova-api","timestamp":"2026-09-19 22:00:17"}
{"environment":"production","level":"info","message":"Notification formatted for type: airtime","service":"vtunova-api","timestamp":"2026-09-19 22:00:17"}
{"environment":"production","level":"info","message":"Notification formatted for type: loginAlert","service":"vtunova-api","timestamp":"2026-09-19 22:00:17"}
{"environment":"production","level":"info","message":"Notification formatted for type: loginAlert","service":"vtunova-api","timestamp":"2026-09-19 22:00:17"}
{"environment":"production","level":"info","message":"Notification formatted for type: loginAlert","service":"vtunova-api","timestamp":"2026-09-19 22:00:17"}
{"environment":"production","level":"info","message":"Notification formatted for type: system","service":"vtunova-api","timestamp":"2026-09-19 22:00:17"}
{"environment":"production","level":"info","message":"Cache miss for key: user:6a58a50209c6cbe98e9f9e40:notifications","service":"vtunova-api","timestamp":"2026-09-19 22:00:17"}
{"environment":"production","level":"error","message":"Failed to invalidate cache for key: user:6a58a50209c6cbe98e9f9e40:notifications","service":"vtunova-api","timestamp":"2026-09-19 22:00:17"}
{"environment":"production","level":"info","message":"Cache set for key: user:6a58a50209c6cbe98e9f9e40:notifications","service":"vtunova-api","timestamp":"2026-09-19 22:00:17"}
{"environment":"production","level":"info","message":"Cache hit for key: user:6a58a50209c6cbe98e9f9e40:transactions","service":"vtunova-api","timestamp":"2026-09-19 22:00:18"}
{"environment":"production","level":"info","message":"Notification formatted for type: loginAlert","service":"vtunova-api","timestamp":"2026-09-19 22:00:18"}
{"environment":"production","level":"info","message":"Notification formatted for type: loginAlert","service":"vtunova-api","timestamp":"2026-09-19 22:00:18"}
{"environment":"production","level":"info","message":"Notification formatted for type: loginAlert","service":"vtunova-api","timestamp":"2026-09-19 22:00:18"}
{"environment":"production","level":"info","message":"Notification formatted for type: loginAlert","service":"vtunova-api","timestamp":"2026-09-19 22:00:18"}
{"environment":"production","level":"info","message":"Notification formatted for type: transaction","service":"vtunova-api","timestamp":"2026-09-19 22:00:18"}
{"environment":"production","level":"info","message":"Notification formatted for type: airtime","service":"vtunova-api","timestamp":"2026-09-19 22:00:18"}
{"environment":"production","level":"info","message":"Notification formatted for type: loginAlert","service":"vtunova-api","timestamp":"2026-09-19 22:00:18"}
{"environment":"production","level":"info","message":"Notification formatted for type: loginAlert","service":"vtunova-api","timestamp":"2026-09-19 22:00:18"}
{"environment":"production","level":"info","message":"Notification formatted for type: loginAlert","service":"vtunova-api","timestamp":"2026-09-19 22:00:18"}
{"environment":"production","level":"info","message":"Notification formatted for type: system","service":"vtunova-api","timestamp":"2026-09-19 22:00:18"}
{"environment":"production","level":"info","message":"Cache hit for key: user:6a58a50209c6cbe98e9f9e40:notifications","service":"vtunova-api","timestamp":"2026-09-19 22:00:18"}
{"environment":"production","level":"info","message":"Email transport ready via smtp.gmail.com","service":"vtunova-api","timestamp":"2026-09-19 22:04:53"}
{"environment":"production","level":"info","message":"Redis client connected","service":"vtunova-api","timestamp":"2026-09-19 22:04:56"}
{"environment":"production","level":"info","message":"Email transport ready via smtp.gmail.com","service":"vtunova-api","timestamp":"2026-09-19 22:05:05"}
{"environment":"production","level":"info","message":"Redis client connected","service":"vtunova-api","timestamp":"2026-09-19 22:05:07"}
{"environment":"production","level":"info","message":"Email transport ready via smtp.gmail.com","service":"vtunova-api","timestamp":"2026-09-19 22:05:14"}
{"environment":"production","level":"info","message":"Redis client connected","service":"vtunova-api","timestamp":"2026-09-19 22:05:17"}
{"environment":"production","level":"info","message":"SMTP connection veried","service":"vtunova-api","timestamp":"2026-09-19 22:05:19"}
{"environment":"production","level":"info","message":"Email listeners registered for 10 event type(s)","service":"vtunova-api","timestamp":"2026-09-19 22:05:19"}
{"environment":"production","level":"info","message":"Notification listeners registered for 12 event type(s)","service":"vtunova-api","timestamp":"2026-09-19 22:05:19"}
{"environment":"production","level":"info","message":"VtuNova Platform running on port 3000 [production]","service":"vtunova-api","timestamp":"2026-09-19 22:05:19"}
{"environment":"production","level":"info","message":"API Docs: http://localhost:3000/api","service":"vtunova-api","timestamp":"2026-09-19 22:05:19"}
{"environment":"production","level":"info","message":"Email transport ready via smtp.gmail.com","service":"vtunova-api","timestamp":"2026-09-19 22:05:20"}
{"environment":"production","level":"info","message":"Redis client connected","service":"vtunova-api","timestamp":"2026-09-19 22:05:23"}
{"environment":"production","level":"info","message":"Email transport ready via smtp.gmail.com","service":"vtunova-api","timestamp":"2026-09-19 22:05:39"}
{"environment":"production","level":"info","message":"Redis client connected","service":"vtunova-api","timestamp":"2026-09-19 22:05:41"}
{"environment":"production","level":"info","message":"SMTP connection veried","service":"vtunova-api","timestamp":"2026-09-19 22:05:43"}
{"environment":"production","level":"info","message":"Email listeners registered for 10 event type(s)","service":"vtunova-api","timestamp":"2026-09-19 22:05:43"}
{"environment":"production","level":"info","message":"Notification listeners registered for 12 event type(s)","service":"vtunova-api","timestamp":"2026-09-19 22:05:43"}
{"environment":"production","level":"info","message":"VtuNova Platform running on port 3000 [production]","service":"vtunova-api","timestamp":"2026-09-19 22:05:43"}
{"environment":"production","level":"info","message":"API Docs: http://localhost:3000/api","service":"vtunova-api","timestamp":"2026-09-19 22:05:43"}
{"environment":"production","level":"info","message":"Email transport ready via smtp.gmail.com","service":"vtunova-api","timestamp":"2026-09-19 22:05:51"}
{"environment":"production","level":"info","message":"Redis client connected","service":"vtunova-api","timestamp":"2026-09-19 22:05:53"}
{"environment":"production","level":"info","message":"SMTP connection veried","service":"vtunova-api","timestamp":"2026-09-19 22:05:55"}
{"environment":"production","level":"info","message":"Email listeners registered for 10 event type(s)","service":"vtunova-api","timestamp":"2026-09-19 22:05:55"}
{"environment":"production","level":"info","message":"Notification listeners registered for 12 event type(s)","service":"vtunova-api","timestamp":"2026-09-19 22:05:55"}
{"environment":"production","level":"info","message":"VtuNova Platform running on port 3000 [production]","service":"vtunova-api","timestamp":"2026-09-19 22:05:56"}
{"environment":"production","level":"info","message":"API Docs: http://localhost:3000/api","service":"vtunova-api","timestamp":"2026-09-19 22:05:56"}
{"environment":"production","level":"info","message":"Cache hit for key: user:6a58a50209c6cbe98e9f9e40:profile","service":"vtunova-api","timestamp":"2026-09-19 22:06:05"}
{"environment":"production","level":"info","message":"Cache invalidated for key: user:6a58a50209c6cbe98e9f9e40:notifications","service":"vtunova-api","timestamp":"2026-09-19 22:06:06"}
{"environment":"production","level":"info","message":"Cache hit for key: user:6a58a50209c6cbe98e9f9e40:transactions","service":"vtunova-api","timestamp":"2026-09-19 22:06:06"}
{"environment":"production","level":"error","message":"Failed to invalidate cache for key: user:6a58a50209c6cbe98e9f9e40:notifications","service":"vtunova-api","timestamp":"2026-09-19 22:06:06"}
{"environment":"production","level":"info","message":"Notification formatted for type: loginAlert","service":"vtunova-api","timestamp":"2026-09-19 22:06:07"}
{"environment":"production","level":"info","message":"Notification formatted for type: loginAlert","service":"vtunova-api","timestamp":"2026-09-19 22:06:07"}
{"environment":"production","level":"info","message":"Notification formatted for type: loginAlert","service":"vtunova-api","timestamp":"2026-09-19 22:06:07"}
{"environment":"production","level":"info","message":"Notification formatted for type: loginAlert","service":"vtunova-api","timestamp":"2026-09-19 22:06:07"}
{"environment":"production","level":"info","message":"Notification formatted for type: transaction","service":"vtunova-api","timestamp":"2026-09-19 22:06:07"}
{"environment":"production","level":"info","message":"Notification formatted for type: airtime","service":"vtunova-api","timestamp":"2026-09-19 22:06:07"}
{"environment":"production","level":"info","message":"Notification formatted for type: loginAlert","service":"vtunova-api","timestamp":"2026-09-19 22:06:07"}
{"environment":"production","level":"info","message":"Notification formatted for type: loginAlert","service":"vtunova-api","timestamp":"2026-09-19 22:06:07"}
{"environment":"production","level":"info","message":"Notification formatted for type: loginAlert","service":"vtunova-api","timestamp":"2026-09-19 22:06:07"}
{"environment":"production","level":"info","message":"Notification formatted for type: system","service":"vtunova-api","timestamp":"2026-09-19 22:06:07"}
{"environment":"production","level":"info","message":"Cache miss for key: user:6a58a50209c6cbe98e9f9e40:notifications","service":"vtunova-api","timestamp":"2026-09-19 22:06:07"}
{"environment":"production","level":"info","message":"Cache set for key: user:6a58a50209c6cbe98e9f9e40:notifications","service":"vtunova-api","timestamp":"2026-09-19 22:06:07"}
{"environment":"production","level":"info","message":"Cache hit for key: user:6a58a50209c6cbe98e9f9e40:transactions","service":"vtunova-api","timestamp":"2026-09-19 22:06:08"}
{"environment":"production","level":"info","message":"Notification formatted for type: loginAlert","service":"vtunova-api","timestamp":"2026-09-19 22:06:08"}
{"environment":"production","level":"info","message":"Notification formatted for type: loginAlert","service":"vtunova-api","timestamp":"2026-09-19 22:06:08"}
{"environment":"production","level":"info","message":"Notification formatted for type: loginAlert","service":"vtunova-api","timestamp":"2026-09-19 22:06:08"}
{"environment":"production","level":"info","message":"Notification formatted for type: loginAlert","service":"vtunova-api","timestamp":"2026-09-19 22:06:08"}
{"environment":"production","level":"info","message":"Notification formatted for type: transaction","service":"vtunova-api","timestamp":"2026-09-19 22:06:08"}
{"environment":"production","level":"info","message":"Notification formatted for type: airtime","service":"vtunova-api","timestamp":"2026-09-19 22:06:08"}
{"environment":"production","level":"info","message":"Notification formatted for type: loginAlert","service":"vtunova-api","timestamp":"2026-09-19 22:06:08"}
{"environment":"production","level":"info","message":"Notification formatted for type: loginAlert","service":"vtunova-api","timestamp":"2026-09-19 22:06:08"}
{"environment":"production","level":"info","message":"Notification formatted for type: loginAlert","service":"vtunova-api","timestamp":"2026-09-19 22:06:08"}
{"environment":"production","level":"info","message":"Notification formatted for type: system","service":"vtunova-api","timestamp":"2026-09-19 22:06:08"}
{"environment":"production","level":"info","message":"Cache hit for key: user:6a58a50209c6cbe98e9f9e40:notifications","service":"vtunova-api","timestamp":"2026-09-19 22:06:09"}
{"environment":"production","level":"info","message":"Email transport ready via smtp.gmail.com","service":"vtunova-api","timestamp":"2026-09-19 22:10:56"}
{"environment":"production","level":"info","message":"Redis client connected","service":"vtunova-api","timestamp":"2026-09-19 22:11:00"}
{"environment":"production","level":"info","message":"Email transport ready via smtp.gmail.com","service":"vtunova-api","timestamp":"2026-09-19 22:11:35"}
{"environment":"production","level":"info","message":"Redis client connected","service":"vtunova-api","timestamp":"2026-09-19 22:11:37"}
{"environment":"production","level":"info","message":"SMTP connection veried","service":"vtunova-api","timestamp":"2026-09-19 22:11:46"}
{"environment":"production","level":"info","message":"Email listeners registered for 10 event type(s)","service":"vtunova-api","timestamp":"2026-09-19 22:11:46"}
{"environment":"production","level":"info","message":"Notification listeners registered for 12 event type(s)","service":"vtunova-api","timestamp":"2026-09-19 22:11:46"}
{"environment":"production","level":"info","message":"VtuNova Platform running on port 3000 [production]","service":"vtunova-api","timestamp":"2026-09-19 22:11:46"}
{"environment":"production","level":"info","message":"API Docs: http://localhost:3000/api","service":"vtunova-api","timestamp":"2026-09-19 22:11:46"}
{"environment":"production","level":"info","message":"Email transport ready via smtp.gmail.com","service":"vtunova-api","timestamp":"2026-09-19 22:15:40"}
{"environment":"production","level":"info","message":"Email transport ready via smtp.gmail.com","service":"vtunova-api","timestamp":"2026-09-19 22:15:44"}
{"environment":"production","level":"info","message":"Redis client connected","service":"vtunova-api","timestamp":"2026-09-19 22:15:47"}
{"environment":"production","level":"info","message":"SMTP connection veried","service":"vtunova-api","timestamp":"2026-09-19 22:15:52"}
{"environment":"production","level":"info","message":"Email listeners registered for 10 event type(s)","service":"vtunova-api","timestamp":"2026-09-19 22:15:52"}
{"environment":"production","level":"info","message":"Notification listeners registered for 12 event type(s)","service":"vtunova-api","timestamp":"2026-09-19 22:15:52"}
{"environment":"production","level":"info","message":"VtuNova Platform running on port 3000 [production]","service":"vtunova-api","timestamp":"2026-09-19 22:15:52"}
{"environment":"production","level":"info","message":"API Docs: http://localhost:3000/api","service":"vtunova-api","timestamp":"2026-09-19 22:15:52"}
{"environment":"production","level":"info","message":"Email transport ready via smtp.gmail.com","service":"vtunova-api","timestamp":"2026-09-19 22:19:39"}
{"environment":"production","level":"info","message":"Redis client connected","service":"vtunova-api","timestamp":"2026-09-19 22:19:42"}
{"environment":"production","level":"info","message":"Email transport ready via smtp.gmail.com","service":"vtunova-api","timestamp":"2026-09-19 22:19:46"}
{"environment":"production","level":"info","message":"Redis client connected","service":"vtunova-api","timestamp":"2026-09-19 22:19:49"}
{"environment":"production","level":"info","message":"Email transport ready via smtp.gmail.com","service":"vtunova-api","timestamp":"2026-09-19 22:19:50"}
{"environment":"production","level":"info","message":"Redis client connected","service":"vtunova-api","timestamp":"2026-09-19 22:19:54"}
{"environment":"production","level":"info","message":"SMTP connection veried","service":"vtunova-api","timestamp":"2026-09-19 22:20:01"}
{"environment":"production","level":"info","message":"Email listeners registered for 10 event type(s)","service":"vtunova-api","timestamp":"2026-09-19 22:20:01"}
{"environment":"production","level":"info","message":"Notification listeners registered for 12 event type(s)","service":"vtunova-api","timestamp":"2026-09-19 22:20:01"}
{"environment":"production","level":"info","message":"VtuNova Platform running on port 3000 [production]","service":"vtunova-api","timestamp":"2026-09-19 22:20:01"}
{"environment":"production","level":"info","message":"API Docs: http://localhost:3000/api","service":"vtunova-api","timestamp":"2026-09-19 22:20:01"}
{"environment":"production","level":"info","message":"Email transport ready via smtp.gmail.com","service":"vtunova-api","timestamp":"2026-09-19 22:20:08"}
{"environment":"production","level":"info","message":"Redis client connected","service":"vtunova-api","timestamp":"2026-09-19 22:20:11"}
{"environment":"production","level":"info","message":"SMTP connection veried","service":"vtunova-api","timestamp":"2026-09-19 22:20:13"}
{"environment":"production","level":"info","message":"Email listeners registered for 10 event type(s)","service":"vtunova-api","timestamp":"2026-09-19 22:20:13"}
{"environment":"production","level":"info","message":"Notification listeners registered for 12 event type(s)","service":"vtunova-api","timestamp":"2026-09-19 22:20:13"}
{"environment":"production","level":"info","message":"VtuNova Platform running on port 3000 [production]","service":"vtunova-api","timestamp":"2026-09-19 22:20:13"}
{"environment":"production","level":"info","message":"API Docs: http://localhost:3000/api","service":"vtunova-api","timestamp":"2026-09-19 22:20:13"}
{"environment":"production","level":"info","message":"Cache invalidated for key: user:6a58a50209c6cbe98e9f9e40:transactions","service":"vtunova-api","timestamp":"2026-09-19 22:27:33"}
{"environment":"production","level":"info","message":"Cache invalidated for user 6a58a50209c6cbe98e9f9e40","service":"vtunova-api","timestamp":"2026-09-19 22:27:33"}
{"environment":"production","level":"info","message":"Transaction saved to DB","service":"vtunova-api","timestamp":"2026-09-19 22:27:33"}
{"environment":"production","level":"info","message":"Airtime purchase notification queued successfully","service":"vtunova-api","timestamp":"2026-09-19 22:27:33"}
{"environment":"production","level":"info","message":"[notif-worker] Processing job: airtimePurchase (id=223)","service":"vtunova-api","timestamp":"2026-09-19 22:27:34"}
{"environment":"production","level":"info","message":"[notif-worker] Job data: {\"transactionId\":\"6aaefe44f19e568c4efd429d\",\"userId\":\"6a58a50209c6cbe98e9f9e40\",\"type\":\"transaction\",\"category\":\"airtime\",\"product_name\":\"Airtime\",\"amount\":500}","service":"vtunova-api","timestamp":"2026-09-19 22:27:34"}
{"environment":"production","level":"info","message":"job proccessing for user 6a58a50209c6cbe98e9f9e40","service":"vtunova-api","timestamp":"2026-09-19 22:27:34"}
{"environment":"production","level":"info","message":"Notification created:","service":"vtunova-api","timestamp":"2026-09-19 22:27:34"}
{"environment":"production","level":"info","message":"Cache invalidated for key: user:6a58a50209c6cbe98e9f9e40:notifications","service":"vtunova-api","timestamp":"2026-09-19 22:27:34"}
{"environment":"production","level":"info","message":"[notif-worker] Job 223 completed successfully","service":"vtunova-api","timestamp":"2026-09-19 22:27:35"}
{"environment":"production","level":"info","message":"Cache hit for key: user:6a58a50209c6cbe98e9f9e40:profile","service":"vtunova-api","timestamp":"2026-09-19 22:27:43"}
{"environment":"production","level":"info","message":"Cache miss for key: user:6a58a50209c6cbe98e9f9e40:transactions","service":"vtunova-api","timestamp":"2026-09-19 22:27:45"}
{"environment":"production","level":"info","message":"Cache set for key: user:6a58a50209c6cbe98e9f9e40:transactions","service":"vtunova-api","timestamp":"2026-09-19 22:27:45"}
{"environment":"production","level":"info","message":"Cache set for user 6a58a50209c6cbe98e9f9e40","service":"vtunova-api","timestamp":"2026-09-19 22:27:45"}
{"environment":"production","level":"info","message":"Notification formatted for type: transaction","service":"vtunova-api","timestamp":"2026-09-19 22:27:45"}
{"environment":"production","level":"info","message":"Notification formatted for type: loginAlert","service":"vtunova-api","timestamp":"2026-09-19 22:27:45"}
{"environment":"production","level":"info","message":"Notification formatted for type: loginAlert","service":"vtunova-api","timestamp":"2026-09-19 22:27:45"}
{"environment":"production","level":"info","message":"Notification formatted for type: loginAlert","service":"vtunova-api","timestamp":"2026-09-19 22:27:45"}
{"environment":"production","level":"info","message":"Notification formatted for type: loginAlert","service":"vtunova-api","timestamp":"2026-09-19 22:27:45"}
{"environment":"production","level":"info","message":"Notification formatted for type: transaction","service":"vtunova-api","timestamp":"2026-09-19 22:27:45"}
{"environment":"production","level":"info","message":"Notification formatted for type: airtime","service":"vtunova-api","timestamp":"2026-09-19 22:27:45"}
{"environment":"production","level":"info","message":"Notification formatted for type: loginAlert","service":"vtunova-api","timestamp":"2026-09-19 22:27:45"}
{"environment":"production","level":"info","message":"Notification formatted for type: loginAlert","service":"vtunova-api","timestamp":"2026-09-19 22:27:45"}
{"environment":"production","level":"info","message":"Notification formatted for type: loginAlert","service":"vtunova-api","timestamp":"2026-09-19 22:27:45"}
{"environment":"production","level":"info","message":"Notification formatted for type: system","service":"vtunova-api","timestamp":"2026-09-19 22:27:45"}
{"environment":"production","level":"info","message":"Cache miss for key: user:6a58a50209c6cbe98e9f9e40:notifications","service":"vtunova-api","timestamp":"2026-09-19 22:27:46"}
{"environment":"production","level":"info","message":"Cache set for key: user:6a58a50209c6cbe98e9f9e40:notifications","service":"vtunova-api","timestamp":"2026-09-19 22:27:46"}
{"environment":"production","level":"info","message":"Cache hit for key: user:6a58a50209c6cbe98e9f9e40:transactions","service":"vtunova-api","timestamp":"2026-09-19 22:27:46"}
{"environment":"production","level":"info","message":"Notification formatted for type: transaction","service":"vtunova-api","timestamp":"2026-09-19 22:27:47"}
{"environment":"production","level":"info","message":"Notification formatted for type: loginAlert","service":"vtunova-api","timestamp":"2026-09-19 22:27:47"}
{"environment":"production","level":"info","message":"Notification formatted for type: loginAlert","service":"vtunova-api","timestamp":"2026-09-19 22:27:47"}
{"environment":"production","level":"info","message":"Notification formatted for type: loginAlert","service":"vtunova-api","timestamp":"2026-09-19 22:27:47"}
{"environment":"production","level":"info","message":"Notification formatted for type: loginAlert","service":"vtunova-api","timestamp":"2026-09-19 22:27:47"}
{"environment":"production","level":"info","message":"Notification formatted for type: transaction","service":"vtunova-api","timestamp":"2026-09-19 22:27:47"}
{"environment":"production","level":"info","message":"Notification formatted for type: airtime","service":"vtunova-api","timestamp":"2026-09-19 22:27:47"}
{"environment":"production","level":"info","message":"Notification formatted for type: loginAlert","service":"vtunova-api","timestamp":"2026-09-19 22:27:47"}
{"environment":"production","level":"info","message":"Notification formatted for type: loginAlert","service":"vtunova-api","timestamp":"2026-09-19 22:27:47"}
{"environment":"production","level":"info","message":"Notification formatted for type: loginAlert","service":"vtunova-api","timestamp":"2026-09-19 22:27:47"}
{"environment":"production","level":"info","message":"Notification formatted for type: system","service":"vtunova-api","timestamp":"2026-09-19 22:27:47"}
{"environment":"production","level":"info","message":"Cache hit for key: user:6a58a50209c6cbe98e9f9e40:notifications","service":"vtunova-api","timestamp":"2026-09-19 22:27:47"}
{"environment":"production","level":"info","message":"Cache invalidated for key: user:6a58a50209c6cbe98e9f9e40:notifications","service":"vtunova-api","timestamp":"2026-09-19 22:27:49"}
{"environment":"production","level":"error","message":"Failed to invalidate cache for key: user:6a58a50209c6cbe98e9f9e40:notifications","service":"vtunova-api","timestamp":"2026-09-19 22:27:49"}
{"environment":"production","level":"info","message":"Email transport ready via smtp.gmail.com","service":"vtunova-api","timestamp":"2026-09-19 22:32:43"}
{"environment":"production","level":"info","message":"Redis client connected","service":"vtunova-api","timestamp":"2026-09-19 22:32:49"}
{"environment":"production","level":"info","message":"SMTP connection veried","service":"vtunova-api","timestamp":"2026-09-19 22:33:00"}
{"environment":"production","level":"info","message":"Email listeners registered for 10 event type(s)","service":"vtunova-api","timestamp":"2026-09-19 22:33:00"}
{"environment":"production","level":"info","message":"Notification listeners registered for 12 event type(s)","service":"vtunova-api","timestamp":"2026-09-19 22:33:00"}
{"environment":"production","level":"info","message":"VtuNova Platform running on port 3000 [production]","service":"vtunova-api","timestamp":"2026-09-19 22:33:00"}
{"environment":"production","level":"info","message":"API Docs: http://localhost:3000/api","service":"vtunova-api","timestamp":"2026-09-19 22:33:00"}
{"environment":"production","level":"info","message":"Email transport ready via smtp.gmail.com","service":"vtunova-api","timestamp":"2026-09-19 22:33:13"}
{"environment":"production","level":"info","message":"Redis client connected","service":"vtunova-api","timestamp":"2026-09-19 22:33:18"}
{"environment":"production","level":"info","message":"SMTP connection veried","service":"vtunova-api","timestamp":"2026-09-19 22:33:20"}
{"environment":"production","level":"info","message":"Email listeners registered for 10 event type(s)","service":"vtunova-api","timestamp":"2026-09-19 22:33:20"}
{"environment":"production","level":"info","message":"Notification listeners registered for 12 event type(s)","service":"vtunova-api","timestamp":"2026-09-19 22:33:20"}
{"environment":"production","level":"info","message":"VtuNova Platform running on port 3000 [production]","service":"vtunova-api","timestamp":"2026-09-19 22:33:20"}
{"environment":"production","level":"info","message":"API Docs: http://localhost:3000/api","service":"vtunova-api","timestamp":"2026-09-19 22:33:20"}
{"environment":"production","level":"info","message":"Email transport ready via smtp.gmail.com","service":"vtunova-api","timestamp":"2026-09-19 22:33:54"}
{"environment":"production","level":"info","message":"Redis client connected","service":"vtunova-api","timestamp":"2026-09-19 22:33:57"}
{"environment":"production","level":"info","message":"SMTP connection veried","service":"vtunova-api","timestamp":"2026-09-19 22:34:02"}
{"environment":"production","level":"info","message":"Email listeners registered for 10 event type(s)","service":"vtunova-api","timestamp":"2026-09-19 22:34:02"}
{"environment":"production","level":"info","message":"Notification listeners registered for 12 event type(s)","service":"vtunova-api","timestamp":"2026-09-19 22:34:02"}
{"environment":"production","level":"info","message":"VtuNova Platform running on port 3000 [production]","service":"vtunova-api","timestamp":"2026-09-19 22:34:02"}
{"environment":"production","level":"info","message":"API Docs: http://localhost:3000/api","service":"vtunova-api","timestamp":"2026-09-19 22:34:03"}
{"environment":"production","level":"info","message":"Email transport ready via smtp.gmail.com","service":"vtunova-api","timestamp":"2026-09-19 22:34:27"}
{"environment":"production","level":"info","message":"Redis client connected","service":"vtunova-api","timestamp":"2026-09-19 22:34:31"}
{"environment":"production","level":"info","message":"SMTP connection veried","service":"vtunova-api","timestamp":"2026-09-19 22:34:33"}
{"environment":"production","level":"info","message":"Email listeners registered for 10 event type(s)","service":"vtunova-api","timestamp":"2026-09-19 22:34:33"}
{"environment":"production","level":"info","message":"Notification listeners registered for 12 event type(s)","service":"vtunova-api","timestamp":"2026-09-19 22:34:33"}
{"environment":"production","level":"info","message":"VtuNova Platform running on port 3000 [production]","service":"vtunova-api","timestamp":"2026-09-19 22:34:33"}
{"environment":"production","level":"info","message":"API Docs: http://localhost:3000/api","service":"vtunova-api","timestamp":"2026-09-19 22:34:33"}
{"environment":"production","level":"info","message":"Email transport ready via smtp.gmail.com","service":"vtunova-api","timestamp":"2026-09-19 22:35:07"}
{"environment":"production","level":"info","message":"Redis client connected","service":"vtunova-api","timestamp":"2026-09-19 22:35:12"}
{"environment":"production","level":"info","message":"SMTP connection veried","service":"vtunova-api","timestamp":"2026-09-19 22:35:16"}
{"environment":"production","level":"info","message":"Email listeners registered for 10 event type(s)","service":"vtunova-api","timestamp":"2026-09-19 22:35:16"}
{"environment":"production","level":"info","message":"Notification listeners registered for 12 event type(s)","service":"vtunova-api","timestamp":"2026-09-19 22:35:16"}
{"environment":"production","level":"info","message":"VtuNova Platform running on port 3000 [production]","service":"vtunova-api","timestamp":"2026-09-19 22:35:16"}
{"environment":"production","level":"info","message":"API Docs: http://localhost:3000/api","service":"vtunova-api","timestamp":"2026-09-19 22:35:16"}
{"environment":"production","level":"info","message":"Email transport ready via smtp.gmail.com","service":"vtunova-api","timestamp":"2026-09-19 22:35:46"}
{"environment":"production","level":"info","message":"Email transport ready via smtp.gmail.com","service":"vtunova-api","timestamp":"2026-09-19 22:35:52"}
{"environment":"production","level":"info","message":"Email transport ready via smtp.gmail.com","service":"vtunova-api","timestamp":"2026-09-19 22:37:25"}
{"environment":"production","level":"info","message":"Redis client connected","service":"vtunova-api","timestamp":"2026-09-19 22:37:28"}
{"environment":"production","level":"info","message":"SMTP connection veried","service":"vtunova-api","timestamp":"2026-09-19 22:37:33"}
{"environment":"production","level":"info","message":"Email listeners registered for 10 event type(s)","service":"vtunova-api","timestamp":"2026-09-19 22:37:33"}
{"environment":"production","level":"info","message":"Notification listeners registered for 12 event type(s)","service":"vtunova-api","timestamp":"2026-09-19 22:37:33"}
{"environment":"production","level":"info","message":"VtuNova Platform running on port 3000 [production]","service":"vtunova-api","timestamp":"2026-09-19 22:37:33"}
{"environment":"production","level":"info","message":"API Docs: http://localhost:3000/api","service":"vtunova-api","timestamp":"2026-09-19 22:37:33"}
{"environment":"production","level":"info","message":"Email transport ready via smtp.gmail.com","service":"vtunova-api","timestamp":"2026-09-19 22:38:23"}
{"environment":"production","level":"info","message":"Redis client connected","service":"vtunova-api","timestamp":"2026-09-19 22:38:26"}
{"environment":"production","level":"info","message":"Email transport ready via smtp.gmail.com","service":"vtunova-api","timestamp":"2026-09-19 22:38:29"}
{"environment":"production","level":"info","message":"Redis client connected","service":"vtunova-api","timestamp":"2026-09-19 22:38:32"}
{"environment":"production","level":"info","message":"SMTP connection veried","service":"vtunova-api","timestamp":"2026-09-19 22:38:37"}
{"environment":"production","level":"info","message":"Email listeners registered for 10 event type(s)","service":"vtunova-api","timestamp":"2026-09-19 22:38:37"}
{"environment":"production","level":"info","message":"Notification listeners registered for 12 event type(s)","service":"vtunova-api","timestamp":"2026-09-19 22:38:37"}
{"environment":"production","level":"info","message":"VtuNova Platform running on port 3000 [production]","service":"vtunova-api","timestamp":"2026-09-19 22:38:37"}
{"environment":"production","level":"info","message":"API Docs: http://localhost:3000/api","service":"vtunova-api","timestamp":"2026-09-19 22:38:37"}
{"environment":"production","level":"info","message":"Email transport ready via smtp.gmail.com","service":"vtunova-api","timestamp":"2026-09-19 22:38:43"}
{"environment":"production","level":"info","message":"Redis client connected","service":"vtunova-api","timestamp":"2026-09-19 22:38:47"}
{"environment":"production","level":"info","message":"SMTP connection veried","service":"vtunova-api","timestamp":"2026-09-19 22:38:49"}
{"environment":"production","level":"info","message":"Email listeners registered for 10 event type(s)","service":"vtunova-api","timestamp":"2026-09-19 22:38:49"}
{"environment":"production","level":"info","message":"Notification listeners registered for 12 event type(s)","service":"vtunova-api","timestamp":"2026-09-19 22:38:49"}
{"environment":"production","level":"info","message":"VtuNova Platform running on port 3000 [production]","service":"vtunova-api","timestamp":"2026-09-19 22:38:49"}
{"environment":"production","level":"info","message":"API Docs: http://localhost:3000/api","service":"vtunova-api","timestamp":"2026-09-19 22:38:49"}
{"environment":"production","level":"info","message":"Email transport ready via smtp.gmail.com","service":"vtunova-api","timestamp":"2026-09-19 22:39:11"}
{"environment":"production","level":"info","message":"Email transport ready via smtp.gmail.com","service":"vtunova-api","timestamp":"2026-09-19 22:39:20"}
{"environment":"production","level":"info","message":"Email transport ready via smtp.gmail.com","service":"vtunova-api","timestamp":"2026-09-19 22:39:46"}
{"environment":"production","level":"info","message":"Email transport ready via smtp.gmail.com","service":"vtunova-api","timestamp":"2026-09-19 22:40:35"}
{"environment":"production","level":"info","message":"Email transport ready via smtp.gmail.com","service":"vtunova-api","timestamp":"2026-09-19 22:41:06"}
{"environment":"production","level":"info","message":"Email transport ready via smtp.gmail.com","service":"vtunova-api","timestamp":"2026-09-19 22:44:14"}
{"environment":"production","level":"info","message":"Email transport ready via smtp.gmail.com","service":"vtunova-api","timestamp":"2026-09-19 22:44:32"}
{"environment":"production","level":"info","message":"Email transport ready via smtp.gmail.com","service":"vtunova-api","timestamp":"2026-09-19 22:44:50"}
{"environment":"production","level":"info","message":"Email transport ready via smtp.gmail.com","service":"vtunova-api","timestamp":"2026-09-19 22:45:03"}
{"environment":"production","level":"info","message":"Email transport ready via smtp.gmail.com","service":"vtunova-api","timestamp":"2026-09-19 22:45:07"}
{"environment":"production","level":"info","message":"Email transport ready via smtp.gmail.com","service":"vtunova-api","timestamp":"2026-09-19 22:45:13"}
{"environment":"production","level":"info","message":"Email transport ready via smtp.gmail.com","service":"vtunova-api","timestamp":"2026-09-19 22:45:24"}
{"environment":"production","level":"info","message":"Email transport ready via smtp.gmail.com","service":"vtunova-api","timestamp":"2026-09-19 22:45:35"}
{"environment":"production","level":"info","message":"Email transport ready via smtp.gmail.com","service":"vtunova-api","timestamp":"2026-09-19 22:45:51"}
{"environment":"production","level":"info","message":"Email transport ready via smtp.gmail.com","service":"vtunova-api","timestamp":"2026-09-19 22:46:01"}
{"environment":"production","level":"info","message":"Email transport ready via smtp.gmail.com","service":"vtunova-api","timestamp":"2026-09-19 22:46:05"}
{"environment":"production","level":"info","message":"Email transport ready via smtp.gmail.com","service":"vtunova-api","timestamp":"2026-09-19 22:47:16"}
{"environment":"production","level":"info","message":"Email transport ready via smtp.gmail.com","service":"vtunova-api","timestamp":"2026-09-19 22:47:41"}
{"environment":"production","level":"info","message":"Email transport ready via smtp.gmail.com","service":"vtunova-api","timestamp":"2026-09-19 22:47:50"}
{"environment":"production","level":"info","message":"Email transport ready via smtp.gmail.com","service":"vtunova-api","timestamp":"2026-09-19 22:48:10"}
{"environment":"production","level":"info","message":"Email transport ready via smtp.gmail.com","service":"vtunova-api","timestamp":"2026-09-19 22:48:43"}
{"environment":"production","level":"info","message":"Email transport ready via smtp.gmail.com","service":"vtunova-api","timestamp":"2026-09-19 22:48:48"}
{"environment":"production","level":"info","message":"Email transport ready via smtp.gmail.com","service":"vtunova-api","timestamp":"2026-09-19 22:49:07"}
{"environment":"production","level":"info","message":"Email transport ready via smtp.gmail.com","service":"vtunova-api","timestamp":"2026-09-19 22:49:15"}
{"environment":"production","level":"info","message":"Email transport ready via smtp.gmail.com","service":"vtunova-api","timestamp":"2026-09-19 22:49:21"}
{"environment":"production","level":"info","message":"Email transport ready via smtp.gmail.com","service":"vtunova-api","timestamp":"2026-09-19 22:49:36"}
{"environment":"production","level":"info","message":"Email transport ready via smtp.gmail.com","service":"vtunova-api","timestamp":"2026-09-19 22:49:52"}
{"environment":"production","level":"info","message":"Email transport ready via smtp.gmail.com","service":"vtunova-api","timestamp":"2026-09-19 22:50:45"}
{"environment":"production","level":"info","message":"Email transport ready via smtp.gmail.com","service":"vtunova-api","timestamp":"2026-09-19 22:51:44"}
{"environment":"production","level":"info","message":"Email transport ready via smtp.gmail.com","service":"vtunova-api","timestamp":"2026-09-19 22:51:49"}
{"environment":"production","level":"info","message":"Email transport ready via smtp.gmail.com","service":"vtunova-api","timestamp":"2026-09-19 22:51:53"}
{"environment":"production","level":"info","message":"Email transport ready via smtp.gmail.com","service":"vtunova-api","timestamp":"2026-09-19 22:52:11"}
{"environment":"production","level":"info","message":"Email transport ready via smtp.gmail.com","service":"vtunova-api","timestamp":"2026-09-19 22:55:41"}
{"environment":"production","level":"info","message":"Email transport ready via smtp.gmail.com","service":"vtunova-api","timestamp":"2026-09-19 22:56:23"}
{"environment":"production","level":"info","message":"Redis client connected","service":"vtunova-api","timestamp":"2026-09-19 22:56:34"}
{"environment":"production","level":"info","message":"SMTP connection veried","service":"vtunova-api","timestamp":"2026-09-19 22:56:44"}
{"environment":"production","level":"info","message":"Email listeners registered for 10 event type(s)","service":"vtunova-api","timestamp":"2026-09-19 22:56:44"}
{"environment":"production","level":"info","message":"Notification listeners registered for 12 event type(s)","service":"vtunova-api","timestamp":"2026-09-19 22:56:44"}
{"environment":"production","level":"info","message":"VtuNova Platform running on port 3000 [production]","service":"vtunova-api","timestamp":"2026-09-19 22:56:44"}
{"environment":"production","level":"info","message":"API Docs: http://localhost:3000/api","service":"vtunova-api","timestamp":"2026-09-19 22:56:44"}
{"environment":"production","level":"info","message":"Email transport ready via smtp.gmail.com","service":"vtunova-api","timestamp":"2026-09-19 22:58:58"}
{"environment":"production","level":"info","message":"Redis client connected","service":"vtunova-api","timestamp":"2026-09-19 22:59:02"}
{"environment":"production","level":"info","message":"SMTP connection veried","service":"vtunova-api","timestamp":"2026-09-19 22:59:12"}
{"environment":"production","level":"info","message":"Email listeners registered for 10 event type(s)","service":"vtunova-api","timestamp":"2026-09-19 22:59:12"}
{"environment":"production","level":"info","message":"Notification listeners registered for 12 event type(s)","service":"vtunova-api","timestamp":"2026-09-19 22:59:12"}
{"environment":"production","level":"info","message":"VtuNova Platform running on port 3000 [production]","service":"vtunova-api","timestamp":"2026-09-19 22:59:12"}
{"environment":"production","level":"info","message":"API Docs: http://localhost:3000/api","service":"vtunova-api","timestamp":"2026-09-19 22:59:12"}
{"environment":"production","level":"info","message":"Email transport ready via smtp.gmail.com","service":"vtunova-api","timestamp":"2026-09-19 22:59:38"}
{"environment":"production","level":"info","message":"Redis client connected","service":"vtunova-api","timestamp":"2026-09-19 22:59:43"}
{"environment":"production","level":"info","message":"SMTP connection veried","service":"vtunova-api","timestamp":"2026-09-19 22:59:45"}
{"environment":"production","level":"info","message":"Email listeners registered for 10 event type(s)","service":"vtunova-api","timestamp":"2026-09-19 22:59:45"}
{"environment":"production","level":"info","message":"Notification listeners registered for 12 event type(s)","service":"vtunova-api","timestamp":"2026-09-19 22:59:45"}
{"environment":"production","level":"info","message":"VtuNova Platform running on port 3000 [production]","service":"vtunova-api","timestamp":"2026-09-19 22:59:45"}
{"environment":"production","level":"info","message":"API Docs: http://localhost:3000/api","service":"vtunova-api","timestamp":"2026-09-19 22:59:45"}
{"environment":"production","level":"info","message":"Email transport ready via smtp.gmail.com","service":"vtunova-api","timestamp":"2026-09-19 23:00:01"}
{"environment":"production","level":"info","message":"Redis client connected","service":"vtunova-api","timestamp":"2026-09-19 23:00:05"}
{"environment":"production","level":"info","message":"SMTP connection veried","service":"vtunova-api","timestamp":"2026-09-19 23:00:09"}
{"environment":"production","level":"info","message":"Email listeners registered for 10 event type(s)","service":"vtunova-api","timestamp":"2026-09-19 23:00:09"}
{"environment":"production","level":"info","message":"Notification listeners registered for 12 event type(s)","service":"vtunova-api","timestamp":"2026-09-19 23:00:09"}
{"environment":"production","level":"info","message":"VtuNova Platform running on port 3000 [production]","service":"vtunova-api","timestamp":"2026-09-19 23:00:09"}
{"environment":"production","level":"info","message":"API Docs: http://localhost:3000/api","service":"vtunova-api","timestamp":"2026-09-19 23:00:09"}
{"environment":"production","level":"info","message":"Cache miss for key: pending-registration:s5pvqerk","service":"vtunova-api","timestamp":"2026-09-19 23:06:35"}
{"environment":"production","level":"info","message":"Cache set for key: otp:email_verification:user5@gmail.com","service":"vtunova-api","timestamp":"2026-09-19 23:06:36"}
{"environment":"production","level":"info","message":"Cache set for key: pending-registration:s5pvqerk","service":"vtunova-api","timestamp":"2026-09-19 23:06:36"}
{"environment":"production","level":"info","message":"SIGINT received. Shutting down gracefully...","service":"vtunova-api","timestamp":"2026-09-19 23:08:53"}
{"environment":"production","level":"info","message":"Email transport ready via smtp.gmail.com","service":"vtunova-api","timestamp":"2026-09-19 23:09:00"}
{"environment":"production","level":"info","message":"Redis client connected","service":"vtunova-api","timestamp":"2026-09-19 23:09:03"}
{"environment":"production","level":"info","message":"SMTP connection veried","service":"vtunova-api","timestamp":"2026-09-19 23:09:13"}
{"environment":"production","level":"info","message":"Email listeners registered for 10 event type(s)","service":"vtunova-api","timestamp":"2026-09-19 23:09:13"}
{"environment":"production","level":"info","message":"Notification listeners registered for 12 event type(s)","service":"vtunova-api","timestamp":"2026-09-19 23:09:13"}
{"environment":"production","level":"info","message":"VtuNova Platform running on port 3000 [production]","service":"vtunova-api","timestamp":"2026-09-19 23:09:13"}
{"environment":"production","level":"info","message":"API Docs: http://localhost:3000/api","service":"vtunova-api","timestamp":"2026-09-19 23:09:13"}
{"environment":"production","level":"info","message":"Cache miss for key: pending-registration:kr3txny4","service":"vtunova-api","timestamp":"2026-09-19 23:13:53"}
{"environment":"production","level":"info","message":"Cache set for key: otp:email_verification:user5@gmail.com","service":"vtunova-api","timestamp":"2026-09-19 23:13:53"}
{"environment":"production","level":"info","message":"Cache set for key: pending-registration:kr3txny4","service":"vtunova-api","timestamp":"2026-09-19 23:13:53"}
{"environment":"production","level":"info","message":"Email transport ready via smtp.gmail.com","service":"vtunova-api","timestamp":"2026-09-19 23:14:42"}
{"environment":"production","level":"info","message":"Redis client connected","service":"vtunova-api","timestamp":"2026-09-19 23:14:45"}
{"environment":"production","level":"info","message":"Email transport ready via smtp.gmail.com","service":"vtunova-api","timestamp":"2026-09-19 23:14:51"}
{"environment":"production","level":"info","message":"Redis client connected","service":"vtunova-api","timestamp":"2026-09-19 23:14:54"}
{"environment":"production","level":"info","message":"SMTP connection veried","service":"vtunova-api","timestamp":"2026-09-19 23:14:57"}
{"environment":"production","level":"info","message":"Email listeners registered for 10 event type(s)","service":"vtunova-api","timestamp":"2026-09-19 23:14:57"}
{"environment":"production","level":"info","message":"Notification listeners registered for 12 event type(s)","service":"vtunova-api","timestamp":"2026-09-19 23:14:57"}
{"environment":"production","level":"info","message":"VtuNova Platform running on port 3000 [production]","service":"vtunova-api","timestamp":"2026-09-19 23:14:57"}
{"environment":"production","level":"info","message":"API Docs: http://localhost:3000/api","service":"vtunova-api","timestamp":"2026-09-19 23:14:57"}
{"environment":"production","level":"info","message":"Email transport ready via smtp.gmail.com","service":"vtunova-api","timestamp":"2026-09-19 23:18:29"}
{"environment":"production","level":"info","message":"Redis client connected","service":"vtunova-api","timestamp":"2026-09-19 23:18:33"}
{"environment":"production","level":"info","message":"SMTP connection veried","service":"vtunova-api","timestamp":"2026-09-19 23:18:38"}
{"environment":"production","level":"info","message":"Email listeners registered for 10 event type(s)","service":"vtunova-api","timestamp":"2026-09-19 23:18:38"}
{"environment":"production","level":"info","message":"Notification listeners registered for 12 event type(s)","service":"vtunova-api","timestamp":"2026-09-19 23:18:38"}
{"environment":"production","level":"info","message":"VtuNova Platform running on port 3000 [production]","service":"vtunova-api","timestamp":"2026-09-19 23:18:38"}
{"environment":"production","level":"info","message":"API Docs: http://localhost:3000/api","service":"vtunova-api","timestamp":"2026-09-19 23:18:38"}
{"environment":"production","level":"info","message":"Cache miss for key: pending-registration:7m625o1l","service":"vtunova-api","timestamp":"2026-09-19 23:18:47"}
{"environment":"production","level":"info","message":"Cache set for key: otp:email_verification:user5@gmail.com","service":"vtunova-api","timestamp":"2026-09-19 23:18:47"}
{"environment":"production","level":"info","message":"Cache set for key: pending-registration:7m625o1l","service":"vtunova-api","timestamp":"2026-09-19 23:18:47"}
{"environment":"production","level":"info","message":"Cache hit for key: pending-registration:7m625o1l","service":"vtunova-api","timestamp":"2026-09-19 23:19:44"}
{"environment":"production","level":"info","message":"Cache hit for key: otp:email_verification:user5@gmail.com","service":"vtunova-api","timestamp":"2026-09-19 23:19:45"}
{"environment":"production","level":"info","message":"Cache invalidated for key: pending-registration:7m625o1l","service":"vtunova-api","timestamp":"2026-09-19 23:19:46"}
{"environment":"production","level":"error","message":"Failed to invalidate cache for key: user:6aaf0a81cff5fc79f95008d6:profile","service":"vtunova-api","timestamp":"2026-09-19 23:19:46"}
{"environment":"production","level":"info","message":"User registered: user5@gmail.com","service":"vtunova-api","timestamp":"2026-09-19 23:19:46"}
{"environment":"production","level":"info","message":"Clearing cache for user 6a58a50209c6cbe98e9f9e40: deleted 2 key(s)","service":"vtunova-api","timestamp":"2026-09-19 23:19:58"}
{"environment":"production","level":"info","message":"Cache cleared for user 6a58a50209c6cbe98e9f9e40","service":"vtunova-api","timestamp":"2026-09-19 23:19:58"}
{"environment":"production","level":"info","message":"User login notification queued successfully","service":"vtunova-api","timestamp":"2026-09-19 23:20:04"}
{"environment":"production","level":"info","message":"[email-worker] Processing job: loginAlert (id=215)","service":"vtunova-api","timestamp":"2026-09-19 23:20:04"}
{"environment":"production","level":"info","message":"[notif-worker] Processing job: loginAlert (id=224)","service":"vtunova-api","timestamp":"2026-09-19 23:20:04"}
{"environment":"production","level":"info","message":"[notif-worker] Job data: {\"userId\":\"6aaf0a81cff5fc79f95008d6\",\"type\":\"security\",\"ip\":\"::1\",\"device\":\"Mozilla/5.0 (Windows NT 10.0; Win64; x64) AppleWebKit/537.36 (KHTML, like Gecko) Chrome/153.0.0.0 Safari/537.36\",\"category\":\"loginAlert\"}","service":"vtunova-api","timestamp":"2026-09-19 23:20:04"}
{"environment":"production","level":"info","message":"[notif-worker] Processing login alert for user 6aaf0a81cff5fc79f95008d6","service":"vtunova-api","timestamp":"2026-09-19 23:20:04"}
{"environment":"production","level":"info","message":"Notification created:","service":"vtunova-api","timestamp":"2026-09-19 23:20:05"}
{"environment":"production","level":"error","message":"Failed to invalidate cache for key: user:6aaf0a81cff5fc79f95008d6:notifications","service":"vtunova-api","timestamp":"2026-09-19 23:20:05"}
{"environment":"production","level":"info","message":"[notif-worker] Job 224 completed successfully","service":"vtunova-api","timestamp":"2026-09-19 23:20:05"}
{"environment":"production","level":"info","message":"[email-worker] Job 215 completed","service":"vtunova-api","timestamp":"2026-09-19 23:20:06"}
{"environment":"production","level":"info","message":"User login notification queued successfully","service":"vtunova-api","timestamp":"2026-09-19 23:20:07"}
{"environment":"production","level":"info","message":"[email-worker] Processing job: loginAlert (id=216)","service":"vtunova-api","timestamp":"2026-09-19 23:20:07"}
{"environment":"production","level":"info","message":"[notif-worker] Processing job: loginAlert (id=225)","service":"vtunova-api","timestamp":"2026-09-19 23:20:07"}
{"environment":"production","level":"info","message":"[notif-worker] Job data: {\"userId\":\"6aaf0a81cff5fc79f95008d6\",\"type\":\"security\",\"ip\":\"::1\",\"device\":\"Mozilla/5.0 (Windows NT 10.0; Win64; x64) AppleWebKit/537.36 (KHTML, like Gecko) Chrome/153.0.0.0 Safari/537.36\",\"category\":\"loginAlert\"}","service":"vtunova-api","timestamp":"2026-09-19 23:20:07"}
{"environment":"production","level":"info","message":"[notif-worker] Processing login alert for user 6aaf0a81cff5fc79f95008d6","service":"vtunova-api","timestamp":"2026-09-19 23:20:07"}
{"environment":"production","level":"info","message":"Notification created:","service":"vtunova-api","timestamp":"2026-09-19 23:20:07"}
{"environment":"production","level":"error","message":"Failed to invalidate cache for key: user:6aaf0a81cff5fc79f95008d6:notifications","service":"vtunova-api","timestamp":"2026-09-19 23:20:07"}
{"environment":"production","level":"info","message":"[notif-worker] Job 225 completed successfully","service":"vtunova-api","timestamp":"2026-09-19 23:20:08"}
{"environment":"production","level":"info","message":"[email-worker] Job 216 completed","service":"vtunova-api","timestamp":"2026-09-19 23:20:08"}
{"environment":"production","level":"info","message":"Cache miss for key: user:6aaf0a81cff5fc79f95008d6:profile","service":"vtunova-api","timestamp":"2026-09-19 23:20:13"}
{"environment":"production","level":"info","message":"Cache set for key: user:6aaf0a81cff5fc79f95008d6:profile","service":"vtunova-api","timestamp":"2026-09-19 23:20:13"}
{"environment":"production","level":"info","message":"Cache miss for key: user:6aaf0a81cff5fc79f95008d6:transactions","service":"vtunova-api","timestamp":"2026-09-19 23:20:14"}
{"environment":"production","level":"info","message":"Cache set for key: user:6aaf0a81cff5fc79f95008d6:transactions","service":"vtunova-api","timestamp":"2026-09-19 23:20:15"}
{"environment":"production","level":"info","message":"Cache set for user 6aaf0a81cff5fc79f95008d6","service":"vtunova-api","timestamp":"2026-09-19 23:20:15"}
{"environment":"production","level":"info","message":"Notification formatted for type: loginAlert","service":"vtunova-api","timestamp":"2026-09-19 23:20:15"}
{"environment":"production","level":"info","message":"Notification formatted for type: loginAlert","service":"vtunova-api","timestamp":"2026-09-19 23:20:15"}
{"environment":"production","level":"info","message":"Cache miss for key: user:6aaf0a81cff5fc79f95008d6:notifications","service":"vtunova-api","timestamp":"2026-09-19 23:20:15"}
{"environment":"production","level":"info","message":"Cache set for key: user:6aaf0a81cff5fc79f95008d6:notifications","service":"vtunova-api","timestamp":"2026-09-19 23:20:15"}
{"environment":"production","level":"info","message":"Cache hit for key: user:6aaf0a81cff5fc79f95008d6:transactions","service":"vtunova-api","timestamp":"2026-09-19 23:20:16"}
{"environment":"production","level":"info","message":"Notification formatted for type: loginAlert","service":"vtunova-api","timestamp":"2026-09-19 23:20:16"}
{"environment":"production","level":"info","message":"Notification formatted for type: loginAlert","service":"vtunova-api","timestamp":"2026-09-19 23:20:16"}
{"environment":"production","level":"info","message":"Cache hit for key: user:6aaf0a81cff5fc79f95008d6:notifications","service":"vtunova-api","timestamp":"2026-09-19 23:20:17"}
{"environment":"production","level":"info","message":"Cache invalidated for key: user:6aaf0a81cff5fc79f95008d6:notifications","service":"vtunova-api","timestamp":"2026-09-19 23:20:22"}
{"environment":"production","level":"error","message":"Failed to invalidate cache for key: user:6aaf0a81cff5fc79f95008d6:notifications","service":"vtunova-api","timestamp":"2026-09-19 23:20:22"}
{"environment":"production","level":"info","message":"Cache miss for key: pending-registration:7m625o1l","service":"vtunova-api","timestamp":"2026-09-19 23:23:14"}
{"environment":"production","level":"info","message":"Email transport ready via smtp.gmail.com","service":"vtunova-api","timestamp":"2026-09-19 23:25:33"}
{"environment":"production","level":"info","message":"Redis client connected","service":"vtunova-api","timestamp":"2026-09-19 23:25:39"}
{"environment":"production","level":"info","message":"SMTP connection veried","service":"vtunova-api","timestamp":"2026-09-19 23:25:50"}
{"environment":"production","level":"info","message":"Email listeners registered for 11 event type(s)","service":"vtunova-api","timestamp":"2026-09-19 23:25:50"}
{"environment":"production","level":"info","message":"Notification listeners registered for 13 event type(s)","service":"vtunova-api","timestamp":"2026-09-19 23:25:50"}
{"environment":"production","level":"info","message":"VtuNova Platform running on port 3000 [production]","service":"vtunova-api","timestamp":"2026-09-19 23:25:50"}
{"environment":"production","level":"info","message":"API Docs: http://localhost:3000/api","service":"vtunova-api","timestamp":"2026-09-19 23:25:50"}
{"environment":"production","level":"info","message":"Email transport ready via smtp.gmail.com","service":"vtunova-api","timestamp":"2026-09-19 23:26:24"}
{"environment":"production","level":"info","message":"Redis client connected","service":"vtunova-api","timestamp":"2026-09-19 23:26:27"}
{"environment":"production","level":"info","message":"SMTP connection veried","service":"vtunova-api","timestamp":"2026-09-19 23:26:30"}
{"environment":"production","level":"info","message":"Email listeners registered for 11 event type(s)","service":"vtunova-api","timestamp":"2026-09-19 23:26:30"}
{"environment":"production","level":"info","message":"Notification listeners registered for 13 event type(s)","service":"vtunova-api","timestamp":"2026-09-19 23:26:30"}
{"environment":"production","level":"info","message":"VtuNova Platform running on port 3000 [production]","service":"vtunova-api","timestamp":"2026-09-19 23:26:30"}
{"environment":"production","level":"info","message":"API Docs: http://localhost:3000/api","service":"vtunova-api","timestamp":"2026-09-19 23:26:30"}
{"environment":"production","level":"info","message":"SIGINT received. Shutting down gracefully...","service":"vtunova-api","timestamp":"2026-09-19 23:26:51"}
{"environment":"production","level":"info","message":"Email transport ready via smtp.gmail.com","service":"vtunova-api","timestamp":"2026-09-20 11:58:24"}
{"environment":"production","level":"error","message":"Redis Client Error Connection timeout","service":"vtunova-api","stack":"Error: Connection timeout\n    at Socket.onTimeout (C:\\Users\\HomePC\\VtuNova-Backend_v1\\node_modules\\@redis\\client\\dist\\lib\\client\\socket.js:282:46)\n    at Object.onceWrapper (node:events:622:28)\n    at Socket.emit (node:events:508:28)\n    at Socket._onTimeout (node:net:604:8)\n    at listOnTimeout (node:internal/timers:605:17)\n    at process.processTimers (node:internal/timers:541:7)","timestamp":"2026-09-20 11:59:06"}
{"environment":"production","level":"info","message":"Redis client connected","service":"vtunova-api","timestamp":"2026-09-20 11:59:07"}
{"environment":"production","level":"info","message":"SMTP connection veried","service":"vtunova-api","timestamp":"2026-09-20 11:59:13"}
{"environment":"production","level":"info","message":"Email listeners registered for 11 event type(s)","service":"vtunova-api","timestamp":"2026-09-20 11:59:13"}
{"environment":"production","level":"info","message":"Notification listeners registered for 13 event type(s)","service":"vtunova-api","timestamp":"2026-09-20 11:59:13"}
{"environment":"production","level":"info","message":"VtuNova Platform running on port 3000 [production]","service":"vtunova-api","timestamp":"2026-09-20 11:59:13"}
{"environment":"production","level":"info","message":"API Docs: http://localhost:3000/api","service":"vtunova-api","timestamp":"2026-09-20 11:59:13"}
{"environment":"production","level":"info","message":"Cache hit for key: user:6aaf0a81cff5fc79f95008d6:profile","service":"vtunova-api","timestamp":"2026-09-20 12:00:37"}
{"environment":"production","level":"info","message":"Cache hit for key: user:6aaf0a81cff5fc79f95008d6:transactions","service":"vtunova-api","timestamp":"2026-09-20 12:00:39"}
{"environment":"production","level":"info","message":"Notification formatted for type: loginAlert","service":"vtunova-api","timestamp":"2026-09-20 12:00:40"}
{"environment":"production","level":"info","message":"Notification formatted for type: loginAlert","service":"vtunova-api","timestamp":"2026-09-20 12:00:40"}
{"environment":"production","level":"info","message":"Cache miss for key: user:6aaf0a81cff5fc79f95008d6:notifications","service":"vtunova-api","timestamp":"2026-09-20 12:00:40"}
{"environment":"production","level":"info","message":"Cache set for key: user:6aaf0a81cff5fc79f95008d6:notifications","service":"vtunova-api","timestamp":"2026-09-20 12:00:40"}
{"environment":"production","level":"info","message":"Cache hit for key: user:6aaf0a81cff5fc79f95008d6:transactions","service":"vtunova-api","timestamp":"2026-09-20 12:00:41"}
{"environment":"production","level":"info","message":"Notification formatted for type: loginAlert","service":"vtunova-api","timestamp":"2026-09-20 12:00:41"}
{"environment":"production","level":"info","message":"Notification formatted for type: loginAlert","service":"vtunova-api","timestamp":"2026-09-20 12:00:41"}
{"environment":"production","level":"info","message":"Cache hit for key: user:6aaf0a81cff5fc79f95008d6:notifications","service":"vtunova-api","timestamp":"2026-09-20 12:00:41"}
{"code":"ETIMEDOUT","environment":"production","errorno":"ETIMEDOUT","level":"error","message":"[notif-worker] Worker error: connect ETIMEDOUT","service":"vtunova-api","stack":"Error: connect ETIMEDOUT\n    at Socket.<anonymous> (C:\\Users\\HomePC\\VtuNova-Backend_v1\\node_modules\\ioredis\\built\\Redis.js:196:41)\n    at Object.onceWrapper (node:events:622:28)\n    at Socket.emit (node:events:508:28)\n    at Socket._onTimeout (node:net:604:8)\n    at listOnTimeout (node:internal/timers:605:17)\n    at process.processTimers (node:internal/timers:541:7)","syscall":"connect","timestamp":"2026-09-20 12:00:58"}
{"environment":"production","level":"info","message":"Cache hit for key: user:6aaf0a81cff5fc79f95008d6:profile","service":"vtunova-api","timestamp":"2026-09-20 12:01:02"}
{"environment":"production","level":"info","message":"User login notification queued successfully","service":"vtunova-api","timestamp":"2026-09-20 12:01:03"}
{"environment":"production","level":"info","message":"Cache hit for key: user:6aaf0a81cff5fc79f95008d6:transactions","service":"vtunova-api","timestamp":"2026-09-20 12:01:04"}
{"environment":"production","level":"info","message":"Notification formatted for type: loginAlert","service":"vtunova-api","timestamp":"2026-09-20 12:01:04"}
{"environment":"production","level":"info","message":"Notification formatted for type: loginAlert","service":"vtunova-api","timestamp":"2026-09-20 12:01:04"}
{"environment":"production","level":"info","message":"Cache hit for key: user:6aaf0a81cff5fc79f95008d6:notifications","service":"vtunova-api","timestamp":"2026-09-20 12:01:05"}
{"environment":"production","level":"info","message":"Cache hit for key: user:6aaf0a81cff5fc79f95008d6:transactions","service":"vtunova-api","timestamp":"2026-09-20 12:01:06"}
{"environment":"production","level":"info","message":"[notif-worker] Processing job: loginAlert (id=226)","service":"vtunova-api","timestamp":"2026-09-20 12:01:06"}
{"environment":"production","level":"info","message":"[notif-worker] Job data: {\"userId\":\"6aaf0a81cff5fc79f95008d6\",\"type\":\"security\",\"ip\":\"::1\",\"device\":\"Mozilla/5.0 (Windows NT 10.0; Win64; x64) AppleWebKit/537.36 (KHTML, like Gecko) Chrome/153.0.0.0 Safari/537.36\",\"category\":\"loginAlert\"}","service":"vtunova-api","timestamp":"2026-09-20 12:01:06"}
{"environment":"production","level":"info","message":"[notif-worker] Processing login alert for user 6aaf0a81cff5fc79f95008d6","service":"vtunova-api","timestamp":"2026-09-20 12:01:06"}
{"environment":"production","level":"info","message":"[email-worker] Processing job: loginAlert (id=217)","service":"vtunova-api","timestamp":"2026-09-20 12:01:06"}
{"environment":"production","level":"info","message":"Notification formatted for type: loginAlert","service":"vtunova-api","timestamp":"2026-09-20 12:01:06"}
{"environment":"production","level":"info","message":"Notification formatted for type: loginAlert","service":"vtunova-api","timestamp":"2026-09-20 12:01:06"}
{"environment":"production","level":"info","message":"Notification created:","service":"vtunova-api","timestamp":"2026-09-20 12:01:06"}
{"environment":"production","level":"info","message":"Cache hit for key: user:6aaf0a81cff5fc79f95008d6:notifications","service":"vtunova-api","timestamp":"2026-09-20 12:01:07"}
{"environment":"production","level":"info","message":"Cache invalidated for key: user:6aaf0a81cff5fc79f95008d6:notifications","service":"vtunova-api","timestamp":"2026-09-20 12:01:07"}
{"environment":"production","level":"info","message":"[notif-worker] Job 226 completed successfully","service":"vtunova-api","timestamp":"2026-09-20 12:01:11"}
{"environment":"production","level":"info","message":"[email-worker] Job 217 completed","service":"vtunova-api","timestamp":"2026-09-20 12:01:23"}
{"environment":"production","level":"info","message":"Email transport ready via smtp.gmail.com","service":"vtunova-api","timestamp":"2026-09-20 12:01:35"}
{"environment":"production","level":"info","message":"Redis client connected","service":"vtunova-api","timestamp":"2026-09-20 12:01:39"}
{"environment":"production","level":"info","message":"SMTP connection veried","service":"vtunova-api","timestamp":"2026-09-20 12:01:44"}
{"environment":"production","level":"info","message":"Email listeners registered for 11 event type(s)","service":"vtunova-api","timestamp":"2026-09-20 12:01:44"}
{"environment":"production","level":"info","message":"Notification listeners registered for 13 event type(s)","service":"vtunova-api","timestamp":"2026-09-20 12:01:44"}
{"environment":"production","level":"info","message":"VtuNova Platform running on port 3000 [production]","service":"vtunova-api","timestamp":"2026-09-20 12:01:44"}
{"environment":"production","level":"info","message":"API Docs: http://localhost:3000/api","service":"vtunova-api","timestamp":"2026-09-20 12:01:44"}
{"environment":"production","level":"info","message":"Email transport ready via smtp.gmail.com","service":"vtunova-api","timestamp":"2026-09-20 12:01:48"}
{"environment":"production","level":"info","message":"Redis client connected","service":"vtunova-api","timestamp":"2026-09-20 12:01:52"}
{"environment":"production","level":"info","message":"SMTP connection veried","service":"vtunova-api","timestamp":"2026-09-20 12:01:53"}
{"environment":"production","level":"info","message":"Email listeners registered for 11 event type(s)","service":"vtunova-api","timestamp":"2026-09-20 12:01:53"}
{"environment":"production","level":"info","message":"Notification listeners registered for 13 event type(s)","service":"vtunova-api","timestamp":"2026-09-20 12:01:53"}
{"environment":"production","level":"info","message":"VtuNova Platform running on port 3000 [production]","service":"vtunova-api","timestamp":"2026-09-20 12:01:53"}
{"environment":"production","level":"info","message":"API Docs: http://localhost:3000/api","service":"vtunova-api","timestamp":"2026-09-20 12:01:53"}
{"environment":"production","level":"info","message":"Email transport ready via smtp.gmail.com","service":"vtunova-api","timestamp":"2026-09-20 12:02:03"}
{"environment":"production","level":"info","message":"Redis client connected","service":"vtunova-api","timestamp":"2026-09-20 12:02:08"}
{"environment":"production","level":"info","message":"SMTP connection veried","service":"vtunova-api","timestamp":"2026-09-20 12:02:12"}
{"environment":"production","level":"info","message":"Email listeners registered for 11 event type(s)","service":"vtunova-api","timestamp":"2026-09-20 12:02:12"}
{"environment":"production","level":"info","message":"Notification listeners registered for 13 event type(s)","service":"vtunova-api","timestamp":"2026-09-20 12:02:12"}
{"environment":"production","level":"info","message":"VtuNova Platform running on port 3000 [production]","service":"vtunova-api","timestamp":"2026-09-20 12:02:12"}
{"environment":"production","level":"info","message":"API Docs: http://localhost:3000/api","service":"vtunova-api","timestamp":"2026-09-20 12:02:12"}
{"environment":"production","level":"info","message":"Cache hit for key: user:6aaf0a81cff5fc79f95008d6:profile","service":"vtunova-api","timestamp":"2026-09-20 12:03:29"}
{"environment":"production","level":"error","message":"Error fetching profile for user 6aaf0a81cff5fc79f95008d6: Converting circular structure to JSON\n    --> starting at object with constructor 'Socket'\n    |     property 'parser' -> object with constructor 'HTTPParser'\n    --- property 'socket' closes the circle","service":"vtunova-api","timestamp":"2026-09-20 12:03:29"}
{"environment":"production","level":"info","message":"Cache hit for key: user:6aaf0a81cff5fc79f95008d6:profile","service":"vtunova-api","timestamp":"2026-09-20 12:03:35"}
{"environment":"production","level":"error","message":"Error fetching profile for user 6aaf0a81cff5fc79f95008d6: Converting circular structure to JSON\n    --> starting at object with constructor 'Socket'\n    |     property 'parser' -> object with constructor 'HTTPParser'\n    --- property 'socket' closes the circle","service":"vtunova-api","timestamp":"2026-09-20 12:03:35"}
{"environment":"production","level":"info","message":"Cache hit for key: user:6aaf0a81cff5fc79f95008d6:profile","service":"vtunova-api","timestamp":"2026-09-20 12:03:36"}
{"environment":"production","level":"error","message":"Error fetching profile for user 6aaf0a81cff5fc79f95008d6: Converting circular structure to JSON\n    --> starting at object with constructor 'Socket'\n    |     property 'parser' -> object with constructor 'HTTPParser'\n    --- property 'socket' closes the circle","service":"vtunova-api","timestamp":"2026-09-20 12:03:36"}
{"environment":"production","level":"info","message":"Cache hit for key: user:6aaf0a81cff5fc79f95008d6:transactions","service":"vtunova-api","timestamp":"2026-09-20 12:03:39"}
{"environment":"production","level":"info","message":"Notification formatted for type: loginAlert","service":"vtunova-api","timestamp":"2026-09-20 12:03:40"}
{"environment":"production","level":"info","message":"Notification formatted for type: loginAlert","service":"vtunova-api","timestamp":"2026-09-20 12:03:40"}
{"environment":"production","level":"info","message":"Notification formatted for type: loginAlert","service":"vtunova-api","timestamp":"2026-09-20 12:03:40"}
{"environment":"production","level":"info","message":"Cache miss for key: user:6aaf0a81cff5fc79f95008d6:notifications","service":"vtunova-api","timestamp":"2026-09-20 12:03:40"}
{"environment":"production","level":"info","message":"Cache set for key: user:6aaf0a81cff5fc79f95008d6:notifications","service":"vtunova-api","timestamp":"2026-09-20 12:03:40"}
{"environment":"production","level":"info","message":"Cache hit for key: user:6aaf0a81cff5fc79f95008d6:transactions","service":"vtunova-api","timestamp":"2026-09-20 12:03:41"}
{"environment":"production","level":"info","message":"Notification formatted for type: loginAlert","service":"vtunova-api","timestamp":"2026-09-20 12:03:41"}
{"environment":"production","level":"info","message":"Notification formatted for type: loginAlert","service":"vtunova-api","timestamp":"2026-09-20 12:03:41"}
{"environment":"production","level":"info","message":"Notification formatted for type: loginAlert","service":"vtunova-api","timestamp":"2026-09-20 12:03:41"}
{"environment":"production","level":"info","message":"Cache hit for key: user:6aaf0a81cff5fc79f95008d6:notifications","service":"vtunova-api","timestamp":"2026-09-20 12:03:41"}
{"environment":"production","level":"info","message":"Cache hit for key: user:6aaf0a81cff5fc79f95008d6:profile","service":"vtunova-api","timestamp":"2026-09-20 12:03:44"}
{"environment":"production","level":"error","message":"Error fetching profile for user 6aaf0a81cff5fc79f95008d6: Converting circular structure to JSON\n    --> starting at object with constructor 'Socket'\n    |     property 'parser' -> object with constructor 'HTTPParser'\n    --- property 'socket' closes the circle","service":"vtunova-api","timestamp":"2026-09-20 12:03:44"}
{"environment":"production","level":"info","message":"Cache hit for key: user:6aaf0a81cff5fc79f95008d6:profile","service":"vtunova-api","timestamp":"2026-09-20 12:03:47"}
{"environment":"production","level":"error","message":"Error fetching profile for user 6aaf0a81cff5fc79f95008d6: Converting circular structure to JSON\n    --> starting at object with constructor 'Socket'\n    |     property 'parser' -> object with constructor 'HTTPParser'\n    --- property 'socket' closes the circle","service":"vtunova-api","timestamp":"2026-09-20 12:03:47"}
{"environment":"production","level":"info","message":"Cache hit for key: user:6aaf0a81cff5fc79f95008d6:transactions","service":"vtunova-api","timestamp":"2026-09-20 12:03:50"}
{"environment":"production","level":"info","message":"Notification formatted for type: loginAlert","service":"vtunova-api","timestamp":"2026-09-20 12:03:50"}
{"environment":"production","level":"info","message":"Notification formatted for type: loginAlert","service":"vtunova-api","timestamp":"2026-09-20 12:03:50"}
{"environment":"production","level":"info","message":"Notification formatted for type: loginAlert","service":"vtunova-api","timestamp":"2026-09-20 12:03:50"}
{"environment":"production","level":"info","message":"Cache hit for key: user:6aaf0a81cff5fc79f95008d6:notifications","service":"vtunova-api","timestamp":"2026-09-20 12:03:51"}
{"environment":"production","level":"info","message":"Cache hit for key: user:6aaf0a81cff5fc79f95008d6:profile","service":"vtunova-api","timestamp":"2026-09-20 12:03:51"}
{"environment":"production","level":"error","message":"Error fetching profile for user 6aaf0a81cff5fc79f95008d6: Converting circular structure to JSON\n    --> starting at object with constructor 'Socket'\n    |     property 'parser' -> object with constructor 'HTTPParser'\n    --- property 'socket' closes the circle","service":"vtunova-api","timestamp":"2026-09-20 12:03:51"}
{"environment":"production","level":"info","message":"Cache hit for key: user:6aaf0a81cff5fc79f95008d6:transactions","service":"vtunova-api","timestamp":"2026-09-20 12:03:51"}
{"environment":"production","level":"info","message":"Notification formatted for type: loginAlert","service":"vtunova-api","timestamp":"2026-09-20 12:03:51"}
{"environment":"production","level":"info","message":"Notification formatted for type: loginAlert","service":"vtunova-api","timestamp":"2026-09-20 12:03:51"}
{"environment":"production","level":"info","message":"Notification formatted for type: loginAlert","service":"vtunova-api","timestamp":"2026-09-20 12:03:51"}
{"environment":"production","level":"info","message":"Cache hit for key: user:6aaf0a81cff5fc79f95008d6:notifications","service":"vtunova-api","timestamp":"2026-09-20 12:03:52"}
{"environment":"production","level":"info","message":"Cache hit for key: user:6aaf0a81cff5fc79f95008d6:profile","service":"vtunova-api","timestamp":"2026-09-20 12:03:53"}
{"environment":"production","level":"error","message":"Error fetching profile for user 6aaf0a81cff5fc79f95008d6: Converting circular structure to JSON\n    --> starting at object with constructor 'Socket'\n    |     property 'parser' -> object with constructor 'HTTPParser'\n    --- property 'socket' closes the circle","service":"vtunova-api","timestamp":"2026-09-20 12:03:53"}
{"environment":"production","level":"info","message":"Cache hit for key: user:6aaf0a81cff5fc79f95008d6:transactions","service":"vtunova-api","timestamp":"2026-09-20 12:03:56"}
{"environment":"production","level":"info","message":"Notification formatted for type: loginAlert","service":"vtunova-api","timestamp":"2026-09-20 12:03:56"}
{"environment":"production","level":"info","message":"Notification formatted for type: loginAlert","service":"vtunova-api","timestamp":"2026-09-20 12:03:56"}
{"environment":"production","level":"info","message":"Notification formatted for type: loginAlert","service":"vtunova-api","timestamp":"2026-09-20 12:03:56"}
{"environment":"production","level":"info","message":"Cache hit for key: user:6aaf0a81cff5fc79f95008d6:notifications","service":"vtunova-api","timestamp":"2026-09-20 12:03:56"}
{"environment":"production","level":"info","message":"Cache hit for key: user:6aaf0a81cff5fc79f95008d6:transactions","service":"vtunova-api","timestamp":"2026-09-20 12:03:57"}
{"environment":"production","level":"info","message":"Notification formatted for type: loginAlert","service":"vtunova-api","timestamp":"2026-09-20 12:03:57"}
{"environment":"production","level":"info","message":"Notification formatted for type: loginAlert","service":"vtunova-api","timestamp":"2026-09-20 12:03:57"}
{"environment":"production","level":"info","message":"Notification formatted for type: loginAlert","service":"vtunova-api","timestamp":"2026-09-20 12:03:57"}
{"environment":"production","level":"info","message":"Cache hit for key: user:6aaf0a81cff5fc79f95008d6:notifications","service":"vtunova-api","timestamp":"2026-09-20 12:03:57"}
{"environment":"production","level":"info","message":"Cache hit for key: user:6aaf0a81cff5fc79f95008d6:profile","service":"vtunova-api","timestamp":"2026-09-20 12:05:07"}
{"environment":"production","level":"error","message":"Error fetching profile for user 6aaf0a81cff5fc79f95008d6: Converting circular structure to JSON\n    --> starting at object with constructor 'Socket'\n    |     property 'parser' -> object with constructor 'HTTPParser'\n    --- property 'socket' closes the circle","service":"vtunova-api","timestamp":"2026-09-20 12:05:07"}
{"environment":"production","level":"info","message":"Cache hit for key: user:6aaf0a81cff5fc79f95008d6:transactions","service":"vtunova-api","timestamp":"2026-09-20 12:05:09"}
{"environment":"production","level":"info","message":"Notification formatted for type: loginAlert","service":"vtunova-api","timestamp":"2026-09-20 12:05:09"}
{"environment":"production","level":"info","message":"Notification formatted for type: loginAlert","service":"vtunova-api","timestamp":"2026-09-20 12:05:09"}
{"environment":"production","level":"info","message":"Notification formatted for type: loginAlert","service":"vtunova-api","timestamp":"2026-09-20 12:05:09"}
{"environment":"production","level":"info","message":"Cache hit for key: user:6aaf0a81cff5fc79f95008d6:notifications","service":"vtunova-api","timestamp":"2026-09-20 12:05:09"}
{"environment":"production","level":"info","message":"Cache hit for key: user:6aaf0a81cff5fc79f95008d6:transactions","service":"vtunova-api","timestamp":"2026-09-20 12:05:10"}
{"environment":"production","level":"info","message":"Notification formatted for type: loginAlert","service":"vtunova-api","timestamp":"2026-09-20 12:05:10"}
{"environment":"production","level":"info","message":"Notification formatted for type: loginAlert","service":"vtunova-api","timestamp":"2026-09-20 12:05:10"}
{"environment":"production","level":"info","message":"Notification formatted for type: loginAlert","service":"vtunova-api","timestamp":"2026-09-20 12:05:10"}
{"environment":"production","level":"info","message":"Cache hit for key: user:6aaf0a81cff5fc79f95008d6:notifications","service":"vtunova-api","timestamp":"2026-09-20 12:05:10"}
{"environment":"production","level":"info","message":"Cache hit for key: user:6aaf0a81cff5fc79f95008d6:profile","service":"vtunova-api","timestamp":"2026-09-20 12:05:32"}
{"environment":"production","level":"error","message":"Error fetching profile for user 6aaf0a81cff5fc79f95008d6: Converting circular structure to JSON\n    --> starting at object with constructor 'Socket'\n    |     property 'parser' -> object with constructor 'HTTPParser'\n    --- property 'socket' closes the circle","service":"vtunova-api","timestamp":"2026-09-20 12:05:32"}
{"environment":"production","level":"info","message":"Cache hit for key: user:6aaf0a81cff5fc79f95008d6:transactions","service":"vtunova-api","timestamp":"2026-09-20 12:05:35"}
{"environment":"production","level":"info","message":"Notification formatted for type: loginAlert","service":"vtunova-api","timestamp":"2026-09-20 12:05:35"}
{"environment":"production","level":"info","message":"Notification formatted for type: loginAlert","service":"vtunova-api","timestamp":"2026-09-20 12:05:35"}
{"environment":"production","level":"info","message":"Notification formatted for type: loginAlert","service":"vtunova-api","timestamp":"2026-09-20 12:05:35"}
{"environment":"production","level":"info","message":"Cache hit for key: user:6aaf0a81cff5fc79f95008d6:notifications","service":"vtunova-api","timestamp":"2026-09-20 12:05:36"}
{"environment":"production","level":"info","message":"Cache hit for key: user:6aaf0a81cff5fc79f95008d6:transactions","service":"vtunova-api","timestamp":"2026-09-20 12:05:37"}
{"environment":"production","level":"info","message":"Notification formatted for type: loginAlert","service":"vtunova-api","timestamp":"2026-09-20 12:05:38"}
{"environment":"production","level":"info","message":"Notification formatted for type: loginAlert","service":"vtunova-api","timestamp":"2026-09-20 12:05:38"}
{"environment":"production","level":"info","message":"Notification formatted for type: loginAlert","service":"vtunova-api","timestamp":"2026-09-20 12:05:38"}
{"environment":"production","level":"info","message":"Cache hit for key: user:6aaf0a81cff5fc79f95008d6:notifications","service":"vtunova-api","timestamp":"2026-09-20 12:05:40"}
{"environment":"production","level":"info","message":"User login notification queued successfully","service":"vtunova-api","timestamp":"2026-09-20 12:05:41"}
{"environment":"production","level":"info","message":"[notif-worker] Processing job: loginAlert (id=227)","service":"vtunova-api","timestamp":"2026-09-20 12:05:42"}
{"environment":"production","level":"info","message":"[notif-worker] Job data: {\"userId\":\"6aaf0a81cff5fc79f95008d6\",\"type\":\"security\",\"ip\":\"::1\",\"device\":\"Mozilla/5.0 (Windows NT 10.0; Win64; x64) AppleWebKit/537.36 (KHTML, like Gecko) Chrome/153.0.0.0 Safari/537.36\",\"category\":\"loginAlert\"}","service":"vtunova-api","timestamp":"2026-09-20 12:05:42"}
{"environment":"production","level":"info","message":"[notif-worker] Processing login alert for user 6aaf0a81cff5fc79f95008d6","service":"vtunova-api","timestamp":"2026-09-20 12:05:42"}
{"environment":"production","level":"info","message":"Notification created:","service":"vtunova-api","timestamp":"2026-09-20 12:05:42"}
{"environment":"production","level":"info","message":"Cache invalidated for key: user:6aaf0a81cff5fc79f95008d6:notifications","service":"vtunova-api","timestamp":"2026-09-20 12:05:42"}
{"environment":"production","level":"info","message":"[email-worker] Processing job: loginAlert (id=218)","service":"vtunova-api","timestamp":"2026-09-20 12:05:43"}
{"environment":"production","level":"info","message":"[notif-worker] Job 227 completed successfully","service":"vtunova-api","timestamp":"2026-09-20 12:05:44"}
{"environment":"production","level":"info","message":"[email-worker] Job 218 completed","service":"vtunova-api","timestamp":"2026-09-20 12:05:48"}
{"environment":"production","level":"info","message":"Cache hit for key: user:6aaf0a81cff5fc79f95008d6:profile","service":"vtunova-api","timestamp":"2026-09-20 12:07:36"}
{"environment":"production","level":"error","message":"Error fetching profile for user 6aaf0a81cff5fc79f95008d6: Converting circular structure to JSON\n    --> starting at object with constructor 'Socket'\n    |     property 'parser' -> object with constructor 'HTTPParser'\n    --- property 'socket' closes the circle","service":"vtunova-api","timestamp":"2026-09-20 12:07:36"}
{"environment":"production","level":"info","message":"Cache hit for key: user:6aaf0a81cff5fc79f95008d6:transactions","service":"vtunova-api","timestamp":"2026-09-20 12:07:37"}
{"environment":"production","level":"info","message":"Notification formatted for type: loginAlert","service":"vtunova-api","timestamp":"2026-09-20 12:07:38"}
{"environment":"production","level":"info","message":"Notification formatted for type: loginAlert","service":"vtunova-api","timestamp":"2026-09-20 12:07:38"}
{"environment":"production","level":"info","message":"Notification formatted for type: loginAlert","service":"vtunova-api","timestamp":"2026-09-20 12:07:38"}
{"environment":"production","level":"info","message":"Notification formatted for type: loginAlert","service":"vtunova-api","timestamp":"2026-09-20 12:07:38"}
{"environment":"production","level":"info","message":"Cache miss for key: user:6aaf0a81cff5fc79f95008d6:notifications","service":"vtunova-api","timestamp":"2026-09-20 12:07:38"}
{"environment":"production","level":"info","message":"Cache set for key: user:6aaf0a81cff5fc79f95008d6:notifications","service":"vtunova-api","timestamp":"2026-09-20 12:07:38"}
{"environment":"production","level":"info","message":"Cache hit for key: user:6aaf0a81cff5fc79f95008d6:transactions","service":"vtunova-api","timestamp":"2026-09-20 12:07:39"}
{"environment":"production","level":"info","message":"Notification formatted for type: loginAlert","service":"vtunova-api","timestamp":"2026-09-20 12:07:39"}
{"environment":"production","level":"info","message":"Notification formatted for type: loginAlert","service":"vtunova-api","timestamp":"2026-09-20 12:07:39"}
{"environment":"production","level":"info","message":"Notification formatted for type: loginAlert","service":"vtunova-api","timestamp":"2026-09-20 12:07:39"}
{"environment":"production","level":"info","message":"Notification formatted for type: loginAlert","service":"vtunova-api","timestamp":"2026-09-20 12:07:39"}
{"environment":"production","level":"info","message":"Cache hit for key: user:6aaf0a81cff5fc79f95008d6:notifications","service":"vtunova-api","timestamp":"2026-09-20 12:07:39"}
{"environment":"production","level":"info","message":"User login notification queued successfully","service":"vtunova-api","timestamp":"2026-09-20 12:07:43"}
{"environment":"production","level":"info","message":"[email-worker] Processing job: loginAlert (id=219)","service":"vtunova-api","timestamp":"2026-09-20 12:07:43"}
{"environment":"production","level":"info","message":"[notif-worker] Processing job: loginAlert (id=228)","service":"vtunova-api","timestamp":"2026-09-20 12:07:43"}
{"environment":"production","level":"info","message":"[notif-worker] Job data: {\"userId\":\"6aaf0a81cff5fc79f95008d6\",\"type\":\"security\",\"ip\":\"::1\",\"device\":\"Mozilla/5.0 (Windows NT 10.0; Win64; x64) AppleWebKit/537.36 (KHTML, like Gecko) Chrome/153.0.0.0 Safari/537.36\",\"category\":\"loginAlert\"}","service":"vtunova-api","timestamp":"2026-09-20 12:07:43"}
{"environment":"production","level":"info","message":"[notif-worker] Processing login alert for user 6aaf0a81cff5fc79f95008d6","service":"vtunova-api","timestamp":"2026-09-20 12:07:43"}
{"environment":"production","level":"info","message":"Notification created:","service":"vtunova-api","timestamp":"2026-09-20 12:07:43"}
{"environment":"production","level":"info","message":"Cache invalidated for key: user:6aaf0a81cff5fc79f95008d6:notifications","service":"vtunova-api","timestamp":"2026-09-20 12:07:43"}
{"environment":"production","level":"info","message":"[notif-worker] Job 228 completed successfully","service":"vtunova-api","timestamp":"2026-09-20 12:07:44"}
{"environment":"production","level":"info","message":"[email-worker] Job 219 completed","service":"vtunova-api","timestamp":"2026-09-20 12:07:45"}
{"environment":"production","level":"info","message":"Cache hit for key: user:6aaf0a81cff5fc79f95008d6:profile","service":"vtunova-api","timestamp":"2026-09-20 12:10:05"}
{"environment":"production","level":"error","message":"Error fetching profile for user 6aaf0a81cff5fc79f95008d6: Converting circular structure to JSON\n    --> starting at object with constructor 'Socket'\n    |     property 'parser' -> object with constructor 'HTTPParser'\n    --- property 'socket' closes the circle","service":"vtunova-api","timestamp":"2026-09-20 12:10:05"}
{"environment":"production","level":"info","message":"Cache hit for key: user:6aaf0a81cff5fc79f95008d6:profile","service":"vtunova-api","timestamp":"2026-09-20 12:10:08"}
{"environment":"production","level":"error","message":"Error fetching profile for user 6aaf0a81cff5fc79f95008d6: Converting circular structure to JSON\n    --> starting at object with constructor 'Socket'\n    |     property 'parser' -> object with constructor 'HTTPParser'\n    --- property 'socket' closes the circle","service":"vtunova-api","timestamp":"2026-09-20 12:10:08"}
{"environment":"production","level":"info","message":"Cache hit for key: user:6aaf0a81cff5fc79f95008d6:transactions","service":"vtunova-api","timestamp":"2026-09-20 12:10:11"}
{"environment":"production","level":"info","message":"Notification formatted for type: loginAlert","service":"vtunova-api","timestamp":"2026-09-20 12:10:11"}
{"environment":"production","level":"info","message":"Notification formatted for type: loginAlert","service":"vtunova-api","timestamp":"2026-09-20 12:10:12"}
{"environment":"production","level":"info","message":"Notification formatted for type: loginAlert","service":"vtunova-api","timestamp":"2026-09-20 12:10:12"}
{"environment":"production","level":"info","message":"Notification formatted for type: loginAlert","service":"vtunova-api","timestamp":"2026-09-20 12:10:12"}
{"environment":"production","level":"info","message":"Notification formatted for type: loginAlert","service":"vtunova-api","timestamp":"2026-09-20 12:10:12"}
{"environment":"production","level":"info","message":"Cache miss for key: user:6aaf0a81cff5fc79f95008d6:notifications","service":"vtunova-api","timestamp":"2026-09-20 12:10:12"}
{"environment":"production","level":"info","message":"Cache set for key: user:6aaf0a81cff5fc79f95008d6:notifications","service":"vtunova-api","timestamp":"2026-09-20 12:10:13"}
{"environment":"production","level":"info","message":"Cache hit for key: user:6aaf0a81cff5fc79f95008d6:profile","service":"vtunova-api","timestamp":"2026-09-20 12:10:13"}
{"environment":"production","level":"error","message":"Error fetching profile for user 6aaf0a81cff5fc79f95008d6: Converting circular structure to JSON\n    --> starting at object with constructor 'Socket'\n    |     property 'parser' -> object with constructor 'HTTPParser'\n    --- property 'socket' closes the circle","service":"vtunova-api","timestamp":"2026-09-20 12:10:13"}
{"environment":"production","level":"info","message":"Cache hit for key: user:6aaf0a81cff5fc79f95008d6:transactions","service":"vtunova-api","timestamp":"2026-09-20 12:10:14"}
{"environment":"production","level":"info","message":"Notification formatted for type: loginAlert","service":"vtunova-api","timestamp":"2026-09-20 12:10:15"}
{"environment":"production","level":"info","message":"Notification formatted for type: loginAlert","service":"vtunova-api","timestamp":"2026-09-20 12:10:15"}
{"environment":"production","level":"info","message":"Notification formatted for type: loginAlert","service":"vtunova-api","timestamp":"2026-09-20 12:10:15"}
{"environment":"production","level":"info","message":"Notification formatted for type: loginAlert","service":"vtunova-api","timestamp":"2026-09-20 12:10:15"}
{"environment":"production","level":"info","message":"Notification formatted for type: loginAlert","service":"vtunova-api","timestamp":"2026-09-20 12:10:15"}
{"environment":"production","level":"info","message":"Cache hit for key: user:6aaf0a81cff5fc79f95008d6:notifications","service":"vtunova-api","timestamp":"2026-09-20 12:10:15"}
{"environment":"production","level":"info","message":"Cache hit for key: user:6aaf0a81cff5fc79f95008d6:transactions","service":"vtunova-api","timestamp":"2026-09-20 12:10:16"}
{"environment":"production","level":"info","message":"Notification formatted for type: loginAlert","service":"vtunova-api","timestamp":"2026-09-20 12:10:16"}
{"environment":"production","level":"info","message":"Notification formatted for type: loginAlert","service":"vtunova-api","timestamp":"2026-09-20 12:10:16"}
{"environment":"production","level":"info","message":"Notification formatted for type: loginAlert","service":"vtunova-api","timestamp":"2026-09-20 12:10:16"}
{"environment":"production","level":"info","message":"Notification formatted for type: loginAlert","service":"vtunova-api","timestamp":"2026-09-20 12:10:16"}
{"environment":"production","level":"info","message":"Notification formatted for type: loginAlert","service":"vtunova-api","timestamp":"2026-09-20 12:10:16"}
{"environment":"production","level":"info","message":"Cache hit for key: user:6aaf0a81cff5fc79f95008d6:notifications","service":"vtunova-api","timestamp":"2026-09-20 12:10:16"}
{"environment":"production","level":"info","message":"User login notification queued successfully","service":"vtunova-api","timestamp":"2026-09-20 12:10:21"}
{"environment":"production","level":"info","message":"[notif-worker] Processing job: loginAlert (id=229)","service":"vtunova-api","timestamp":"2026-09-20 12:10:21"}
{"environment":"production","level":"info","message":"[notif-worker] Job data: {\"userId\":\"6aaf0a81cff5fc79f95008d6\",\"type\":\"security\",\"ip\":\"::1\",\"device\":\"Mozilla/5.0 (Windows NT 10.0; Win64; x64) AppleWebKit/537.36 (KHTML, like Gecko) Chrome/153.0.0.0 Safari/537.36\",\"category\":\"loginAlert\"}","service":"vtunova-api","timestamp":"2026-09-20 12:10:21"}
{"environment":"production","level":"info","message":"[notif-worker] Processing login alert for user 6aaf0a81cff5fc79f95008d6","service":"vtunova-api","timestamp":"2026-09-20 12:10:21"}
{"environment":"production","level":"info","message":"[email-worker] Processing job: loginAlert (id=220)","service":"vtunova-api","timestamp":"2026-09-20 12:10:21"}
{"environment":"production","level":"info","message":"Notification created:","service":"vtunova-api","timestamp":"2026-09-20 12:10:21"}
{"environment":"production","level":"info","message":"Cache invalidated for key: user:6aaf0a81cff5fc79f95008d6:notifications","service":"vtunova-api","timestamp":"2026-09-20 12:10:21"}
{"environment":"production","level":"info","message":"[notif-worker] Job 229 completed successfully","service":"vtunova-api","timestamp":"2026-09-20 12:10:22"}
{"environment":"production","level":"info","message":"[email-worker] Job 220 completed","service":"vtunova-api","timestamp":"2026-09-20 12:10:22"}
{"environment":"production","level":"info","message":"Cache hit for key: user:6aaf0a81cff5fc79f95008d6:profile","service":"vtunova-api","timestamp":"2026-09-20 12:10:49"}
{"environment":"production","level":"error","message":"Error fetching profile for user 6aaf0a81cff5fc79f95008d6: Converting circular structure to JSON\n    --> starting at object with constructor 'Socket'\n    |     property 'parser' -> object with constructor 'HTTPParser'\n    --- property 'socket' closes the circle","service":"vtunova-api","timestamp":"2026-09-20 12:10:49"}
{"environment":"production","level":"info","message":"Cache hit for key: user:6aaf0a81cff5fc79f95008d6:profile","service":"vtunova-api","timestamp":"2026-09-20 12:10:54"}
{"environment":"production","level":"error","message":"Error fetching profile for user 6aaf0a81cff5fc79f95008d6: Converting circular structure to JSON\n    --> starting at object with constructor 'Socket'\n    |     property 'parser' -> object with constructor 'HTTPParser'\n    --- property 'socket' closes the circle","service":"vtunova-api","timestamp":"2026-09-20 12:10:54"}
{"environment":"production","level":"info","message":"Cache hit for key: user:6aaf0a81cff5fc79f95008d6:transactions","service":"vtunova-api","timestamp":"2026-09-20 12:10:54"}
{"environment":"production","level":"info","message":"Notification formatted for type: loginAlert","service":"vtunova-api","timestamp":"2026-09-20 12:10:55"}
{"environment":"production","level":"info","message":"Notification formatted for type: loginAlert","service":"vtunova-api","timestamp":"2026-09-20 12:10:55"}
{"environment":"production","level":"info","message":"Notification formatted for type: loginAlert","service":"vtunova-api","timestamp":"2026-09-20 12:10:55"}
{"environment":"production","level":"info","message":"Notification formatted for type: loginAlert","service":"vtunova-api","timestamp":"2026-09-20 12:10:55"}
{"environment":"production","level":"info","message":"Notification formatted for type: loginAlert","service":"vtunova-api","timestamp":"2026-09-20 12:10:55"}
{"environment":"production","level":"info","message":"Notification formatted for type: loginAlert","service":"vtunova-api","timestamp":"2026-09-20 12:10:55"}
{"environment":"production","level":"info","message":"Cache miss for key: user:6aaf0a81cff5fc79f95008d6:notifications","service":"vtunova-api","timestamp":"2026-09-20 12:10:55"}
{"environment":"production","level":"info","message":"Cache set for key: user:6aaf0a81cff5fc79f95008d6:notifications","service":"vtunova-api","timestamp":"2026-09-20 12:10:55"}
{"environment":"production","level":"info","message":"Cache hit for key: user:6aaf0a81cff5fc79f95008d6:transactions","service":"vtunova-api","timestamp":"2026-09-20 12:10:56"}
{"environment":"production","level":"info","message":"Notification formatted for type: loginAlert","service":"vtunova-api","timestamp":"2026-09-20 12:10:56"}
{"environment":"production","level":"info","message":"Notification formatted for type: loginAlert","service":"vtunova-api","timestamp":"2026-09-20 12:10:56"}
{"environment":"production","level":"info","message":"Notification formatted for type: loginAlert","service":"vtunova-api","timestamp":"2026-09-20 12:10:56"}
{"environment":"production","level":"info","message":"Notification formatted for type: loginAlert","service":"vtunova-api","timestamp":"2026-09-20 12:10:56"}
{"environment":"production","level":"info","message":"Notification formatted for type: loginAlert","service":"vtunova-api","timestamp":"2026-09-20 12:10:56"}
{"environment":"production","level":"info","message":"Notification formatted for type: loginAlert","service":"vtunova-api","timestamp":"2026-09-20 12:10:56"}
{"environment":"production","level":"info","message":"Cache hit for key: user:6aaf0a81cff5fc79f95008d6:notifications","service":"vtunova-api","timestamp":"2026-09-20 12:10:56"}
{"environment":"production","level":"info","message":"Cache hit for key: user:6aaf0a81cff5fc79f95008d6:profile","service":"vtunova-api","timestamp":"2026-09-20 12:10:58"}
{"environment":"production","level":"error","message":"Error fetching profile for user 6aaf0a81cff5fc79f95008d6: Converting circular structure to JSON\n    --> starting at object with constructor 'Socket'\n    |     property 'parser' -> object with constructor 'HTTPParser'\n    --- property 'socket' closes the circle","service":"vtunova-api","timestamp":"2026-09-20 12:10:58"}
{"environment":"production","level":"info","message":"Cache hit for key: user:6aaf0a81cff5fc79f95008d6:profile","service":"vtunova-api","timestamp":"2026-09-20 12:11:00"}
{"environment":"production","level":"error","message":"Error fetching profile for user 6aaf0a81cff5fc79f95008d6: Converting circular structure to JSON\n    --> starting at object with constructor 'Socket'\n    |     property 'parser' -> object with constructor 'HTTPParser'\n    --- property 'socket' closes the circle","service":"vtunova-api","timestamp":"2026-09-20 12:11:00"}
{"environment":"production","level":"info","message":"Cache hit for key: user:6aaf0a81cff5fc79f95008d6:profile","service":"vtunova-api","timestamp":"2026-09-20 12:11:09"}
{"environment":"production","level":"error","message":"Error fetching profile for user 6aaf0a81cff5fc79f95008d6: Converting circular structure to JSON\n    --> starting at object with constructor 'Socket'\n    |     property 'parser' -> object with constructor 'HTTPParser'\n    --- property 'socket' closes the circle","service":"vtunova-api","timestamp":"2026-09-20 12:11:09"}
{"environment":"production","level":"info","message":"Cache hit for key: user:6aaf0a81cff5fc79f95008d6:transactions","service":"vtunova-api","timestamp":"2026-09-20 12:11:10"}
{"environment":"production","level":"info","message":"Notification formatted for type: loginAlert","service":"vtunova-api","timestamp":"2026-09-20 12:11:11"}
{"environment":"production","level":"info","message":"Notification formatted for type: loginAlert","service":"vtunova-api","timestamp":"2026-09-20 12:11:11"}
{"environment":"production","level":"info","message":"Notification formatted for type: loginAlert","service":"vtunova-api","timestamp":"2026-09-20 12:11:11"}
{"environment":"production","level":"info","message":"Notification formatted for type: loginAlert","service":"vtunova-api","timestamp":"2026-09-20 12:11:11"}
{"environment":"production","level":"info","message":"Notification formatted for type: loginAlert","service":"vtunova-api","timestamp":"2026-09-20 12:11:11"}
{"environment":"production","level":"info","message":"Notification formatted for type: loginAlert","service":"vtunova-api","timestamp":"2026-09-20 12:11:11"}
{"environment":"production","level":"info","message":"Cache hit for key: user:6aaf0a81cff5fc79f95008d6:notifications","service":"vtunova-api","timestamp":"2026-09-20 12:11:11"}
{"environment":"production","level":"info","message":"Cache hit for key: user:6aaf0a81cff5fc79f95008d6:transactions","service":"vtunova-api","timestamp":"2026-09-20 12:11:12"}
{"environment":"production","level":"info","message":"Notification formatted for type: loginAlert","service":"vtunova-api","timestamp":"2026-09-20 12:11:12"}
{"environment":"production","level":"info","message":"Notification formatted for type: loginAlert","service":"vtunova-api","timestamp":"2026-09-20 12:11:12"}
{"environment":"production","level":"info","message":"Notification formatted for type: loginAlert","service":"vtunova-api","timestamp":"2026-09-20 12:11:12"}
{"environment":"production","level":"info","message":"Notification formatted for type: loginAlert","service":"vtunova-api","timestamp":"2026-09-20 12:11:12"}
{"environment":"production","level":"info","message":"Notification formatted for type: loginAlert","service":"vtunova-api","timestamp":"2026-09-20 12:11:12"}
{"environment":"production","level":"info","message":"Notification formatted for type: loginAlert","service":"vtunova-api","timestamp":"2026-09-20 12:11:12"}
{"environment":"production","level":"info","message":"Cache hit for key: user:6aaf0a81cff5fc79f95008d6:notifications","service":"vtunova-api","timestamp":"2026-09-20 12:11:12"}
{"environment":"production","level":"info","message":"User login notification queued successfully","service":"vtunova-api","timestamp":"2026-09-20 12:11:16"}
{"environment":"production","level":"info","message":"[notif-worker] Processing job: loginAlert (id=230)","service":"vtunova-api","timestamp":"2026-09-20 12:11:17"}
{"environment":"production","level":"info","message":"[notif-worker] Job data: {\"userId\":\"6aaf0a81cff5fc79f95008d6\",\"type\":\"security\",\"ip\":\"::1\",\"device\":\"Mozilla/5.0 (Windows NT 10.0; Win64; x64) AppleWebKit/537.36 (KHTML, like Gecko) Chrome/153.0.0.0 Safari/537.36\",\"category\":\"loginAlert\"}","service":"vtunova-api","timestamp":"2026-09-20 12:11:17"}
{"environment":"production","level":"info","message":"[notif-worker] Processing login alert for user 6aaf0a81cff5fc79f95008d6","service":"vtunova-api","timestamp":"2026-09-20 12:11:17"}
{"environment":"production","level":"info","message":"[email-worker] Processing job: loginAlert (id=221)","service":"vtunova-api","timestamp":"2026-09-20 12:11:17"}
{"environment":"production","level":"info","message":"Notification created:","service":"vtunova-api","timestamp":"2026-09-20 12:11:17"}
{"environment":"production","level":"info","message":"Cache invalidated for key: user:6aaf0a81cff5fc79f95008d6:notifications","service":"vtunova-api","timestamp":"2026-09-20 12:11:17"}
{"environment":"production","level":"info","message":"[notif-worker] Job 230 completed successfully","service":"vtunova-api","timestamp":"2026-09-20 12:11:18"}
{"environment":"production","level":"info","message":"[email-worker] Job 221 completed","service":"vtunova-api","timestamp":"2026-09-20 12:11:18"}
{"environment":"production","level":"error","message":"Failed to invalidate cache for key: user:6aaf0a81cff5fc79f95008d6:notifications","service":"vtunova-api","timestamp":"2026-09-20 12:11:30"}
{"environment":"production","level":"error","message":"Failed to invalidate cache for key: user:6aaf0a81cff5fc79f95008d6:notifications","service":"vtunova-api","timestamp":"2026-09-20 12:11:30"}
{"environment":"production","level":"info","message":"Cache hit for key: user:6aaf0a81cff5fc79f95008d6:profile","service":"vtunova-api","timestamp":"2026-09-20 12:11:46"}
{"environment":"production","level":"error","message":"Error fetching profile for user 6aaf0a81cff5fc79f95008d6: Converting circular structure to JSON\n    --> starting at object with constructor 'Socket'\n    |     property 'parser' -> object with constructor 'HTTPParser'\n    --- property 'socket' closes the circle","service":"vtunova-api","timestamp":"2026-09-20 12:11:46"}
{"environment":"production","level":"error","message":"Failed to invalidate cache for key: user:6aaf0a81cff5fc79f95008d6:notifications","service":"vtunova-api","timestamp":"2026-09-20 12:11:47"}
{"environment":"production","level":"error","message":"Failed to invalidate cache for key: user:6aaf0a81cff5fc79f95008d6:notifications","service":"vtunova-api","timestamp":"2026-09-20 12:11:47"}
{"environment":"production","level":"info","message":"Cache hit for key: user:6aaf0a81cff5fc79f95008d6:transactions","service":"vtunova-api","timestamp":"2026-09-20 12:11:47"}
{"environment":"production","level":"info","message":"Notification formatted for type: loginAlert","service":"vtunova-api","timestamp":"2026-09-20 12:11:47"}
{"environment":"production","level":"info","message":"Notification formatted for type: loginAlert","service":"vtunova-api","timestamp":"2026-09-20 12:11:47"}
{"environment":"production","level":"info","message":"Notification formatted for type: loginAlert","service":"vtunova-api","timestamp":"2026-09-20 12:11:47"}
{"environment":"production","level":"info","message":"Notification formatted for type: loginAlert","service":"vtunova-api","timestamp":"2026-09-20 12:11:47"}
{"environment":"production","level":"info","message":"Notification formatted for type: loginAlert","service":"vtunova-api","timestamp":"2026-09-20 12:11:47"}
{"environment":"production","level":"info","message":"Notification formatted for type: loginAlert","service":"vtunova-api","timestamp":"2026-09-20 12:11:47"}
{"environment":"production","level":"info","message":"Notification formatted for type: loginAlert","service":"vtunova-api","timestamp":"2026-09-20 12:11:47"}
{"environment":"production","level":"info","message":"Cache miss for key: user:6aaf0a81cff5fc79f95008d6:notifications","service":"vtunova-api","timestamp":"2026-09-20 12:11:48"}
{"environment":"production","level":"info","message":"Cache set for key: user:6aaf0a81cff5fc79f95008d6:notifications","service":"vtunova-api","timestamp":"2026-09-20 12:11:48"}
{"environment":"production","level":"info","message":"Cache hit for key: user:6aaf0a81cff5fc79f95008d6:transactions","service":"vtunova-api","timestamp":"2026-09-20 12:11:49"}
{"environment":"production","level":"info","message":"Notification formatted for type: loginAlert","service":"vtunova-api","timestamp":"2026-09-20 12:11:49"}
{"environment":"production","level":"info","message":"Notification formatted for type: loginAlert","service":"vtunova-api","timestamp":"2026-09-20 12:11:49"}
{"environment":"production","level":"info","message":"Notification formatted for type: loginAlert","service":"vtunova-api","timestamp":"2026-09-20 12:11:49"}
{"environment":"production","level":"info","message":"Notification formatted for type: loginAlert","service":"vtunova-api","timestamp":"2026-09-20 12:11:49"}
{"environment":"production","level":"info","message":"Notification formatted for type: loginAlert","service":"vtunova-api","timestamp":"2026-09-20 12:11:49"}
{"environment":"production","level":"info","message":"Notification formatted for type: loginAlert","service":"vtunova-api","timestamp":"2026-09-20 12:11:49"}
{"environment":"production","level":"info","message":"Notification formatted for type: loginAlert","service":"vtunova-api","timestamp":"2026-09-20 12:11:49"}
{"environment":"production","level":"info","message":"Cache hit for key: user:6aaf0a81cff5fc79f95008d6:notifications","service":"vtunova-api","timestamp":"2026-09-20 12:11:49"}
{"environment":"production","level":"info","message":"Clearing cache for user 6aaf0a81cff5fc79f95008d6: deleted 3 key(s)","service":"vtunova-api","timestamp":"2026-09-20 12:18:44"}
{"environment":"production","level":"info","message":"Cache cleared for user 6aaf0a81cff5fc79f95008d6","service":"vtunova-api","timestamp":"2026-09-20 12:18:44"}
{"environment":"production","level":"info","message":"Cache miss for key: pending-registration:feroes86","service":"vtunova-api","timestamp":"2026-09-20 12:19:39"}
{"environment":"production","level":"info","message":"Cache set for key: otp:email_verification:bestie@gmail.com","service":"vtunova-api","timestamp":"2026-09-20 12:19:39"}
{"environment":"production","level":"info","message":"Cache set for key: pending-registration:feroes86","service":"vtunova-api","timestamp":"2026-09-20 12:19:39"}
{"environment":"production","level":"info","message":"Email transport ready via smtp.gmail.com","service":"vtunova-api","timestamp":"2026-09-20 12:22:58"}
{"environment":"production","level":"info","message":"Redis client connected","service":"vtunova-api","timestamp":"2026-09-20 12:23:02"}
{"environment":"production","level":"info","message":"Email transport ready via smtp.gmail.com","service":"vtunova-api","timestamp":"2026-09-20 12:23:05"}
{"environment":"production","level":"info","message":"Redis client connected","service":"vtunova-api","timestamp":"2026-09-20 12:23:09"}
{"environment":"production","level":"info","message":"SMTP connection veried","service":"vtunova-api","timestamp":"2026-09-20 12:23:16"}
{"environment":"production","level":"info","message":"Email listeners registered for 11 event type(s)","service":"vtunova-api","timestamp":"2026-09-20 12:23:16"}
{"environment":"production","level":"info","message":"Notification listeners registered for 13 event type(s)","service":"vtunova-api","timestamp":"2026-09-20 12:23:16"}
{"environment":"production","level":"info","message":"VtuNova Platform running on port 3000 [production]","service":"vtunova-api","timestamp":"2026-09-20 12:23:16"}
{"environment":"production","level":"info","message":"API Docs: http://localhost:3000/api","service":"vtunova-api","timestamp":"2026-09-20 12:23:16"}
{"environment":"production","level":"info","message":"Email transport ready via smtp.gmail.com","service":"vtunova-api","timestamp":"2026-09-20 12:28:15"}
{"environment":"production","level":"info","message":"Redis client connected","service":"vtunova-api","timestamp":"2026-09-20 12:28:21"}
{"environment":"production","level":"info","message":"SMTP connection veried","service":"vtunova-api","timestamp":"2026-09-20 12:28:32"}
{"environment":"production","level":"info","message":"Email listeners registered for 11 event type(s)","service":"vtunova-api","timestamp":"2026-09-20 12:28:32"}
{"environment":"production","level":"info","message":"Notification listeners registered for 13 event type(s)","service":"vtunova-api","timestamp":"2026-09-20 12:28:32"}
{"environment":"production","level":"info","message":"VtuNova Platform running on port 3000 [production]","service":"vtunova-api","timestamp":"2026-09-20 12:28:32"}
{"environment":"production","level":"info","message":"API Docs: http://localhost:3000/api","service":"vtunova-api","timestamp":"2026-09-20 12:28:32"}
{"code":"ECONNRESET","environment":"production","errno":-4077,"level":"error","message":"Redis Client Error read ECONNRESET","service":"vtunova-api","stack":"Error: read ECONNRESET\n    at TCP.onStreamRead (node:internal/stream_base_commons:216:20)","syscall":"read","timestamp":"2026-09-20 13:19:16"}
{"code":"ECONNRESET","environment":"production","errno":-4077,"level":"error","message":"[notif-worker] Worker error: read ECONNRESET","service":"vtunova-api","stack":"Error: read ECONNRESET\n    at TCP.onStreamRead (node:internal/stream_base_commons:216:20)","syscall":"read","timestamp":"2026-09-20 13:19:17"}
{"environment":"production","level":"info","message":"Redis client connected","service":"vtunova-api","timestamp":"2026-09-20 13:19:17"}
{"environment":"production","level":"info","message":"Cache miss for key: user:6aaf0a81cff5fc79f95008d6:profile","service":"vtunova-api","timestamp":"2026-09-20 13:19:56"}
{"environment":"production","level":"info","message":"Cache set for key: user:6aaf0a81cff5fc79f95008d6:profile","service":"vtunova-api","timestamp":"2026-09-20 13:19:57"}
{"environment":"production","level":"error","message":"Error fetching profile for user 6aaf0a81cff5fc79f95008d6: Converting circular structure to JSON\n    --> starting at object with constructor 'Socket'\n    |     property 'parser' -> object with constructor 'HTTPParser'\n    --- property 'socket' closes the circle","service":"vtunova-api","timestamp":"2026-09-20 13:19:57"}
{"environment":"production","level":"info","message":"Cache miss for key: user:6aaf0a81cff5fc79f95008d6:transactions","service":"vtunova-api","timestamp":"2026-09-20 13:20:01"}
{"environment":"production","level":"info","message":"Cache set for key: user:6aaf0a81cff5fc79f95008d6:transactions","service":"vtunova-api","timestamp":"2026-09-20 13:20:01"}
{"environment":"production","level":"info","message":"Cache set for user 6aaf0a81cff5fc79f95008d6","service":"vtunova-api","timestamp":"2026-09-20 13:20:01"}
{"environment":"production","level":"info","message":"Notification formatted for type: loginAlert","service":"vtunova-api","timestamp":"2026-09-20 13:20:02"}
{"environment":"production","level":"info","message":"Notification formatted for type: loginAlert","service":"vtunova-api","timestamp":"2026-09-20 13:20:02"}
{"environment":"production","level":"info","message":"Notification formatted for type: loginAlert","service":"vtunova-api","timestamp":"2026-09-20 13:20:02"}
{"environment":"production","level":"info","message":"Notification formatted for type: loginAlert","service":"vtunova-api","timestamp":"2026-09-20 13:20:02"}
{"environment":"production","level":"info","message":"Notification formatted for type: loginAlert","service":"vtunova-api","timestamp":"2026-09-20 13:20:02"}
{"environment":"production","level":"info","message":"Notification formatted for type: loginAlert","service":"vtunova-api","timestamp":"2026-09-20 13:20:02"}
{"environment":"production","level":"info","message":"Notification formatted for type: loginAlert","service":"vtunova-api","timestamp":"2026-09-20 13:20:02"}
{"environment":"production","level":"info","message":"Cache miss for key: user:6aaf0a81cff5fc79f95008d6:notifications","service":"vtunova-api","timestamp":"2026-09-20 13:20:02"}
{"environment":"production","level":"info","message":"Cache set for key: user:6aaf0a81cff5fc79f95008d6:notifications","service":"vtunova-api","timestamp":"2026-09-20 13:20:03"}
{"environment":"production","level":"info","message":"Cache hit for key: user:6aaf0a81cff5fc79f95008d6:transactions","service":"vtunova-api","timestamp":"2026-09-20 13:20:03"}
{"environment":"production","level":"info","message":"Notification formatted for type: loginAlert","service":"vtunova-api","timestamp":"2026-09-20 13:20:04"}
{"environment":"production","level":"info","message":"Notification formatted for type: loginAlert","service":"vtunova-api","timestamp":"2026-09-20 13:20:04"}
{"environment":"production","level":"info","message":"Notification formatted for type: loginAlert","service":"vtunova-api","timestamp":"2026-09-20 13:20:04"}
{"environment":"production","level":"info","message":"Notification formatted for type: loginAlert","service":"vtunova-api","timestamp":"2026-09-20 13:20:04"}
{"environment":"production","level":"info","message":"Notification formatted for type: loginAlert","service":"vtunova-api","timestamp":"2026-09-20 13:20:04"}
{"environment":"production","level":"info","message":"Notification formatted for type: loginAlert","service":"vtunova-api","timestamp":"2026-09-20 13:20:04"}
{"environment":"production","level":"info","message":"Notification formatted for type: loginAlert","service":"vtunova-api","timestamp":"2026-09-20 13:20:05"}
{"environment":"production","level":"info","message":"Cache hit for key: user:6aaf0a81cff5fc79f95008d6:notifications","service":"vtunova-api","timestamp":"2026-09-20 13:20:07"}
{"environment":"production","level":"info","message":"Cache miss for key: pending-registration:wmakxif9","service":"vtunova-api","timestamp":"2026-09-20 13:20:25"}
{"environment":"production","level":"info","message":"Cache set for key: otp:email_verification:bestie@gmail.com","service":"vtunova-api","timestamp":"2026-09-20 13:20:25"}
{"environment":"production","level":"info","message":"Cache set for key: pending-registration:wmakxif9","service":"vtunova-api","timestamp":"2026-09-20 13:20:26"}
{"environment":"production","level":"info","message":"Cache hit for key: pending-registration:wmakxif9","service":"vtunova-api","timestamp":"2026-09-20 13:21:04"}
{"environment":"production","level":"info","message":"Cache hit for key: otp:email_verification:bestie@gmail.com","service":"vtunova-api","timestamp":"2026-09-20 13:21:04"}
{"environment":"production","level":"info","message":"Cache invalidated for key: pending-registration:wmakxif9","service":"vtunova-api","timestamp":"2026-09-20 13:21:06"}
{"environment":"production","level":"error","message":"Failed to invalidate cache for key: user:6aafcfb12e0d12490cd64030:profile","service":"vtunova-api","timestamp":"2026-09-20 13:21:06"}
{"environment":"production","level":"info","message":"User registered: bestie@gmail.com","service":"vtunova-api","timestamp":"2026-09-20 13:21:06"}
{"environment":"production","level":"info","message":"User login notification queued successfully","service":"vtunova-api","timestamp":"2026-09-20 13:21:12"}
{"environment":"production","level":"info","message":"[notif-worker] Processing job: loginAlert (id=231)","service":"vtunova-api","timestamp":"2026-09-20 13:21:13"}
{"environment":"production","level":"info","message":"[notif-worker] Job data: {\"userId\":\"6aafcfb12e0d12490cd64030\",\"type\":\"security\",\"ip\":\"::1\",\"device\":\"Mozilla/5.0 (Windows NT 10.0; Win64; x64) AppleWebKit/537.36 (KHTML, like Gecko) Chrome/153.0.0.0 Safari/537.36\",\"category\":\"loginAlert\"}","service":"vtunova-api","timestamp":"2026-09-20 13:21:13"}
{"environment":"production","level":"info","message":"[notif-worker] Processing login alert for user 6aafcfb12e0d12490cd64030","service":"vtunova-api","timestamp":"2026-09-20 13:21:13"}
{"environment":"production","level":"info","message":"[email-worker] Processing job: loginAlert (id=222)","service":"vtunova-api","timestamp":"2026-09-20 13:21:13"}
{"environment":"production","level":"info","message":"Notification created:","service":"vtunova-api","timestamp":"2026-09-20 13:21:13"}
{"environment":"production","level":"error","message":"Failed to invalidate cache for key: user:6aafcfb12e0d12490cd64030:notifications","service":"vtunova-api","timestamp":"2026-09-20 13:21:13"}
{"environment":"production","level":"info","message":"[notif-worker] Job 231 completed successfully","service":"vtunova-api","timestamp":"2026-09-20 13:21:14"}
{"environment":"production","level":"info","message":"[email-worker] Job 222 completed","service":"vtunova-api","timestamp":"2026-09-20 13:21:16"}
{"environment":"production","level":"info","message":"Cache miss for key: user:6aafcfb12e0d12490cd64030:profile","service":"vtunova-api","timestamp":"2026-09-20 13:21:24"}
{"environment":"production","level":"info","message":"Cache set for key: user:6aafcfb12e0d12490cd64030:profile","service":"vtunova-api","timestamp":"2026-09-20 13:21:25"}
{"environment":"production","level":"error","message":"Error fetching profile for user 6aafcfb12e0d12490cd64030: Converting circular structure to JSON\n    --> starting at object with constructor 'Socket'\n    |     property 'parser' -> object with constructor 'HTTPParser'\n    --- property 'socket' closes the circle","service":"vtunova-api","timestamp":"2026-09-20 13:21:25"}
{"environment":"production","level":"info","message":"Cache miss for key: user:6aafcfb12e0d12490cd64030:transactions","service":"vtunova-api","timestamp":"2026-09-20 13:21:29"}
{"environment":"production","level":"info","message":"Cache set for key: user:6aafcfb12e0d12490cd64030:transactions","service":"vtunova-api","timestamp":"2026-09-20 13:21:29"}
{"environment":"production","level":"info","message":"Cache set for user 6aafcfb12e0d12490cd64030","service":"vtunova-api","timestamp":"2026-09-20 13:21:29"}
{"environment":"production","level":"info","message":"Notification formatted for type: loginAlert","service":"vtunova-api","timestamp":"2026-09-20 13:21:30"}
{"environment":"production","level":"info","message":"Cache miss for key: user:6aafcfb12e0d12490cd64030:notifications","service":"vtunova-api","timestamp":"2026-09-20 13:21:30"}
{"environment":"production","level":"info","message":"Cache set for key: user:6aafcfb12e0d12490cd64030:notifications","service":"vtunova-api","timestamp":"2026-09-20 13:21:31"}
{"environment":"production","level":"info","message":"Cache hit for key: user:6aafcfb12e0d12490cd64030:transactions","service":"vtunova-api","timestamp":"2026-09-20 13:21:31"}
{"environment":"production","level":"info","message":"Notification formatted for type: loginAlert","service":"vtunova-api","timestamp":"2026-09-20 13:21:32"}
{"environment":"production","level":"info","message":"Cache hit for key: user:6aafcfb12e0d12490cd64030:notifications","service":"vtunova-api","timestamp":"2026-09-20 13:21:32"}
{"environment":"production","level":"info","message":"Email transport ready via smtp.gmail.com","service":"vtunova-api","timestamp":"2026-09-20 14:26:43"}
{"environment":"production","level":"info","message":"Redis client connected","service":"vtunova-api","timestamp":"2026-09-20 14:27:02"}
{"environment":"production","level":"info","message":"SMTP connection veried","service":"vtunova-api","timestamp":"2026-09-20 14:27:12"}
{"environment":"production","level":"info","message":"Email listeners registered for 11 event type(s)","service":"vtunova-api","timestamp":"2026-09-20 14:27:12"}
{"environment":"production","level":"info","message":"Notification listeners registered for 13 event type(s)","service":"vtunova-api","timestamp":"2026-09-20 14:27:12"}
{"environment":"production","level":"info","message":"VtuNova Platform running on port 3000 [production]","service":"vtunova-api","timestamp":"2026-09-20 14:27:12"}
{"environment":"production","level":"info","message":"API Docs: http://localhost:3000/api","service":"vtunova-api","timestamp":"2026-09-20 14:27:12"}
{"environment":"production","level":"info","message":"Cache miss for key: pending-registration:mamca2lj","service":"vtunova-api","timestamp":"2026-09-20 14:28:37"}
{"environment":"production","level":"info","message":"Cache set for key: otp:email_verification:michaelanazodo2024@gmail.com","service":"vtunova-api","timestamp":"2026-09-20 14:28:37"}
{"environment":"production","level":"info","message":"Cache set for key: pending-registration:mamca2lj","service":"vtunova-api","timestamp":"2026-09-20 14:28:37"}
{"environment":"production","level":"info","message":"Cache hit for key: pending-registration:mamca2lj","service":"vtunova-api","timestamp":"2026-09-20 14:29:36"}
{"environment":"production","level":"info","message":"Cache hit for key: otp:email_verification:michaelanazodo2024@gmail.com","service":"vtunova-api","timestamp":"2026-09-20 14:29:36"}
{"environment":"production","level":"info","message":"Cache invalidated for key: pending-registration:mamca2lj","service":"vtunova-api","timestamp":"2026-09-20 14:29:37"}
{"environment":"production","level":"error","message":"Failed to invalidate cache for key: user:6aafdfc1d13727f3d0cced82:profile","service":"vtunova-api","timestamp":"2026-09-20 14:29:38"}
{"environment":"production","level":"info","message":"User registered: michaelanazodo2024@gmail.com","service":"vtunova-api","timestamp":"2026-09-20 14:29:38"}
{"environment":"production","level":"info","message":"User login notification queued successfully","service":"vtunova-api","timestamp":"2026-09-20 14:29:42"}
{"environment":"production","level":"info","message":"[notif-worker] Processing job: loginAlert (id=232)","service":"vtunova-api","timestamp":"2026-09-20 14:29:42"}
{"environment":"production","level":"info","message":"[notif-worker] Job data: {\"userId\":\"6aafdfc1d13727f3d0cced82\",\"type\":\"security\",\"ip\":\"::1\",\"device\":\"Mozilla/5.0 (Windows NT 10.0; Win64; x64) AppleWebKit/537.36 (KHTML, like Gecko) Chrome/153.0.0.0 Safari/537.36\",\"category\":\"loginAlert\"}","service":"vtunova-api","timestamp":"2026-09-20 14:29:42"}
{"environment":"production","level":"info","message":"[notif-worker] Processing login alert for user 6aafdfc1d13727f3d0cced82","service":"vtunova-api","timestamp":"2026-09-20 14:29:42"}
{"environment":"production","level":"info","message":"Notification created:","service":"vtunova-api","timestamp":"2026-09-20 14:29:43"}
{"environment":"production","level":"error","message":"Failed to invalidate cache for key: user:6aafdfc1d13727f3d0cced82:notifications","service":"vtunova-api","timestamp":"2026-09-20 14:29:43"}
{"environment":"production","level":"info","message":"[email-worker] Processing job: loginAlert (id=223)","service":"vtunova-api","timestamp":"2026-09-20 14:29:43"}
{"environment":"production","level":"info","message":"[notif-worker] Job 232 completed successfully","service":"vtunova-api","timestamp":"2026-09-20 14:29:43"}
{"environment":"production","level":"info","message":"[email-worker] Job 223 completed","service":"vtunova-api","timestamp":"2026-09-20 14:29:44"}
{"environment":"production","level":"error","message":"Failed to invalidate cache for key: user:6aafdfc1d13727f3d0cced82:transactions","service":"vtunova-api","timestamp":"2026-09-20 14:34:38"}
{"environment":"production","level":"info","message":"Cache invalidated for user 6aafdfc1d13727f3d0cced82","service":"vtunova-api","timestamp":"2026-09-20 14:34:38"}
{"environment":"production","level":"info","message":"Transaction saved to DB","service":"vtunova-api","timestamp":"2026-09-20 14:34:38"}
{"environment":"production","level":"info","message":"Cache miss for key: user:6aafdfc1d13727f3d0cced82:profile","service":"vtunova-api","timestamp":"2026-09-20 14:34:49"}
{"environment":"production","level":"info","message":"Cache set for key: user:6aafdfc1d13727f3d0cced82:profile","service":"vtunova-api","timestamp":"2026-09-20 14:34:49"}
{"environment":"production","level":"error","message":"Error fetching profile for user 6aafdfc1d13727f3d0cced82: Converting circular structure to JSON\n    --> starting at object with constructor 'Socket'\n    |     property 'parser' -> object with constructor 'HTTPParser'\n    --- property 'socket' closes the circle","service":"vtunova-api","timestamp":"2026-09-20 14:34:49"}
{"environment":"production","level":"info","message":"Cache miss for key: user:6aafdfc1d13727f3d0cced82:transactions","service":"vtunova-api","timestamp":"2026-09-20 14:34:50"}
{"environment":"production","level":"info","message":"Cache set for key: user:6aafdfc1d13727f3d0cced82:transactions","service":"vtunova-api","timestamp":"2026-09-20 14:34:50"}
{"environment":"production","level":"info","message":"Cache set for user 6aafdfc1d13727f3d0cced82","service":"vtunova-api","timestamp":"2026-09-20 14:34:50"}
{"environment":"production","level":"info","message":"Notification formatted for type: loginAlert","service":"vtunova-api","timestamp":"2026-09-20 14:34:51"}
{"environment":"production","level":"info","message":"Cache miss for key: user:6aafdfc1d13727f3d0cced82:notifications","service":"vtunova-api","timestamp":"2026-09-20 14:34:51"}
{"environment":"production","level":"info","message":"Cache set for key: user:6aafdfc1d13727f3d0cced82:notifications","service":"vtunova-api","timestamp":"2026-09-20 14:34:51"}
{"environment":"production","level":"info","message":"Cache hit for key: user:6aafdfc1d13727f3d0cced82:transactions","service":"vtunova-api","timestamp":"2026-09-20 14:34:52"}
{"environment":"production","level":"info","message":"Notification formatted for type: loginAlert","service":"vtunova-api","timestamp":"2026-09-20 14:34:52"}
{"environment":"production","level":"info","message":"Cache hit for key: user:6aafdfc1d13727f3d0cced82:notifications","service":"vtunova-api","timestamp":"2026-09-20 14:34:52"}
{"environment":"production","level":"info","message":"Cache invalidated for key: user:6aafdfc1d13727f3d0cced82:notifications","service":"vtunova-api","timestamp":"2026-09-20 14:35:02"}
{"environment":"production","level":"error","message":"Failed to invalidate cache for key: user:6aafdfc1d13727f3d0cced82:notifications","service":"vtunova-api","timestamp":"2026-09-20 14:35:02"}
{"environment":"production","level":"info","message":"Cache hit for key: user:6aafdfc1d13727f3d0cced82:profile","service":"vtunova-api","timestamp":"2026-09-20 14:35:06"}
{"environment":"production","level":"error","message":"Error fetching profile for user 6aafdfc1d13727f3d0cced82: Converting circular structure to JSON\n    --> starting at object with constructor 'Socket'\n    |     property 'parser' -> object with constructor 'HTTPParser'\n    --- property 'socket' closes the circle","service":"vtunova-api","timestamp":"2026-09-20 14:35:06"}
{"environment":"production","level":"info","message":"Cache hit for key: user:6aafdfc1d13727f3d0cced82:transactions","service":"vtunova-api","timestamp":"2026-09-20 14:35:07"}
{"environment":"production","level":"error","message":"Failed to invalidate cache for key: user:6aafdfc1d13727f3d0cced82:notifications","service":"vtunova-api","timestamp":"2026-09-20 14:35:07"}
{"environment":"production","level":"error","message":"Failed to invalidate cache for key: user:6aafdfc1d13727f3d0cced82:notifications","service":"vtunova-api","timestamp":"2026-09-20 14:35:07"}
{"environment":"production","level":"info","message":"Notification formatted for type: loginAlert","service":"vtunova-api","timestamp":"2026-09-20 14:35:07"}
{"environment":"production","level":"info","message":"Cache miss for key: user:6aafdfc1d13727f3d0cced82:notifications","service":"vtunova-api","timestamp":"2026-09-20 14:35:07"}
{"environment":"production","level":"info","message":"Cache set for key: user:6aafdfc1d13727f3d0cced82:notifications","service":"vtunova-api","timestamp":"2026-09-20 14:35:08"}
{"environment":"production","level":"info","message":"Cache hit for key: user:6aafdfc1d13727f3d0cced82:transactions","service":"vtunova-api","timestamp":"2026-09-20 14:35:08"}
{"environment":"production","level":"info","message":"Notification formatted for type: loginAlert","service":"vtunova-api","timestamp":"2026-09-20 14:35:09"}
{"environment":"production","level":"info","message":"Cache hit for key: user:6aafdfc1d13727f3d0cced82:notifications","service":"vtunova-api","timestamp":"2026-09-20 14:35:10"}
{"code":"ENOTFOUND","environment":"production","errno":-3008,"hostname":"ultraviolet-oliveish-error-87927.db.redis.io","level":"error","message":"[notif-worker] Worker error: getaddrinfo ENOTFOUND ultraviolet-oliveish-error-87927.db.redis.io","service":"vtunova-api","stack":"Error: getaddrinfo ENOTFOUND ultraviolet-oliveish-error-87927.db.redis.io\n    at GetAddrInfoReqWrap.onlookupall [as oncomplete] (node:dns:122:26)","syscall":"getaddrinfo","timestamp":"2026-09-20 17:42:01"}
{"code":"ENOTFOUND","environment":"production","errno":-3008,"hostname":"ultraviolet-oliveish-error-87927.db.redis.io","level":"error","message":"[notif-worker] Worker error: getaddrinfo ENOTFOUND ultraviolet-oliveish-error-87927.db.redis.io","service":"vtunova-api","stack":"Error: getaddrinfo ENOTFOUND ultraviolet-oliveish-error-87927.db.redis.io\n    at GetAddrInfoReqWrap.onlookupall [as oncomplete] (node:dns:122:26)","syscall":"getaddrinfo","timestamp":"2026-09-20 17:42:02"}
{"code":"ENOTFOUND","environment":"production","errno":-3008,"hostname":"ultraviolet-oliveish-error-87927.db.redis.io","level":"error","message":"[notif-worker] Worker error: getaddrinfo ENOTFOUND ultraviolet-oliveish-error-87927.db.redis.io","service":"vtunova-api","stack":"Error: getaddrinfo ENOTFOUND ultraviolet-oliveish-error-87927.db.redis.io\n    at GetAddrInfoReqWrap.onlookupall [as oncomplete] (node:dns:122:26)","syscall":"getaddrinfo","timestamp":"2026-09-20 17:42:03"}
{"code":"ENOTFOUND","environment":"production","errno":-3008,"hostname":"ultraviolet-oliveish-error-87927.db.redis.io","level":"error","message":"[notif-worker] Worker error: getaddrinfo ENOTFOUND ultraviolet-oliveish-error-87927.db.redis.io","service":"vtunova-api","stack":"Error: getaddrinfo ENOTFOUND ultraviolet-oliveish-error-87927.db.redis.io\n    at GetAddrInfoReqWrap.onlookupall [as oncomplete] (node:dns:122:26)","syscall":"getaddrinfo","timestamp":"2026-09-20 17:42:04"}
{"code":"ENOTFOUND","environment":"production","errno":-3008,"hostname":"ultraviolet-oliveish-error-87927.db.redis.io","level":"error","message":"[notif-worker] Worker error: getaddrinfo ENOTFOUND ultraviolet-oliveish-error-87927.db.redis.io","service":"vtunova-api","stack":"Error: getaddrinfo ENOTFOUND ultraviolet-oliveish-error-87927.db.redis.io\n    at GetAddrInfoReqWrap.onlookupall [as oncomplete] (node:dns:122:26)","syscall":"getaddrinfo","timestamp":"2026-09-20 17:42:05"}
{"code":"ENOTFOUND","environment":"production","errno":-3008,"hostname":"ultraviolet-oliveish-error-87927.db.redis.io","level":"error","message":"[notif-worker] Worker error: getaddrinfo ENOTFOUND ultraviolet-oliveish-error-87927.db.redis.io","service":"vtunova-api","stack":"Error: getaddrinfo ENOTFOUND ultraviolet-oliveish-error-87927.db.redis.io\n    at GetAddrInfoReqWrap.onlookupall [as oncomplete] (node:dns:122:26)","syscall":"getaddrinfo","timestamp":"2026-09-20 17:42:07"}
{"code":"ECONNRESET","environment":"production","errno":-4077,"level":"error","message":"[notif-worker] Worker error: read ECONNRESET","service":"vtunova-api","stack":"Error: read ECONNRESET\n    at TCP.onStreamRead (node:internal/stream_base_commons:216:20)","syscall":"read","timestamp":"2026-09-20 17:42:07"}
{"code":"ECONNRESET","environment":"production","errno":-4077,"level":"error","message":"Redis Client Error read ECONNRESET","service":"vtunova-api","stack":"Error: read ECONNRESET\n    at TCP.onStreamRead (node:internal/stream_base_commons:216:20)","syscall":"read","timestamp":"2026-09-20 17:42:07"}
{"code":"ENOTFOUND","environment":"production","errno":-3008,"hostname":"ultraviolet-oliveish-error-87927.db.redis.io","level":"error","message":"Redis Client Error getaddrinfo ENOTFOUND ultraviolet-oliveish-error-87927.db.redis.io","service":"vtunova-api","stack":"Error: getaddrinfo ENOTFOUND ultraviolet-oliveish-error-87927.db.redis.io\n    at GetAddrInfoReqWrap.onlookupall [as oncomplete] (node:dns:122:26)","syscall":"getaddrinfo","timestamp":"2026-09-20 17:42:07"}
{"environment":"production","level":"info","message":"Redis client connected","service":"vtunova-api","timestamp":"2026-09-20 17:42:08"}
{"code":"ECONNRESET","environment":"production","errno":-4077,"level":"error","message":"Redis Client Error read ECONNRESET","service":"vtunova-api","stack":"Error: read ECONNRESET\n    at TCP.onStreamRead (node:internal/stream_base_commons:216:20)","syscall":"read","timestamp":"2026-09-20 19:58:57"}
{"environment":"production","level":"info","message":"Redis client connected","service":"vtunova-api","timestamp":"2026-09-20 19:58:57"}
{"code":"ECONNRESET","environment":"production","errno":-4077,"level":"error","message":"[notif-worker] Worker error: read ECONNRESET","service":"vtunova-api","stack":"Error: read ECONNRESET\n    at TCP.onStreamRead (node:internal/stream_base_commons:216:20)","syscall":"read","timestamp":"2026-09-20 19:59:06"}
{"environment":"production","level":"info","message":"Cache hit for key: user:6aafdfc1d13727f3d0cced82:profile","service":"vtunova-api","timestamp":"2026-09-20 19:59:38"}
{"environment":"production","level":"error","message":"Error fetching profile for user 6aafdfc1d13727f3d0cced82: Converting circular structure to JSON\n    --> starting at object with constructor 'Socket'\n    |     property 'parser' -> object with constructor 'HTTPParser'\n    --- property 'socket' closes the circle","service":"vtunova-api","timestamp":"2026-09-20 19:59:38"}
{"environment":"production","level":"info","message":"Cache hit for key: user:6aafdfc1d13727f3d0cced82:transactions","service":"vtunova-api","timestamp":"2026-09-20 19:59:40"}
{"environment":"production","level":"info","message":"Notification formatted for type: loginAlert","service":"vtunova-api","timestamp":"2026-09-20 19:59:40"}
{"environment":"production","level":"info","message":"Cache hit for key: user:6aafdfc1d13727f3d0cced82:notifications","service":"vtunova-api","timestamp":"2026-09-20 19:59:41"}
{"environment":"production","level":"info","message":"Cache hit for key: user:6aafdfc1d13727f3d0cced82:transactions","service":"vtunova-api","timestamp":"2026-09-20 19:59:41"}
{"environment":"production","level":"info","message":"Notification formatted for type: loginAlert","service":"vtunova-api","timestamp":"2026-09-20 19:59:41"}
{"environment":"production","level":"info","message":"Cache hit for key: user:6aafdfc1d13727f3d0cced82:notifications","service":"vtunova-api","timestamp":"2026-09-20 19:59:42"}
{"code":"ECONNRESET","environment":"production","errno":-4077,"level":"error","message":"Redis Client Error read ECONNRESET","service":"vtunova-api","stack":"Error: read ECONNRESET\n    at TCP.onStreamRead (node:internal/stream_base_commons:216:20)","syscall":"read","timestamp":"2026-09-20 20:07:55"}
{"code":"ETIMEDOUT","environment":"production","errorno":"ETIMEDOUT","level":"error","message":"[notif-worker] Worker error: connect ETIMEDOUT","service":"vtunova-api","stack":"Error: connect ETIMEDOUT\n    at Socket.<anonymous> (C:\\Users\\HomePC\\VtuNova-Backend_v1\\node_modules\\ioredis\\built\\Redis.js:196:41)\n    at Object.onceWrapper (node:events:622:28)\n    at Socket.emit (node:events:508:28)\n    at Socket._onTimeout (node:net:604:8)\n    at listOnTimeout (node:internal/timers:605:17)\n    at process.processTimers (node:internal/timers:541:7)","syscall":"connect","timestamp":"2026-09-20 20:07:57"}
{"code":"ENOTFOUND","environment":"production","errno":-3008,"hostname":"ultraviolet-oliveish-error-87927.db.redis.io","level":"error","message":"Redis Client Error getaddrinfo ENOTFOUND ultraviolet-oliveish-error-87927.db.redis.io","service":"vtunova-api","stack":"Error: getaddrinfo ENOTFOUND ultraviolet-oliveish-error-87927.db.redis.io\n    at GetAddrInfoReqWrap.onlookupall [as oncomplete] (node:dns:122:26)","syscall":"getaddrinfo","timestamp":"2026-09-20 20:07:59"}
{"code":"ENOTFOUND","environment":"production","errno":-3008,"hostname":"ultraviolet-oliveish-error-87927.db.redis.io","level":"error","message":"[notif-worker] Worker error: getaddrinfo ENOTFOUND ultraviolet-oliveish-error-87927.db.redis.io","service":"vtunova-api","stack":"Error: getaddrinfo ENOTFOUND ultraviolet-oliveish-error-87927.db.redis.io\n    at GetAddrInfoReqWrap.onlookupall [as oncomplete] (node:dns:122:26)","syscall":"getaddrinfo","timestamp":"2026-09-20 20:07:59"}
{"code":"ENOTFOUND","environment":"production","errno":-3008,"hostname":"ultraviolet-oliveish-error-87927.db.redis.io","level":"error","message":"Redis Client Error getaddrinfo ENOTFOUND ultraviolet-oliveish-error-87927.db.redis.io","service":"vtunova-api","stack":"Error: getaddrinfo ENOTFOUND ultraviolet-oliveish-error-87927.db.redis.io\n    at GetAddrInfoReqWrap.onlookupall [as oncomplete] (node:dns:122:26)","syscall":"getaddrinfo","timestamp":"2026-09-20 20:07:59"}
{"code":"ENOTFOUND","environment":"production","errno":-3008,"hostname":"ultraviolet-oliveish-error-87927.db.redis.io","level":"error","message":"Redis Client Error getaddrinfo ENOTFOUND ultraviolet-oliveish-error-87927.db.redis.io","service":"vtunova-api","stack":"Error: getaddrinfo ENOTFOUND ultraviolet-oliveish-error-87927.db.redis.io\n    at GetAddrInfoReqWrap.onlookupall [as oncomplete] (node:dns:122:26)","syscall":"getaddrinfo","timestamp":"2026-09-20 20:07:59"}
{"code":"ENOTFOUND","environment":"production","errno":-3008,"hostname":"ultraviolet-oliveish-error-87927.db.redis.io","level":"error","message":"Redis Client Error getaddrinfo ENOTFOUND ultraviolet-oliveish-error-87927.db.redis.io","service":"vtunova-api","stack":"Error: getaddrinfo ENOTFOUND ultraviolet-oliveish-error-87927.db.redis.io\n    at GetAddrInfoReqWrap.onlookupall [as oncomplete] (node:dns:122:26)","syscall":"getaddrinfo","timestamp":"2026-09-20 20:07:59"}
{"code":"ENOTFOUND","environment":"production","errno":-3008,"hostname":"ultraviolet-oliveish-error-87927.db.redis.io","level":"error","message":"[notif-worker] Worker error: getaddrinfo ENOTFOUND ultraviolet-oliveish-error-87927.db.redis.io","service":"vtunova-api","stack":"Error: getaddrinfo ENOTFOUND ultraviolet-oliveish-error-87927.db.redis.io\n    at GetAddrInfoReqWrap.onlookupall [as oncomplete] (node:dns:122:26)","syscall":"getaddrinfo","timestamp":"2026-09-20 20:08:00"}
{"code":"ENOTFOUND","environment":"production","errno":-3008,"hostname":"ultraviolet-oliveish-error-87927.db.redis.io","level":"error","message":"Redis Client Error getaddrinfo ENOTFOUND ultraviolet-oliveish-error-87927.db.redis.io","service":"vtunova-api","stack":"Error: getaddrinfo ENOTFOUND ultraviolet-oliveish-error-87927.db.redis.io\n    at GetAddrInfoReqWrap.onlookupall [as oncomplete] (node:dns:122:26)","syscall":"getaddrinfo","timestamp":"2026-09-20 20:08:00"}
{"code":"ENOTFOUND","environment":"production","errno":-3008,"hostname":"ultraviolet-oliveish-error-87927.db.redis.io","level":"error","message":"[notif-worker] Worker error: getaddrinfo ENOTFOUND ultraviolet-oliveish-error-87927.db.redis.io","service":"vtunova-api","stack":"Error: getaddrinfo ENOTFOUND ultraviolet-oliveish-error-87927.db.redis.io\n    at GetAddrInfoReqWrap.onlookupall [as oncomplete] (node:dns:122:26)","syscall":"getaddrinfo","timestamp":"2026-09-20 20:08:01"}
{"code":"ENOTFOUND","environment":"production","errno":-3008,"hostname":"ultraviolet-oliveish-error-87927.db.redis.io","level":"error","message":"Redis Client Error getaddrinfo ENOTFOUND ultraviolet-oliveish-error-87927.db.redis.io","service":"vtunova-api","stack":"Error: getaddrinfo ENOTFOUND ultraviolet-oliveish-error-87927.db.redis.io\n    at GetAddrInfoReqWrap.onlookupall [as oncomplete] (node:dns:122:26)","syscall":"getaddrinfo","timestamp":"2026-09-20 20:08:01"}
{"code":"ENOTFOUND","environment":"production","errno":-3008,"hostname":"ultraviolet-oliveish-error-87927.db.redis.io","level":"error","message":"[notif-worker] Worker error: getaddrinfo ENOTFOUND ultraviolet-oliveish-error-87927.db.redis.io","service":"vtunova-api","stack":"Error: getaddrinfo ENOTFOUND ultraviolet-oliveish-error-87927.db.redis.io\n    at GetAddrInfoReqWrap.onlookupall [as oncomplete] (node:dns:122:26)","syscall":"getaddrinfo","timestamp":"2026-09-20 20:08:02"}
{"code":"ENOTFOUND","environment":"production","errno":-3008,"hostname":"ultraviolet-oliveish-error-87927.db.redis.io","level":"error","message":"Redis Client Error getaddrinfo ENOTFOUND ultraviolet-oliveish-error-87927.db.redis.io","service":"vtunova-api","stack":"Error: getaddrinfo ENOTFOUND ultraviolet-oliveish-error-87927.db.redis.io\n    at GetAddrInfoReqWrap.onlookupall [as oncomplete] (node:dns:122:26)","syscall":"getaddrinfo","timestamp":"2026-09-20 20:08:03"}
{"code":"ENOTFOUND","environment":"production","errno":-3008,"hostname":"ultraviolet-oliveish-error-87927.db.redis.io","level":"error","message":"[notif-worker] Worker error: getaddrinfo ENOTFOUND ultraviolet-oliveish-error-87927.db.redis.io","service":"vtunova-api","stack":"Error: getaddrinfo ENOTFOUND ultraviolet-oliveish-error-87927.db.redis.io\n    at GetAddrInfoReqWrap.onlookupall [as oncomplete] (node:dns:122:26)","syscall":"getaddrinfo","timestamp":"2026-09-20 20:08:03"}
{"code":"ENOTFOUND","environment":"production","errno":-3008,"hostname":"ultraviolet-oliveish-error-87927.db.redis.io","level":"error","message":"[notif-worker] Worker error: getaddrinfo ENOTFOUND ultraviolet-oliveish-error-87927.db.redis.io","service":"vtunova-api","stack":"Error: getaddrinfo ENOTFOUND ultraviolet-oliveish-error-87927.db.redis.io\n    at GetAddrInfoReqWrap.onlookupall [as oncomplete] (node:dns:122:26)","syscall":"getaddrinfo","timestamp":"2026-09-20 20:08:05"}
{"code":"ENOTFOUND","environment":"production","errno":-3008,"hostname":"ultraviolet-oliveish-error-87927.db.redis.io","level":"error","message":"Redis Client Error getaddrinfo ENOTFOUND ultraviolet-oliveish-error-87927.db.redis.io","service":"vtunova-api","stack":"Error: getaddrinfo ENOTFOUND ultraviolet-oliveish-error-87927.db.redis.io\n    at GetAddrInfoReqWrap.onlookupall [as oncomplete] (node:dns:122:26)","syscall":"getaddrinfo","timestamp":"2026-09-20 20:08:05"}
{"code":"ENOTFOUND","environment":"production","errno":-3008,"hostname":"ultraviolet-oliveish-error-87927.db.redis.io","level":"error","message":"[notif-worker] Worker error: getaddrinfo ENOTFOUND ultraviolet-oliveish-error-87927.db.redis.io","service":"vtunova-api","stack":"Error: getaddrinfo ENOTFOUND ultraviolet-oliveish-error-87927.db.redis.io\n    at GetAddrInfoReqWrap.onlookupall [as oncomplete] (node:dns:122:26)","syscall":"getaddrinfo","timestamp":"2026-09-20 20:08:06"}
{"code":"ENOTFOUND","environment":"production","errno":-3008,"hostname":"ultraviolet-oliveish-error-87927.db.redis.io","level":"error","message":"Redis Client Error getaddrinfo ENOTFOUND ultraviolet-oliveish-error-87927.db.redis.io","service":"vtunova-api","stack":"Error: getaddrinfo ENOTFOUND ultraviolet-oliveish-error-87927.db.redis.io\n    at GetAddrInfoReqWrap.onlookupall [as oncomplete] (node:dns:122:26)","syscall":"getaddrinfo","timestamp":"2026-09-20 20:08:08"}
{"code":"ENOTFOUND","environment":"production","errno":-3008,"hostname":"ultraviolet-oliveish-error-87927.db.redis.io","level":"error","message":"[notif-worker] Worker error: getaddrinfo ENOTFOUND ultraviolet-oliveish-error-87927.db.redis.io","service":"vtunova-api","stack":"Error: getaddrinfo ENOTFOUND ultraviolet-oliveish-error-87927.db.redis.io\n    at GetAddrInfoReqWrap.onlookupall [as oncomplete] (node:dns:122:26)","syscall":"getaddrinfo","timestamp":"2026-09-20 20:08:09"}
{"code":"ENOTFOUND","environment":"production","errno":-3008,"hostname":"ultraviolet-oliveish-error-87927.db.redis.io","level":"error","message":"Redis Client Error getaddrinfo ENOTFOUND ultraviolet-oliveish-error-87927.db.redis.io","service":"vtunova-api","stack":"Error: getaddrinfo ENOTFOUND ultraviolet-oliveish-error-87927.db.redis.io\n    at GetAddrInfoReqWrap.onlookupall [as oncomplete] (node:dns:122:26)","syscall":"getaddrinfo","timestamp":"2026-09-20 20:08:10"}
{"code":"ENOTFOUND","environment":"production","errno":-3008,"hostname":"ultraviolet-oliveish-error-87927.db.redis.io","level":"error","message":"Redis Client Error getaddrinfo ENOTFOUND ultraviolet-oliveish-error-87927.db.redis.io","service":"vtunova-api","stack":"Error: getaddrinfo ENOTFOUND ultraviolet-oliveish-error-87927.db.redis.io\n    at GetAddrInfoReqWrap.onlookupall [as oncomplete] (node:dns:122:26)","syscall":"getaddrinfo","timestamp":"2026-09-20 20:08:12"}
{"code":"ENOTFOUND","environment":"production","errno":-3008,"hostname":"ultraviolet-oliveish-error-87927.db.redis.io","level":"error","message":"Redis Client Error getaddrinfo ENOTFOUND ultraviolet-oliveish-error-87927.db.redis.io","service":"vtunova-api","stack":"Error: getaddrinfo ENOTFOUND ultraviolet-oliveish-error-87927.db.redis.io\n    at GetAddrInfoReqWrap.onlookupall [as oncomplete] (node:dns:122:26)","syscall":"getaddrinfo","timestamp":"2026-09-20 20:08:14"}
{"code":"ENOTFOUND","environment":"production","errno":-3008,"hostname":"ultraviolet-oliveish-error-87927.db.redis.io","level":"error","message":"Redis Client Error getaddrinfo ENOTFOUND ultraviolet-oliveish-error-87927.db.redis.io","service":"vtunova-api","stack":"Error: getaddrinfo ENOTFOUND ultraviolet-oliveish-error-87927.db.redis.io\n    at GetAddrInfoReqWrap.onlookupall [as oncomplete] (node:dns:122:26)","syscall":"getaddrinfo","timestamp":"2026-09-20 20:08:16"}
{"code":"ECONNRESET","environment":"production","errno":-4077,"level":"error","message":"[notif-worker] Worker error: read ECONNRESET","service":"vtunova-api","stack":"Error: read ECONNRESET\n    at TCP.onStreamRead (node:internal/stream_base_commons:216:20)","syscall":"read","timestamp":"2026-09-20 20:08:17"}
{"code":"ENOTFOUND","environment":"production","errno":-3008,"hostname":"ultraviolet-oliveish-error-87927.db.redis.io","level":"error","message":"[notif-worker] Worker error: getaddrinfo ENOTFOUND ultraviolet-oliveish-error-87927.db.redis.io","service":"vtunova-api","stack":"Error: getaddrinfo ENOTFOUND ultraviolet-oliveish-error-87927.db.redis.io\n    at GetAddrInfoReqWrap.onlookupall [as oncomplete] (node:dns:122:26)","syscall":"getaddrinfo","timestamp":"2026-09-20 20:08:17"}
{"code":"ENOTFOUND","environment":"production","errno":-3008,"hostname":"ultraviolet-oliveish-error-87927.db.redis.io","level":"error","message":"[notif-worker] Worker error: getaddrinfo ENOTFOUND ultraviolet-oliveish-error-87927.db.redis.io","service":"vtunova-api","stack":"Error: getaddrinfo ENOTFOUND ultraviolet-oliveish-error-87927.db.redis.io\n    at GetAddrInfoReqWrap.onlookupall [as oncomplete] (node:dns:122:26)","syscall":"getaddrinfo","timestamp":"2026-09-20 20:08:18"}
{"code":"ENOTFOUND","environment":"production","errno":-3008,"hostname":"ultraviolet-oliveish-error-87927.db.redis.io","level":"error","message":"Redis Client Error getaddrinfo ENOTFOUND ultraviolet-oliveish-error-87927.db.redis.io","service":"vtunova-api","stack":"Error: getaddrinfo ENOTFOUND ultraviolet-oliveish-error-87927.db.redis.io\n    at GetAddrInfoReqWrap.onlookupall [as oncomplete] (node:dns:122:26)","syscall":"getaddrinfo","timestamp":"2026-09-20 20:08:18"}
{"code":"ENOTFOUND","environment":"production","errno":-3008,"hostname":"ultraviolet-oliveish-error-87927.db.redis.io","level":"error","message":"[notif-worker] Worker error: getaddrinfo ENOTFOUND ultraviolet-oliveish-error-87927.db.redis.io","service":"vtunova-api","stack":"Error: getaddrinfo ENOTFOUND ultraviolet-oliveish-error-87927.db.redis.io\n    at GetAddrInfoReqWrap.onlookupall [as oncomplete] (node:dns:122:26)","syscall":"getaddrinfo","timestamp":"2026-09-20 20:08:19"}
{"code":"ENOTFOUND","environment":"production","errno":-3008,"hostname":"ultraviolet-oliveish-error-87927.db.redis.io","level":"error","message":"[notif-worker] Worker error: getaddrinfo ENOTFOUND ultraviolet-oliveish-error-87927.db.redis.io","service":"vtunova-api","stack":"Error: getaddrinfo ENOTFOUND ultraviolet-oliveish-error-87927.db.redis.io\n    at GetAddrInfoReqWrap.onlookupall [as oncomplete] (node:dns:122:26)","syscall":"getaddrinfo","timestamp":"2026-09-20 20:08:20"}
{"code":"ENOTFOUND","environment":"production","errno":-3008,"hostname":"ultraviolet-oliveish-error-87927.db.redis.io","level":"error","message":"Redis Client Error getaddrinfo ENOTFOUND ultraviolet-oliveish-error-87927.db.redis.io","service":"vtunova-api","stack":"Error: getaddrinfo ENOTFOUND ultraviolet-oliveish-error-87927.db.redis.io\n    at GetAddrInfoReqWrap.onlookupall [as oncomplete] (node:dns:122:26)","syscall":"getaddrinfo","timestamp":"2026-09-20 20:08:20"}
{"code":"ENOTFOUND","environment":"production","errno":-3008,"hostname":"ultraviolet-oliveish-error-87927.db.redis.io","level":"error","message":"[notif-worker] Worker error: getaddrinfo ENOTFOUND ultraviolet-oliveish-error-87927.db.redis.io","service":"vtunova-api","stack":"Error: getaddrinfo ENOTFOUND ultraviolet-oliveish-error-87927.db.redis.io\n    at GetAddrInfoReqWrap.onlookupall [as oncomplete] (node:dns:122:26)","syscall":"getaddrinfo","timestamp":"2026-09-20 20:08:21"}
{"code":"ENOTFOUND","environment":"production","errno":-3008,"hostname":"ultraviolet-oliveish-error-87927.db.redis.io","level":"error","message":"[notif-worker] Worker error: getaddrinfo ENOTFOUND ultraviolet-oliveish-error-87927.db.redis.io","service":"vtunova-api","stack":"Error: getaddrinfo ENOTFOUND ultraviolet-oliveish-error-87927.db.redis.io\n    at GetAddrInfoReqWrap.onlookupall [as oncomplete] (node:dns:122:26)","syscall":"getaddrinfo","timestamp":"2026-09-20 20:08:22"}
{"code":"ENOTFOUND","environment":"production","errno":-3008,"hostname":"ultraviolet-oliveish-error-87927.db.redis.io","level":"error","message":"Redis Client Error getaddrinfo ENOTFOUND ultraviolet-oliveish-error-87927.db.redis.io","service":"vtunova-api","stack":"Error: getaddrinfo ENOTFOUND ultraviolet-oliveish-error-87927.db.redis.io\n    at GetAddrInfoReqWrap.onlookupall [as oncomplete] (node:dns:122:26)","syscall":"getaddrinfo","timestamp":"2026-09-20 20:08:22"}
{"code":"ENOTFOUND","environment":"production","errno":-3008,"hostname":"ultraviolet-oliveish-error-87927.db.redis.io","level":"error","message":"[notif-worker] Worker error: getaddrinfo ENOTFOUND ultraviolet-oliveish-error-87927.db.redis.io","service":"vtunova-api","stack":"Error: getaddrinfo ENOTFOUND ultraviolet-oliveish-error-87927.db.redis.io\n    at GetAddrInfoReqWrap.onlookupall [as oncomplete] (node:dns:122:26)","syscall":"getaddrinfo","timestamp":"2026-09-20 20:08:23"}
{"code":"ENOTFOUND","environment":"production","errno":-3008,"hostname":"ultraviolet-oliveish-error-87927.db.redis.io","level":"error","message":"[notif-worker] Worker error: getaddrinfo ENOTFOUND ultraviolet-oliveish-error-87927.db.redis.io","service":"vtunova-api","stack":"Error: getaddrinfo ENOTFOUND ultraviolet-oliveish-error-87927.db.redis.io\n    at GetAddrInfoReqWrap.onlookupall [as oncomplete] (node:dns:122:26)","syscall":"getaddrinfo","timestamp":"2026-09-20 20:08:24"}
{"code":"ENOTFOUND","environment":"production","errno":-3008,"hostname":"ultraviolet-oliveish-error-87927.db.redis.io","level":"error","message":"Redis Client Error getaddrinfo ENOTFOUND ultraviolet-oliveish-error-87927.db.redis.io","service":"vtunova-api","stack":"Error: getaddrinfo ENOTFOUND ultraviolet-oliveish-error-87927.db.redis.io\n    at GetAddrInfoReqWrap.onlookupall [as oncomplete] (node:dns:122:26)","syscall":"getaddrinfo","timestamp":"2026-09-20 20:08:24"}
{"code":"ENOTFOUND","environment":"production","errno":-3008,"hostname":"ultraviolet-oliveish-error-87927.db.redis.io","level":"error","message":"Redis Client Error getaddrinfo ENOTFOUND ultraviolet-oliveish-error-87927.db.redis.io","service":"vtunova-api","stack":"Error: getaddrinfo ENOTFOUND ultraviolet-oliveish-error-87927.db.redis.io\n    at GetAddrInfoReqWrap.onlookupall [as oncomplete] (node:dns:122:26)","syscall":"getaddrinfo","timestamp":"2026-09-20 20:08:26"}
{"code":"ENOTFOUND","environment":"production","errno":-3008,"hostname":"ultraviolet-oliveish-error-87927.db.redis.io","level":"error","message":"[notif-worker] Worker error: getaddrinfo ENOTFOUND ultraviolet-oliveish-error-87927.db.redis.io","service":"vtunova-api","stack":"Error: getaddrinfo ENOTFOUND ultraviolet-oliveish-error-87927.db.redis.io\n    at GetAddrInfoReqWrap.onlookupall [as oncomplete] (node:dns:122:26)","syscall":"getaddrinfo","timestamp":"2026-09-20 20:08:27"}
{"code":"ENOTFOUND","environment":"production","errno":-3008,"hostname":"ultraviolet-oliveish-error-87927.db.redis.io","level":"error","message":"Redis Client Error getaddrinfo ENOTFOUND ultraviolet-oliveish-error-87927.db.redis.io","service":"vtunova-api","stack":"Error: getaddrinfo ENOTFOUND ultraviolet-oliveish-error-87927.db.redis.io\n    at GetAddrInfoReqWrap.onlookupall [as oncomplete] (node:dns:122:26)","syscall":"getaddrinfo","timestamp":"2026-09-20 20:08:28"}
{"code":"ENOTFOUND","environment":"production","errno":-3008,"hostname":"ultraviolet-oliveish-error-87927.db.redis.io","level":"error","message":"Redis Client Error getaddrinfo ENOTFOUND ultraviolet-oliveish-error-87927.db.redis.io","service":"vtunova-api","stack":"Error: getaddrinfo ENOTFOUND ultraviolet-oliveish-error-87927.db.redis.io\n    at GetAddrInfoReqWrap.onlookupall [as oncomplete] (node:dns:122:26)","syscall":"getaddrinfo","timestamp":"2026-09-20 20:08:30"}
{"code":"ENOTFOUND","environment":"production","errno":-3008,"hostname":"ultraviolet-oliveish-error-87927.db.redis.io","level":"error","message":"Redis Client Error getaddrinfo ENOTFOUND ultraviolet-oliveish-error-87927.db.redis.io","service":"vtunova-api","stack":"Error: getaddrinfo ENOTFOUND ultraviolet-oliveish-error-87927.db.redis.io\n    at GetAddrInfoReqWrap.onlookupall [as oncomplete] (node:dns:122:26)","syscall":"getaddrinfo","timestamp":"2026-09-20 20:08:33"}
{"code":"ENOTFOUND","environment":"production","errno":-3008,"hostname":"ultraviolet-oliveish-error-87927.db.redis.io","level":"error","message":"Redis Client Error getaddrinfo ENOTFOUND ultraviolet-oliveish-error-87927.db.redis.io","service":"vtunova-api","stack":"Error: getaddrinfo ENOTFOUND ultraviolet-oliveish-error-87927.db.redis.io\n    at GetAddrInfoReqWrap.onlookupall [as oncomplete] (node:dns:122:26)","syscall":"getaddrinfo","timestamp":"2026-09-20 20:08:35"}
{"code":"ENOTFOUND","environment":"production","errno":-3008,"hostname":"ultraviolet-oliveish-error-87927.db.redis.io","level":"error","message":"[notif-worker] Worker error: getaddrinfo ENOTFOUND ultraviolet-oliveish-error-87927.db.redis.io","service":"vtunova-api","stack":"Error: getaddrinfo ENOTFOUND ultraviolet-oliveish-error-87927.db.redis.io\n    at GetAddrInfoReqWrap.onlookupall [as oncomplete] (node:dns:122:26)","syscall":"getaddrinfo","timestamp":"2026-09-20 20:08:35"}
{"code":"ENOTFOUND","environment":"production","errno":-3008,"hostname":"ultraviolet-oliveish-error-87927.db.redis.io","level":"error","message":"Redis Client Error getaddrinfo ENOTFOUND ultraviolet-oliveish-error-87927.db.redis.io","service":"vtunova-api","stack":"Error: getaddrinfo ENOTFOUND ultraviolet-oliveish-error-87927.db.redis.io\n    at GetAddrInfoReqWrap.onlookupall [as oncomplete] (node:dns:122:26)","syscall":"getaddrinfo","timestamp":"2026-09-20 20:08:37"}
{"code":"ENOTFOUND","environment":"production","errno":-3008,"hostname":"ultraviolet-oliveish-error-87927.db.redis.io","level":"error","message":"[notif-worker] Worker error: getaddrinfo ENOTFOUND ultraviolet-oliveish-error-87927.db.redis.io","service":"vtunova-api","stack":"Error: getaddrinfo ENOTFOUND ultraviolet-oliveish-error-87927.db.redis.io\n    at GetAddrInfoReqWrap.onlookupall [as oncomplete] (node:dns:122:26)","syscall":"getaddrinfo","timestamp":"2026-09-20 20:08:37"}
{"code":"ENOTFOUND","environment":"production","errno":-3008,"hostname":"ultraviolet-oliveish-error-87927.db.redis.io","level":"error","message":"Redis Client Error getaddrinfo ENOTFOUND ultraviolet-oliveish-error-87927.db.redis.io","service":"vtunova-api","stack":"Error: getaddrinfo ENOTFOUND ultraviolet-oliveish-error-87927.db.redis.io\n    at GetAddrInfoReqWrap.onlookupall [as oncomplete] (node:dns:122:26)","syscall":"getaddrinfo","timestamp":"2026-09-20 20:08:39"}
{"code":"ENOTFOUND","environment":"production","errno":-3008,"hostname":"ultraviolet-oliveish-error-87927.db.redis.io","level":"error","message":"Redis Client Error getaddrinfo ENOTFOUND ultraviolet-oliveish-error-87927.db.redis.io","service":"vtunova-api","stack":"Error: getaddrinfo ENOTFOUND ultraviolet-oliveish-error-87927.db.redis.io\n    at GetAddrInfoReqWrap.onlookupall [as oncomplete] (node:dns:122:26)","syscall":"getaddrinfo","timestamp":"2026-09-20 20:08:41"}
{"code":"ENOTFOUND","environment":"production","errno":-3008,"hostname":"ultraviolet-oliveish-error-87927.db.redis.io","level":"error","message":"Redis Client Error getaddrinfo ENOTFOUND ultraviolet-oliveish-error-87927.db.redis.io","service":"vtunova-api","stack":"Error: getaddrinfo ENOTFOUND ultraviolet-oliveish-error-87927.db.redis.io\n    at GetAddrInfoReqWrap.onlookupall [as oncomplete] (node:dns:122:26)","syscall":"getaddrinfo","timestamp":"2026-09-20 20:08:43"}
{"code":"ENOTFOUND","environment":"production","errno":-3008,"hostname":"ultraviolet-oliveish-error-87927.db.redis.io","level":"error","message":"Redis Client Error getaddrinfo ENOTFOUND ultraviolet-oliveish-error-87927.db.redis.io","service":"vtunova-api","stack":"Error: getaddrinfo ENOTFOUND ultraviolet-oliveish-error-87927.db.redis.io\n    at GetAddrInfoReqWrap.onlookupall [as oncomplete] (node:dns:122:26)","syscall":"getaddrinfo","timestamp":"2026-09-20 20:08:45"}
{"code":"ENOTFOUND","environment":"production","errno":-3008,"hostname":"ultraviolet-oliveish-error-87927.db.redis.io","level":"error","message":"Redis Client Error getaddrinfo ENOTFOUND ultraviolet-oliveish-error-87927.db.redis.io","service":"vtunova-api","stack":"Error: getaddrinfo ENOTFOUND ultraviolet-oliveish-error-87927.db.redis.io\n    at GetAddrInfoReqWrap.onlookupall [as oncomplete] (node:dns:122:26)","syscall":"getaddrinfo","timestamp":"2026-09-20 20:08:47"}
{"code":"ENOTFOUND","environment":"production","errno":-3008,"hostname":"ultraviolet-oliveish-error-87927.db.redis.io","level":"error","message":"Redis Client Error getaddrinfo ENOTFOUND ultraviolet-oliveish-error-87927.db.redis.io","service":"vtunova-api","stack":"Error: getaddrinfo ENOTFOUND ultraviolet-oliveish-error-87927.db.redis.io\n    at GetAddrInfoReqWrap.onlookupall [as oncomplete] (node:dns:122:26)","syscall":"getaddrinfo","timestamp":"2026-09-20 20:08:49"}
{"code":"ENOTFOUND","environment":"production","errno":-3008,"hostname":"ultraviolet-oliveish-error-87927.db.redis.io","level":"error","message":"Redis Client Error getaddrinfo ENOTFOUND ultraviolet-oliveish-error-87927.db.redis.io","service":"vtunova-api","stack":"Error: getaddrinfo ENOTFOUND ultraviolet-oliveish-error-87927.db.redis.io\n    at GetAddrInfoReqWrap.onlookupall [as oncomplete] (node:dns:122:26)","syscall":"getaddrinfo","timestamp":"2026-09-20 20:08:51"}
{"code":"ENOTFOUND","environment":"production","errno":-3008,"hostname":"ultraviolet-oliveish-error-87927.db.redis.io","level":"error","message":"Redis Client Error getaddrinfo ENOTFOUND ultraviolet-oliveish-error-87927.db.redis.io","service":"vtunova-api","stack":"Error: getaddrinfo ENOTFOUND ultraviolet-oliveish-error-87927.db.redis.io\n    at GetAddrInfoReqWrap.onlookupall [as oncomplete] (node:dns:122:26)","syscall":"getaddrinfo","timestamp":"2026-09-20 20:08:54"}
{"code":"ENOTFOUND","environment":"production","errno":-3008,"hostname":"ultraviolet-oliveish-error-87927.db.redis.io","level":"error","message":"[notif-worker] Worker error: getaddrinfo ENOTFOUND ultraviolet-oliveish-error-87927.db.redis.io","service":"vtunova-api","stack":"Error: getaddrinfo ENOTFOUND ultraviolet-oliveish-error-87927.db.redis.io\n    at GetAddrInfoReqWrap.onlookupall [as oncomplete] (node:dns:122:26)","syscall":"getaddrinfo","timestamp":"2026-09-20 20:08:55"}
{"code":"ENOTFOUND","environment":"production","errno":-3008,"hostname":"ultraviolet-oliveish-error-87927.db.redis.io","level":"error","message":"Redis Client Error getaddrinfo ENOTFOUND ultraviolet-oliveish-error-87927.db.redis.io","service":"vtunova-api","stack":"Error: getaddrinfo ENOTFOUND ultraviolet-oliveish-error-87927.db.redis.io\n    at GetAddrInfoReqWrap.onlookupall [as oncomplete] (node:dns:122:26)","syscall":"getaddrinfo","timestamp":"2026-09-20 20:08:56"}
{"code":"ENOTFOUND","environment":"production","errno":-3008,"hostname":"ultraviolet-oliveish-error-87927.db.redis.io","level":"error","message":"[notif-worker] Worker error: getaddrinfo ENOTFOUND ultraviolet-oliveish-error-87927.db.redis.io","service":"vtunova-api","stack":"Error: getaddrinfo ENOTFOUND ultraviolet-oliveish-error-87927.db.redis.io\n    at GetAddrInfoReqWrap.onlookupall [as oncomplete] (node:dns:122:26)","syscall":"getaddrinfo","timestamp":"2026-09-20 20:08:57"}
{"code":"ENOTFOUND","environment":"production","errno":-3008,"hostname":"ultraviolet-oliveish-error-87927.db.redis.io","level":"error","message":"Redis Client Error getaddrinfo ENOTFOUND ultraviolet-oliveish-error-87927.db.redis.io","service":"vtunova-api","stack":"Error: getaddrinfo ENOTFOUND ultraviolet-oliveish-error-87927.db.redis.io\n    at GetAddrInfoReqWrap.onlookupall [as oncomplete] (node:dns:122:26)","syscall":"getaddrinfo","timestamp":"2026-09-20 20:08:58"}
{"code":"ENOTFOUND","environment":"production","errno":-3008,"hostname":"ultraviolet-oliveish-error-87927.db.redis.io","level":"error","message":"Redis Client Error getaddrinfo ENOTFOUND ultraviolet-oliveish-error-87927.db.redis.io","service":"vtunova-api","stack":"Error: getaddrinfo ENOTFOUND ultraviolet-oliveish-error-87927.db.redis.io\n    at GetAddrInfoReqWrap.onlookupall [as oncomplete] (node:dns:122:26)","syscall":"getaddrinfo","timestamp":"2026-09-20 20:09:00"}
{"code":"ENOTFOUND","environment":"production","errno":-3008,"hostname":"ultraviolet-oliveish-error-87927.db.redis.io","level":"error","message":"Redis Client Error getaddrinfo ENOTFOUND ultraviolet-oliveish-error-87927.db.redis.io","service":"vtunova-api","stack":"Error: getaddrinfo ENOTFOUND ultraviolet-oliveish-error-87927.db.redis.io\n    at GetAddrInfoReqWrap.onlookupall [as oncomplete] (node:dns:122:26)","syscall":"getaddrinfo","timestamp":"2026-09-20 20:09:02"}
{"code":"ENOTFOUND","environment":"production","errno":-3008,"hostname":"ultraviolet-oliveish-error-87927.db.redis.io","level":"error","message":"Redis Client Error getaddrinfo ENOTFOUND ultraviolet-oliveish-error-87927.db.redis.io","service":"vtunova-api","stack":"Error: getaddrinfo ENOTFOUND ultraviolet-oliveish-error-87927.db.redis.io\n    at GetAddrInfoReqWrap.onlookupall [as oncomplete] (node:dns:122:26)","syscall":"getaddrinfo","timestamp":"2026-09-20 20:09:04"}
{"code":"ENOTFOUND","environment":"production","errno":-3008,"hostname":"ultraviolet-oliveish-error-87927.db.redis.io","level":"error","message":"Redis Client Error getaddrinfo ENOTFOUND ultraviolet-oliveish-error-87927.db.redis.io","service":"vtunova-api","stack":"Error: getaddrinfo ENOTFOUND ultraviolet-oliveish-error-87927.db.redis.io\n    at GetAddrInfoReqWrap.onlookupall [as oncomplete] (node:dns:122:26)","syscall":"getaddrinfo","timestamp":"2026-09-20 20:09:07"}
{"code":"ENOTFOUND","environment":"production","errno":-3008,"hostname":"ultraviolet-oliveish-error-87927.db.redis.io","level":"error","message":"Redis Client Error getaddrinfo ENOTFOUND ultraviolet-oliveish-error-87927.db.redis.io","service":"vtunova-api","stack":"Error: getaddrinfo ENOTFOUND ultraviolet-oliveish-error-87927.db.redis.io\n    at GetAddrInfoReqWrap.onlookupall [as oncomplete] (node:dns:122:26)","syscall":"getaddrinfo","timestamp":"2026-09-20 20:09:09"}
{"code":"ENOTFOUND","environment":"production","errno":-3008,"hostname":"ultraviolet-oliveish-error-87927.db.redis.io","level":"error","message":"Redis Client Error getaddrinfo ENOTFOUND ultraviolet-oliveish-error-87927.db.redis.io","service":"vtunova-api","stack":"Error: getaddrinfo ENOTFOUND ultraviolet-oliveish-error-87927.db.redis.io\n    at GetAddrInfoReqWrap.onlookupall [as oncomplete] (node:dns:122:26)","syscall":"getaddrinfo","timestamp":"2026-09-20 20:09:11"}
{"code":"ENOTFOUND","environment":"production","errno":-3008,"hostname":"ultraviolet-oliveish-error-87927.db.redis.io","level":"error","message":"Redis Client Error getaddrinfo ENOTFOUND ultraviolet-oliveish-error-87927.db.redis.io","service":"vtunova-api","stack":"Error: getaddrinfo ENOTFOUND ultraviolet-oliveish-error-87927.db.redis.io\n    at GetAddrInfoReqWrap.onlookupall [as oncomplete] (node:dns:122:26)","syscall":"getaddrinfo","timestamp":"2026-09-20 20:09:13"}
{"code":"ENOTFOUND","environment":"production","errno":-3008,"hostname":"ultraviolet-oliveish-error-87927.db.redis.io","level":"error","message":"Redis Client Error getaddrinfo ENOTFOUND ultraviolet-oliveish-error-87927.db.redis.io","service":"vtunova-api","stack":"Error: getaddrinfo ENOTFOUND ultraviolet-oliveish-error-87927.db.redis.io\n    at GetAddrInfoReqWrap.onlookupall [as oncomplete] (node:dns:122:26)","syscall":"getaddrinfo","timestamp":"2026-09-20 20:09:15"}
{"code":"ENOTFOUND","environment":"production","errno":-3008,"hostname":"ultraviolet-oliveish-error-87927.db.redis.io","level":"error","message":"[notif-worker] Worker error: getaddrinfo ENOTFOUND ultraviolet-oliveish-error-87927.db.redis.io","service":"vtunova-api","stack":"Error: getaddrinfo ENOTFOUND ultraviolet-oliveish-error-87927.db.redis.io\n    at GetAddrInfoReqWrap.onlookupall [as oncomplete] (node:dns:122:26)","syscall":"getaddrinfo","timestamp":"2026-09-20 20:09:15"}
{"code":"ENOTFOUND","environment":"production","errno":-3008,"hostname":"ultraviolet-oliveish-error-87927.db.redis.io","level":"error","message":"Redis Client Error getaddrinfo ENOTFOUND ultraviolet-oliveish-error-87927.db.redis.io","service":"vtunova-api","stack":"Error: getaddrinfo ENOTFOUND ultraviolet-oliveish-error-87927.db.redis.io\n    at GetAddrInfoReqWrap.onlookupall [as oncomplete] (node:dns:122:26)","syscall":"getaddrinfo","timestamp":"2026-09-20 20:09:17"}
{"code":"ENOTFOUND","environment":"production","errno":-3008,"hostname":"ultraviolet-oliveish-error-87927.db.redis.io","level":"error","message":"[notif-worker] Worker error: getaddrinfo ENOTFOUND ultraviolet-oliveish-error-87927.db.redis.io","service":"vtunova-api","stack":"Error: getaddrinfo ENOTFOUND ultraviolet-oliveish-error-87927.db.redis.io\n    at GetAddrInfoReqWrap.onlookupall [as oncomplete] (node:dns:122:26)","syscall":"getaddrinfo","timestamp":"2026-09-20 20:09:17"}
{"code":"ENOTFOUND","environment":"production","errno":-3008,"hostname":"ultraviolet-oliveish-error-87927.db.redis.io","level":"error","message":"Redis Client Error getaddrinfo ENOTFOUND ultraviolet-oliveish-error-87927.db.redis.io","service":"vtunova-api","stack":"Error: getaddrinfo ENOTFOUND ultraviolet-oliveish-error-87927.db.redis.io\n    at GetAddrInfoReqWrap.onlookupall [as oncomplete] (node:dns:122:26)","syscall":"getaddrinfo","timestamp":"2026-09-20 20:09:19"}
{"code":"ENOTFOUND","environment":"production","errno":-3008,"hostname":"ultraviolet-oliveish-error-87927.db.redis.io","level":"error","message":"Redis Client Error getaddrinfo ENOTFOUND ultraviolet-oliveish-error-87927.db.redis.io","service":"vtunova-api","stack":"Error: getaddrinfo ENOTFOUND ultraviolet-oliveish-error-87927.db.redis.io\n    at GetAddrInfoReqWrap.onlookupall [as oncomplete] (node:dns:122:26)","syscall":"getaddrinfo","timestamp":"2026-09-20 20:09:21"}
{"code":"ENOTFOUND","environment":"production","errno":-3008,"hostname":"ultraviolet-oliveish-error-87927.db.redis.io","level":"error","message":"Redis Client Error getaddrinfo ENOTFOUND ultraviolet-oliveish-error-87927.db.redis.io","service":"vtunova-api","stack":"Error: getaddrinfo ENOTFOUND ultraviolet-oliveish-error-87927.db.redis.io\n    at GetAddrInfoReqWrap.onlookupall [as oncomplete] (node:dns:122:26)","syscall":"getaddrinfo","timestamp":"2026-09-20 20:09:24"}
{"code":"ENOTFOUND","environment":"production","errno":-3008,"hostname":"ultraviolet-oliveish-error-87927.db.redis.io","level":"error","message":"Redis Client Error getaddrinfo ENOTFOUND ultraviolet-oliveish-error-87927.db.redis.io","service":"vtunova-api","stack":"Error: getaddrinfo ENOTFOUND ultraviolet-oliveish-error-87927.db.redis.io\n    at GetAddrInfoReqWrap.onlookupall [as oncomplete] (node:dns:122:26)","syscall":"getaddrinfo","timestamp":"2026-09-20 20:09:26"}
{"environment":"production","level":"info","message":"Redis client connected","service":"vtunova-api","timestamp":"2026-09-20 20:09:29"}
{"code":"ECONNRESET","environment":"production","errno":-4077,"level":"error","message":"[notif-worker] Worker error: read ECONNRESET","service":"vtunova-api","stack":"Error: read ECONNRESET\n    at TCP.onStreamRead (node:internal/stream_base_commons:216:20)","syscall":"read","timestamp":"2026-09-20 20:09:55"}
{"code":"ECONNRESET","environment":"production","errno":-4077,"level":"error","message":"[notif-worker] Worker error: read ECONNRESET","service":"vtunova-api","stack":"Error: read ECONNRESET\n    at TCP.onStreamRead (node:internal/stream_base_commons:216:20)","syscall":"read","timestamp":"2026-09-20 20:09:56"}
{"code":"ECONNRESET","environment":"production","errno":-4077,"level":"error","message":"Redis Client Error read ECONNRESET","service":"vtunova-api","stack":"Error: read ECONNRESET\n    at TCP.onStreamRead (node:internal/stream_base_commons:216:20)","syscall":"read","timestamp":"2026-09-20 20:09:56"}
{"code":"ENOTFOUND","environment":"production","errno":-3008,"hostname":"ultraviolet-oliveish-error-87927.db.redis.io","level":"error","message":"Redis Client Error getaddrinfo ENOTFOUND ultraviolet-oliveish-error-87927.db.redis.io","service":"vtunova-api","stack":"Error: getaddrinfo ENOTFOUND ultraviolet-oliveish-error-87927.db.redis.io\n    at GetAddrInfoReqWrap.onlookupall [as oncomplete] (node:dns:122:26)","syscall":"getaddrinfo","timestamp":"2026-09-20 20:09:56"}
{"code":"ENOTFOUND","environment":"production","errno":-3008,"hostname":"ultraviolet-oliveish-error-87927.db.redis.io","level":"error","message":"Redis Client Error getaddrinfo ENOTFOUND ultraviolet-oliveish-error-87927.db.redis.io","service":"vtunova-api","stack":"Error: getaddrinfo ENOTFOUND ultraviolet-oliveish-error-87927.db.redis.io\n    at GetAddrInfoReqWrap.onlookupall [as oncomplete] (node:dns:122:26)","syscall":"getaddrinfo","timestamp":"2026-09-20 20:09:56"}
{"code":"ENOTFOUND","environment":"production","errno":-3008,"hostname":"ultraviolet-oliveish-error-87927.db.redis.io","level":"error","message":"Redis Client Error getaddrinfo ENOTFOUND ultraviolet-oliveish-error-87927.db.redis.io","service":"vtunova-api","stack":"Error: getaddrinfo ENOTFOUND ultraviolet-oliveish-error-87927.db.redis.io\n    at GetAddrInfoReqWrap.onlookupall [as oncomplete] (node:dns:122:26)","syscall":"getaddrinfo","timestamp":"2026-09-20 20:09:56"}
{"code":"ENOTFOUND","environment":"production","errno":-3008,"hostname":"ultraviolet-oliveish-error-87927.db.redis.io","level":"error","message":"[notif-worker] Worker error: getaddrinfo ENOTFOUND ultraviolet-oliveish-error-87927.db.redis.io","service":"vtunova-api","stack":"Error: getaddrinfo ENOTFOUND ultraviolet-oliveish-error-87927.db.redis.io\n    at GetAddrInfoReqWrap.onlookupall [as oncomplete] (node:dns:122:26)","syscall":"getaddrinfo","timestamp":"2026-09-20 20:09:56"}
{"code":"ENOTFOUND","environment":"production","errno":-3008,"hostname":"ultraviolet-oliveish-error-87927.db.redis.io","level":"error","message":"Redis Client Error getaddrinfo ENOTFOUND ultraviolet-oliveish-error-87927.db.redis.io","service":"vtunova-api","stack":"Error: getaddrinfo ENOTFOUND ultraviolet-oliveish-error-87927.db.redis.io\n    at GetAddrInfoReqWrap.onlookupall [as oncomplete] (node:dns:122:26)","syscall":"getaddrinfo","timestamp":"2026-09-20 20:09:57"}
{"code":"ENOTFOUND","environment":"production","errno":-3008,"hostname":"ultraviolet-oliveish-error-87927.db.redis.io","level":"error","message":"[notif-worker] Worker error: getaddrinfo ENOTFOUND ultraviolet-oliveish-error-87927.db.redis.io","service":"vtunova-api","stack":"Error: getaddrinfo ENOTFOUND ultraviolet-oliveish-error-87927.db.redis.io\n    at GetAddrInfoReqWrap.onlookupall [as oncomplete] (node:dns:122:26)","syscall":"getaddrinfo","timestamp":"2026-09-20 20:09:57"}
{"code":"ENOTFOUND","environment":"production","errno":-3008,"hostname":"ultraviolet-oliveish-error-87927.db.redis.io","level":"error","message":"Redis Client Error getaddrinfo ENOTFOUND ultraviolet-oliveish-error-87927.db.redis.io","service":"vtunova-api","stack":"Error: getaddrinfo ENOTFOUND ultraviolet-oliveish-error-87927.db.redis.io\n    at GetAddrInfoReqWrap.onlookupall [as oncomplete] (node:dns:122:26)","syscall":"getaddrinfo","timestamp":"2026-09-20 20:09:57"}
{"code":"ENOTFOUND","environment":"production","errno":-3008,"hostname":"ultraviolet-oliveish-error-87927.db.redis.io","level":"error","message":"[notif-worker] Worker error: getaddrinfo ENOTFOUND ultraviolet-oliveish-error-87927.db.redis.io","service":"vtunova-api","stack":"Error: getaddrinfo ENOTFOUND ultraviolet-oliveish-error-87927.db.redis.io\n    at GetAddrInfoReqWrap.onlookupall [as oncomplete] (node:dns:122:26)","syscall":"getaddrinfo","timestamp":"2026-09-20 20:09:57"}
{"code":"ENOTFOUND","environment":"production","errno":-3008,"hostname":"ultraviolet-oliveish-error-87927.db.redis.io","level":"error","message":"[notif-worker] Worker error: getaddrinfo ENOTFOUND ultraviolet-oliveish-error-87927.db.redis.io","service":"vtunova-api","stack":"Error: getaddrinfo ENOTFOUND ultraviolet-oliveish-error-87927.db.redis.io\n    at GetAddrInfoReqWrap.onlookupall [as oncomplete] (node:dns:122:26)","syscall":"getaddrinfo","timestamp":"2026-09-20 20:09:58"}
{"code":"ENOTFOUND","environment":"production","errno":-3008,"hostname":"ultraviolet-oliveish-error-87927.db.redis.io","level":"error","message":"Redis Client Error getaddrinfo ENOTFOUND ultraviolet-oliveish-error-87927.db.redis.io","service":"vtunova-api","stack":"Error: getaddrinfo ENOTFOUND ultraviolet-oliveish-error-87927.db.redis.io\n    at GetAddrInfoReqWrap.onlookupall [as oncomplete] (node:dns:122:26)","syscall":"getaddrinfo","timestamp":"2026-09-20 20:09:58"}
{"code":"ENOTFOUND","environment":"production","errno":-3008,"hostname":"ultraviolet-oliveish-error-87927.db.redis.io","level":"error","message":"[notif-worker] Worker error: getaddrinfo ENOTFOUND ultraviolet-oliveish-error-87927.db.redis.io","service":"vtunova-api","stack":"Error: getaddrinfo ENOTFOUND ultraviolet-oliveish-error-87927.db.redis.io\n    at GetAddrInfoReqWrap.onlookupall [as oncomplete] (node:dns:122:26)","syscall":"getaddrinfo","timestamp":"2026-09-20 20:09:58"}
{"code":"ENOTFOUND","environment":"production","errno":-3008,"hostname":"ultraviolet-oliveish-error-87927.db.redis.io","level":"error","message":"[notif-worker] Worker error: getaddrinfo ENOTFOUND ultraviolet-oliveish-error-87927.db.redis.io","service":"vtunova-api","stack":"Error: getaddrinfo ENOTFOUND ultraviolet-oliveish-error-87927.db.redis.io\n    at GetAddrInfoReqWrap.onlookupall [as oncomplete] (node:dns:122:26)","syscall":"getaddrinfo","timestamp":"2026-09-20 20:09:59"}
{"code":"ENOTFOUND","environment":"production","errno":-3008,"hostname":"ultraviolet-oliveish-error-87927.db.redis.io","level":"error","message":"[notif-worker] Worker error: getaddrinfo ENOTFOUND ultraviolet-oliveish-error-87927.db.redis.io","service":"vtunova-api","stack":"Error: getaddrinfo ENOTFOUND ultraviolet-oliveish-error-87927.db.redis.io\n    at GetAddrInfoReqWrap.onlookupall [as oncomplete] (node:dns:122:26)","syscall":"getaddrinfo","timestamp":"2026-09-20 20:09:59"}
{"code":"ENOTFOUND","environment":"production","errno":-3008,"hostname":"ultraviolet-oliveish-error-87927.db.redis.io","level":"error","message":"Redis Client Error getaddrinfo ENOTFOUND ultraviolet-oliveish-error-87927.db.redis.io","service":"vtunova-api","stack":"Error: getaddrinfo ENOTFOUND ultraviolet-oliveish-error-87927.db.redis.io\n    at GetAddrInfoReqWrap.onlookupall [as oncomplete] (node:dns:122:26)","syscall":"getaddrinfo","timestamp":"2026-09-20 20:10:00"}
{"code":"ENOTFOUND","environment":"production","errno":-3008,"hostname":"ultraviolet-oliveish-error-87927.db.redis.io","level":"error","message":"[notif-worker] Worker error: getaddrinfo ENOTFOUND ultraviolet-oliveish-error-87927.db.redis.io","service":"vtunova-api","stack":"Error: getaddrinfo ENOTFOUND ultraviolet-oliveish-error-87927.db.redis.io\n    at GetAddrInfoReqWrap.onlookupall [as oncomplete] (node:dns:122:26)","syscall":"getaddrinfo","timestamp":"2026-09-20 20:10:00"}
{"code":"ENOTFOUND","environment":"production","errno":-3008,"hostname":"ultraviolet-oliveish-error-87927.db.redis.io","level":"error","message":"[notif-worker] Worker error: getaddrinfo ENOTFOUND ultraviolet-oliveish-error-87927.db.redis.io","service":"vtunova-api","stack":"Error: getaddrinfo ENOTFOUND ultraviolet-oliveish-error-87927.db.redis.io\n    at GetAddrInfoReqWrap.onlookupall [as oncomplete] (node:dns:122:26)","syscall":"getaddrinfo","timestamp":"2026-09-20 20:10:01"}
{"code":"ENOTFOUND","environment":"production","errno":-3008,"hostname":"ultraviolet-oliveish-error-87927.db.redis.io","level":"error","message":"[notif-worker] Worker error: getaddrinfo ENOTFOUND ultraviolet-oliveish-error-87927.db.redis.io","service":"vtunova-api","stack":"Error: getaddrinfo ENOTFOUND ultraviolet-oliveish-error-87927.db.redis.io\n    at GetAddrInfoReqWrap.onlookupall [as oncomplete] (node:dns:122:26)","syscall":"getaddrinfo","timestamp":"2026-09-20 20:10:01"}
{"code":"ENOTFOUND","environment":"production","errno":-3008,"hostname":"ultraviolet-oliveish-error-87927.db.redis.io","level":"error","message":"[notif-worker] Worker error: getaddrinfo ENOTFOUND ultraviolet-oliveish-error-87927.db.redis.io","service":"vtunova-api","stack":"Error: getaddrinfo ENOTFOUND ultraviolet-oliveish-error-87927.db.redis.io\n    at GetAddrInfoReqWrap.onlookupall [as oncomplete] (node:dns:122:26)","syscall":"getaddrinfo","timestamp":"2026-09-20 20:10:02"}
{"code":"ENOTFOUND","environment":"production","errno":-3008,"hostname":"ultraviolet-oliveish-error-87927.db.redis.io","level":"error","message":"Redis Client Error getaddrinfo ENOTFOUND ultraviolet-oliveish-error-87927.db.redis.io","service":"vtunova-api","stack":"Error: getaddrinfo ENOTFOUND ultraviolet-oliveish-error-87927.db.redis.io\n    at GetAddrInfoReqWrap.onlookupall [as oncomplete] (node:dns:122:26)","syscall":"getaddrinfo","timestamp":"2026-09-20 20:10:02"}
{"code":"ENOTFOUND","environment":"production","errno":-3008,"hostname":"ultraviolet-oliveish-error-87927.db.redis.io","level":"error","message":"[notif-worker] Worker error: getaddrinfo ENOTFOUND ultraviolet-oliveish-error-87927.db.redis.io","service":"vtunova-api","stack":"Error: getaddrinfo ENOTFOUND ultraviolet-oliveish-error-87927.db.redis.io\n    at GetAddrInfoReqWrap.onlookupall [as oncomplete] (node:dns:122:26)","syscall":"getaddrinfo","timestamp":"2026-09-20 20:10:02"}
{"code":"ENOTFOUND","environment":"production","errno":-3008,"hostname":"ultraviolet-oliveish-error-87927.db.redis.io","level":"error","message":"[notif-worker] Worker error: getaddrinfo ENOTFOUND ultraviolet-oliveish-error-87927.db.redis.io","service":"vtunova-api","stack":"Error: getaddrinfo ENOTFOUND ultraviolet-oliveish-error-87927.db.redis.io\n    at GetAddrInfoReqWrap.onlookupall [as oncomplete] (node:dns:122:26)","syscall":"getaddrinfo","timestamp":"2026-09-20 20:10:03"}
{"code":"ENOTFOUND","environment":"production","errno":-3008,"hostname":"ultraviolet-oliveish-error-87927.db.redis.io","level":"error","message":"[notif-worker] Worker error: getaddrinfo ENOTFOUND ultraviolet-oliveish-error-87927.db.redis.io","service":"vtunova-api","stack":"Error: getaddrinfo ENOTFOUND ultraviolet-oliveish-error-87927.db.redis.io\n    at GetAddrInfoReqWrap.onlookupall [as oncomplete] (node:dns:122:26)","syscall":"getaddrinfo","timestamp":"2026-09-20 20:10:03"}
{"environment":"production","level":"info","message":"Redis client connected","service":"vtunova-api","timestamp":"2026-09-20 20:10:05"}
{"environment":"production","level":"info","message":"Email transport ready via smtp.gmail.com","service":"vtunova-api","timestamp":"2026-09-20 20:30:21"}
{"environment":"production","level":"error","message":"Redis Client Error Connection timeout","service":"vtunova-api","stack":"Error: Connection timeout\n    at Socket.onTimeout (C:\\Users\\HomePC\\VtuNova-Backend_v1\\node_modules\\@redis\\client\\dist\\lib\\client\\socket.js:282:46)\n    at Object.onceWrapper (node:events:622:28)\n    at Socket.emit (node:events:508:28)\n    at Socket._onTimeout (node:net:604:8)\n    at listOnTimeout (node:internal/timers:605:17)\n    at process.processTimers (node:internal/timers:541:7)","timestamp":"2026-09-20 20:31:26"}
{"environment":"production","level":"info","message":"Redis client connected","service":"vtunova-api","timestamp":"2026-09-20 20:31:27"}
{"environment":"production","level":"info","message":"SMTP connection veried","service":"vtunova-api","timestamp":"2026-09-20 20:31:37"}
{"environment":"production","level":"info","message":"Email listeners registered for 11 event type(s)","service":"vtunova-api","timestamp":"2026-09-20 20:31:37"}
{"environment":"production","level":"info","message":"Notification listeners registered for 13 event type(s)","service":"vtunova-api","timestamp":"2026-09-20 20:31:37"}
{"environment":"production","level":"info","message":"VtuNova Platform running on port 3000 [production]","service":"vtunova-api","timestamp":"2026-09-20 20:31:37"}
{"environment":"production","level":"info","message":"API Docs: http://localhost:3000/api","service":"vtunova-api","timestamp":"2026-09-20 20:31:37"}
{"environment":"production","level":"info","message":"User login notification queued successfully","service":"vtunova-api","timestamp":"2026-09-20 20:32:05"}
{"environment":"production","level":"info","message":"[email-worker] Processing job: loginAlert (id=224)","service":"vtunova-api","timestamp":"2026-09-20 20:32:05"}
{"environment":"production","level":"info","message":"[notif-worker] Processing job: loginAlert (id=233)","service":"vtunova-api","timestamp":"2026-09-20 20:32:05"}
{"environment":"production","level":"info","message":"[notif-worker] Job data: {\"userId\":\"6aafdfc1d13727f3d0cced82\",\"type\":\"security\",\"ip\":\"::1\",\"device\":\"Mozilla/5.0 (Windows NT 10.0; Win64; x64) AppleWebKit/537.36 (KHTML, like Gecko) Chrome/153.0.0.0 Safari/537.36\",\"category\":\"loginAlert\"}","service":"vtunova-api","timestamp":"2026-09-20 20:32:05"}
{"environment":"production","level":"info","message":"[notif-worker] Processing login alert for user 6aafdfc1d13727f3d0cced82","service":"vtunova-api","timestamp":"2026-09-20 20:32:05"}
{"environment":"production","level":"info","message":"Notification created:","service":"vtunova-api","timestamp":"2026-09-20 20:32:05"}
{"environment":"production","level":"info","message":"Cache invalidated for key: user:6aafdfc1d13727f3d0cced82:notifications","service":"vtunova-api","timestamp":"2026-09-20 20:32:06"}
{"environment":"production","level":"info","message":"[notif-worker] Job 233 completed successfully","service":"vtunova-api","timestamp":"2026-09-20 20:32:06"}
{"environment":"production","level":"info","message":"[email-worker] Job 224 completed","service":"vtunova-api","timestamp":"2026-09-20 20:32:08"}
{"environment":"production","level":"error","message":"Failed to invalidate cache for key: user:6aafdfc1d13727f3d0cced82:notifications","service":"vtunova-api","timestamp":"2026-09-20 20:32:11"}
{"environment":"production","level":"error","message":"Failed to invalidate cache for key: user:6aafdfc1d13727f3d0cced82:notifications","service":"vtunova-api","timestamp":"2026-09-20 20:32:11"}
{"code":"ENOTFOUND","environment":"production","errno":-3008,"hostname":"ultraviolet-oliveish-error-87927.db.redis.io","level":"error","message":"[notif-worker] Worker error: getaddrinfo ENOTFOUND ultraviolet-oliveish-error-87927.db.redis.io","service":"vtunova-api","stack":"Error: getaddrinfo ENOTFOUND ultraviolet-oliveish-error-87927.db.redis.io\n    at GetAddrInfoReqWrap.onlookupall [as oncomplete] (node:dns:122:26)","syscall":"getaddrinfo","timestamp":"2026-09-20 20:32:36"}
{"code":"ENOTFOUND","environment":"production","errno":-3008,"hostname":"ultraviolet-oliveish-error-87927.db.redis.io","level":"error","message":"[notif-worker] Worker error: getaddrinfo ENOTFOUND ultraviolet-oliveish-error-87927.db.redis.io","service":"vtunova-api","stack":"Error: getaddrinfo ENOTFOUND ultraviolet-oliveish-error-87927.db.redis.io\n    at GetAddrInfoReqWrap.onlookupall [as oncomplete] (node:dns:122:26)","syscall":"getaddrinfo","timestamp":"2026-09-20 20:32:37"}
{"code":"ENOTFOUND","environment":"production","errno":-3008,"hostname":"ultraviolet-oliveish-error-87927.db.redis.io","level":"error","message":"[notif-worker] Worker error: getaddrinfo ENOTFOUND ultraviolet-oliveish-error-87927.db.redis.io","service":"vtunova-api","stack":"Error: getaddrinfo ENOTFOUND ultraviolet-oliveish-error-87927.db.redis.io\n    at GetAddrInfoReqWrap.onlookupall [as oncomplete] (node:dns:122:26)","syscall":"getaddrinfo","timestamp":"2026-09-20 20:32:38"}
{"code":"ENOTFOUND","environment":"production","errno":-3008,"hostname":"ultraviolet-oliveish-error-87927.db.redis.io","level":"error","message":"[notif-worker] Worker error: getaddrinfo ENOTFOUND ultraviolet-oliveish-error-87927.db.redis.io","service":"vtunova-api","stack":"Error: getaddrinfo ENOTFOUND ultraviolet-oliveish-error-87927.db.redis.io\n    at GetAddrInfoReqWrap.onlookupall [as oncomplete] (node:dns:122:26)","syscall":"getaddrinfo","timestamp":"2026-09-20 20:32:39"}
{"code":"ENOTFOUND","environment":"production","errno":-3008,"hostname":"ultraviolet-oliveish-error-87927.db.redis.io","level":"error","message":"[notif-worker] Worker error: getaddrinfo ENOTFOUND ultraviolet-oliveish-error-87927.db.redis.io","service":"vtunova-api","stack":"Error: getaddrinfo ENOTFOUND ultraviolet-oliveish-error-87927.db.redis.io\n    at GetAddrInfoReqWrap.onlookupall [as oncomplete] (node:dns:122:26)","syscall":"getaddrinfo","timestamp":"2026-09-20 20:32:40"}
{"code":"ENOTFOUND","environment":"production","errno":-3008,"hostname":"ultraviolet-oliveish-error-87927.db.redis.io","level":"error","message":"[notif-worker] Worker error: getaddrinfo ENOTFOUND ultraviolet-oliveish-error-87927.db.redis.io","service":"vtunova-api","stack":"Error: getaddrinfo ENOTFOUND ultraviolet-oliveish-error-87927.db.redis.io\n    at GetAddrInfoReqWrap.onlookupall [as oncomplete] (node:dns:122:26)","syscall":"getaddrinfo","timestamp":"2026-09-20 20:32:41"}
{"code":"ENOTFOUND","environment":"production","errno":-3008,"hostname":"ultraviolet-oliveish-error-87927.db.redis.io","level":"error","message":"[notif-worker] Worker error: getaddrinfo ENOTFOUND ultraviolet-oliveish-error-87927.db.redis.io","service":"vtunova-api","stack":"Error: getaddrinfo ENOTFOUND ultraviolet-oliveish-error-87927.db.redis.io\n    at GetAddrInfoReqWrap.onlookupall [as oncomplete] (node:dns:122:26)","syscall":"getaddrinfo","timestamp":"2026-09-20 20:32:42"}
{"code":"ENOTFOUND","environment":"production","errno":-3008,"hostname":"ultraviolet-oliveish-error-87927.db.redis.io","level":"error","message":"[notif-worker] Worker error: getaddrinfo ENOTFOUND ultraviolet-oliveish-error-87927.db.redis.io","service":"vtunova-api","stack":"Error: getaddrinfo ENOTFOUND ultraviolet-oliveish-error-87927.db.redis.io\n    at GetAddrInfoReqWrap.onlookupall [as oncomplete] (node:dns:122:26)","syscall":"getaddrinfo","timestamp":"2026-09-20 20:32:43"}
{"code":"ENOTFOUND","environment":"production","errno":-3008,"hostname":"ultraviolet-oliveish-error-87927.db.redis.io","level":"error","message":"[notif-worker] Worker error: getaddrinfo ENOTFOUND ultraviolet-oliveish-error-87927.db.redis.io","service":"vtunova-api","stack":"Error: getaddrinfo ENOTFOUND ultraviolet-oliveish-error-87927.db.redis.io\n    at GetAddrInfoReqWrap.onlookupall [as oncomplete] (node:dns:122:26)","syscall":"getaddrinfo","timestamp":"2026-09-20 20:32:46"}
{"code":"ECONNRESET","environment":"production","errno":-4077,"level":"error","message":"Redis Client Error read ECONNRESET","service":"vtunova-api","stack":"Error: read ECONNRESET\n    at TCP.onStreamRead (node:internal/stream_base_commons:216:20)","syscall":"read","timestamp":"2026-09-20 20:32:51"}
{"code":"ENOTFOUND","environment":"production","errno":-3008,"hostname":"ultraviolet-oliveish-error-87927.db.redis.io","level":"error","message":"Redis Client Error getaddrinfo ENOTFOUND ultraviolet-oliveish-error-87927.db.redis.io","service":"vtunova-api","stack":"Error: getaddrinfo ENOTFOUND ultraviolet-oliveish-error-87927.db.redis.io\n    at GetAddrInfoReqWrap.onlookupall [as oncomplete] (node:dns:122:26)","syscall":"getaddrinfo","timestamp":"2026-09-20 20:32:51"}
{"code":"ENOTFOUND","environment":"production","errno":-3008,"hostname":"ultraviolet-oliveish-error-87927.db.redis.io","level":"error","message":"Redis Client Error getaddrinfo ENOTFOUND ultraviolet-oliveish-error-87927.db.redis.io","service":"vtunova-api","stack":"Error: getaddrinfo ENOTFOUND ultraviolet-oliveish-error-87927.db.redis.io\n    at GetAddrInfoReqWrap.onlookupall [as oncomplete] (node:dns:122:26)","syscall":"getaddrinfo","timestamp":"2026-09-20 20:32:51"}
{"code":"ENOTFOUND","environment":"production","errno":-3008,"hostname":"ultraviolet-oliveish-error-87927.db.redis.io","level":"error","message":"Redis Client Error getaddrinfo ENOTFOUND ultraviolet-oliveish-error-87927.db.redis.io","service":"vtunova-api","stack":"Error: getaddrinfo ENOTFOUND ultraviolet-oliveish-error-87927.db.redis.io\n    at GetAddrInfoReqWrap.onlookupall [as oncomplete] (node:dns:122:26)","syscall":"getaddrinfo","timestamp":"2026-09-20 20:32:51"}
{"code":"ENOTFOUND","environment":"production","errno":-3008,"hostname":"ultraviolet-oliveish-error-87927.db.redis.io","level":"error","message":"Redis Client Error getaddrinfo ENOTFOUND ultraviolet-oliveish-error-87927.db.redis.io","service":"vtunova-api","stack":"Error: getaddrinfo ENOTFOUND ultraviolet-oliveish-error-87927.db.redis.io\n    at GetAddrInfoReqWrap.onlookupall [as oncomplete] (node:dns:122:26)","syscall":"getaddrinfo","timestamp":"2026-09-20 20:32:51"}
{"code":"ENOTFOUND","environment":"production","errno":-3008,"hostname":"ultraviolet-oliveish-error-87927.db.redis.io","level":"error","message":"Redis Client Error getaddrinfo ENOTFOUND ultraviolet-oliveish-error-87927.db.redis.io","service":"vtunova-api","stack":"Error: getaddrinfo ENOTFOUND ultraviolet-oliveish-error-87927.db.redis.io\n    at GetAddrInfoReqWrap.onlookupall [as oncomplete] (node:dns:122:26)","syscall":"getaddrinfo","timestamp":"2026-09-20 20:32:52"}
{"code":"ENOTFOUND","environment":"production","errno":-3008,"hostname":"ultraviolet-oliveish-error-87927.db.redis.io","level":"error","message":"Redis Client Error getaddrinfo ENOTFOUND ultraviolet-oliveish-error-87927.db.redis.io","service":"vtunova-api","stack":"Error: getaddrinfo ENOTFOUND ultraviolet-oliveish-error-87927.db.redis.io\n    at GetAddrInfoReqWrap.onlookupall [as oncomplete] (node:dns:122:26)","syscall":"getaddrinfo","timestamp":"2026-09-20 20:32:53"}
{"code":"ENOTFOUND","environment":"production","errno":-3008,"hostname":"ultraviolet-oliveish-error-87927.db.redis.io","level":"error","message":"[notif-worker] Worker error: getaddrinfo ENOTFOUND ultraviolet-oliveish-error-87927.db.redis.io","service":"vtunova-api","stack":"Error: getaddrinfo ENOTFOUND ultraviolet-oliveish-error-87927.db.redis.io\n    at GetAddrInfoReqWrap.onlookupall [as oncomplete] (node:dns:122:26)","syscall":"getaddrinfo","timestamp":"2026-09-20 20:32:54"}
{"code":"ENOTFOUND","environment":"production","errno":-3008,"hostname":"ultraviolet-oliveish-error-87927.db.redis.io","level":"error","message":"Redis Client Error getaddrinfo ENOTFOUND ultraviolet-oliveish-error-87927.db.redis.io","service":"vtunova-api","stack":"Error: getaddrinfo ENOTFOUND ultraviolet-oliveish-error-87927.db.redis.io\n    at GetAddrInfoReqWrap.onlookupall [as oncomplete] (node:dns:122:26)","syscall":"getaddrinfo","timestamp":"2026-09-20 20:32:55"}
{"code":"ECONNRESET","environment":"production","errno":-4077,"level":"error","message":"[notif-worker] Worker error: read ECONNRESET","service":"vtunova-api","stack":"Error: read ECONNRESET\n    at TCP.onStreamRead (node:internal/stream_base_commons:216:20)","syscall":"read","timestamp":"2026-09-20 20:32:55"}
{"code":"ENOTFOUND","environment":"production","errno":-3008,"hostname":"ultraviolet-oliveish-error-87927.db.redis.io","level":"error","message":"[notif-worker] Worker error: getaddrinfo ENOTFOUND ultraviolet-oliveish-error-87927.db.redis.io","service":"vtunova-api","stack":"Error: getaddrinfo ENOTFOUND ultraviolet-oliveish-error-87927.db.redis.io\n    at GetAddrInfoReqWrap.onlookupall [as oncomplete] (node:dns:122:26)","syscall":"getaddrinfo","timestamp":"2026-09-20 20:32:56"}
{"code":"ENOTFOUND","environment":"production","errno":-3008,"hostname":"ultraviolet-oliveish-error-87927.db.redis.io","level":"error","message":"Redis Client Error getaddrinfo ENOTFOUND ultraviolet-oliveish-error-87927.db.redis.io","service":"vtunova-api","stack":"Error: getaddrinfo ENOTFOUND ultraviolet-oliveish-error-87927.db.redis.io\n    at GetAddrInfoReqWrap.onlookupall [as oncomplete] (node:dns:122:26)","syscall":"getaddrinfo","timestamp":"2026-09-20 20:32:57"}
{"code":"ENOTFOUND","environment":"production","errno":-3008,"hostname":"ultraviolet-oliveish-error-87927.db.redis.io","level":"error","message":"[notif-worker] Worker error: getaddrinfo ENOTFOUND ultraviolet-oliveish-error-87927.db.redis.io","service":"vtunova-api","stack":"Error: getaddrinfo ENOTFOUND ultraviolet-oliveish-error-87927.db.redis.io\n    at GetAddrInfoReqWrap.onlookupall [as oncomplete] (node:dns:122:26)","syscall":"getaddrinfo","timestamp":"2026-09-20 20:32:57"}
{"code":"ENOTFOUND","environment":"production","errno":-3008,"hostname":"ultraviolet-oliveish-error-87927.db.redis.io","level":"error","message":"[notif-worker] Worker error: getaddrinfo ENOTFOUND ultraviolet-oliveish-error-87927.db.redis.io","service":"vtunova-api","stack":"Error: getaddrinfo ENOTFOUND ultraviolet-oliveish-error-87927.db.redis.io\n    at GetAddrInfoReqWrap.onlookupall [as oncomplete] (node:dns:122:26)","syscall":"getaddrinfo","timestamp":"2026-09-20 20:32:58"}
{"code":"ENOTFOUND","environment":"production","errno":-3008,"hostname":"ultraviolet-oliveish-error-87927.db.redis.io","level":"error","message":"Redis Client Error getaddrinfo ENOTFOUND ultraviolet-oliveish-error-87927.db.redis.io","service":"vtunova-api","stack":"Error: getaddrinfo ENOTFOUND ultraviolet-oliveish-error-87927.db.redis.io\n    at GetAddrInfoReqWrap.onlookupall [as oncomplete] (node:dns:122:26)","syscall":"getaddrinfo","timestamp":"2026-09-20 20:32:59"}
{"code":"ENOTFOUND","environment":"production","errno":-3008,"hostname":"ultraviolet-oliveish-error-87927.db.redis.io","level":"error","message":"[notif-worker] Worker error: getaddrinfo ENOTFOUND ultraviolet-oliveish-error-87927.db.redis.io","service":"vtunova-api","stack":"Error: getaddrinfo ENOTFOUND ultraviolet-oliveish-error-87927.db.redis.io\n    at GetAddrInfoReqWrap.onlookupall [as oncomplete] (node:dns:122:26)","syscall":"getaddrinfo","timestamp":"2026-09-20 20:32:59"}
{"code":"ENOTFOUND","environment":"production","errno":-3008,"hostname":"ultraviolet-oliveish-error-87927.db.redis.io","level":"error","message":"[notif-worker] Worker error: getaddrinfo ENOTFOUND ultraviolet-oliveish-error-87927.db.redis.io","service":"vtunova-api","stack":"Error: getaddrinfo ENOTFOUND ultraviolet-oliveish-error-87927.db.redis.io\n    at GetAddrInfoReqWrap.onlookupall [as oncomplete] (node:dns:122:26)","syscall":"getaddrinfo","timestamp":"2026-09-20 20:33:00"}
{"code":"ENOTFOUND","environment":"production","errno":-3008,"hostname":"ultraviolet-oliveish-error-87927.db.redis.io","level":"error","message":"Redis Client Error getaddrinfo ENOTFOUND ultraviolet-oliveish-error-87927.db.redis.io","service":"vtunova-api","stack":"Error: getaddrinfo ENOTFOUND ultraviolet-oliveish-error-87927.db.redis.io\n    at GetAddrInfoReqWrap.onlookupall [as oncomplete] (node:dns:122:26)","syscall":"getaddrinfo","timestamp":"2026-09-20 20:33:01"}
{"code":"ENOTFOUND","environment":"production","errno":-3008,"hostname":"ultraviolet-oliveish-error-87927.db.redis.io","level":"error","message":"[notif-worker] Worker error: getaddrinfo ENOTFOUND ultraviolet-oliveish-error-87927.db.redis.io","service":"vtunova-api","stack":"Error: getaddrinfo ENOTFOUND ultraviolet-oliveish-error-87927.db.redis.io\n    at GetAddrInfoReqWrap.onlookupall [as oncomplete] (node:dns:122:26)","syscall":"getaddrinfo","timestamp":"2026-09-20 20:33:01"}
{"code":"ENOTFOUND","environment":"production","errno":-3008,"hostname":"ultraviolet-oliveish-error-87927.db.redis.io","level":"error","message":"[notif-worker] Worker error: getaddrinfo ENOTFOUND ultraviolet-oliveish-error-87927.db.redis.io","service":"vtunova-api","stack":"Error: getaddrinfo ENOTFOUND ultraviolet-oliveish-error-87927.db.redis.io\n    at GetAddrInfoReqWrap.onlookupall [as oncomplete] (node:dns:122:26)","syscall":"getaddrinfo","timestamp":"2026-09-20 20:33:02"}
{"code":"ENOTFOUND","environment":"production","errno":-3008,"hostname":"ultraviolet-oliveish-error-87927.db.redis.io","level":"error","message":"Redis Client Error getaddrinfo ENOTFOUND ultraviolet-oliveish-error-87927.db.redis.io","service":"vtunova-api","stack":"Error: getaddrinfo ENOTFOUND ultraviolet-oliveish-error-87927.db.redis.io\n    at GetAddrInfoReqWrap.onlookupall [as oncomplete] (node:dns:122:26)","syscall":"getaddrinfo","timestamp":"2026-09-20 20:33:03"}
{"code":"ENOTFOUND","environment":"production","errno":-3008,"hostname":"ultraviolet-oliveish-error-87927.db.redis.io","level":"error","message":"Redis Client Error getaddrinfo ENOTFOUND ultraviolet-oliveish-error-87927.db.redis.io","service":"vtunova-api","stack":"Error: getaddrinfo ENOTFOUND ultraviolet-oliveish-error-87927.db.redis.io\n    at GetAddrInfoReqWrap.onlookupall [as oncomplete] (node:dns:122:26)","syscall":"getaddrinfo","timestamp":"2026-09-20 20:33:05"}
{"code":"ENOTFOUND","environment":"production","errno":-3008,"hostname":"ultraviolet-oliveish-error-87927.db.redis.io","level":"error","message":"[notif-worker] Worker error: getaddrinfo ENOTFOUND ultraviolet-oliveish-error-87927.db.redis.io","service":"vtunova-api","stack":"Error: getaddrinfo ENOTFOUND ultraviolet-oliveish-error-87927.db.redis.io\n    at GetAddrInfoReqWrap.onlookupall [as oncomplete] (node:dns:122:26)","syscall":"getaddrinfo","timestamp":"2026-09-20 20:33:05"}
{"code":"ENOTFOUND","environment":"production","errno":-3008,"hostname":"ultraviolet-oliveish-error-87927.db.redis.io","level":"error","message":"Redis Client Error getaddrinfo ENOTFOUND ultraviolet-oliveish-error-87927.db.redis.io","service":"vtunova-api","stack":"Error: getaddrinfo ENOTFOUND ultraviolet-oliveish-error-87927.db.redis.io\n    at GetAddrInfoReqWrap.onlookupall [as oncomplete] (node:dns:122:26)","syscall":"getaddrinfo","timestamp":"2026-09-20 20:33:07"}
{"code":"ENOTFOUND","environment":"production","errno":-3008,"hostname":"ultraviolet-oliveish-error-87927.db.redis.io","level":"error","message":"Redis Client Error getaddrinfo ENOTFOUND ultraviolet-oliveish-error-87927.db.redis.io","service":"vtunova-api","stack":"Error: getaddrinfo ENOTFOUND ultraviolet-oliveish-error-87927.db.redis.io\n    at GetAddrInfoReqWrap.onlookupall [as oncomplete] (node:dns:122:26)","syscall":"getaddrinfo","timestamp":"2026-09-20 20:33:09"}
{"code":"ENOTFOUND","environment":"production","errno":-3008,"hostname":"ultraviolet-oliveish-error-87927.db.redis.io","level":"error","message":"Redis Client Error getaddrinfo ENOTFOUND ultraviolet-oliveish-error-87927.db.redis.io","service":"vtunova-api","stack":"Error: getaddrinfo ENOTFOUND ultraviolet-oliveish-error-87927.db.redis.io\n    at GetAddrInfoReqWrap.onlookupall [as oncomplete] (node:dns:122:26)","syscall":"getaddrinfo","timestamp":"2026-09-20 20:33:12"}
{"code":"ENOTFOUND","environment":"production","errno":-3008,"hostname":"ultraviolet-oliveish-error-87927.db.redis.io","level":"error","message":"[notif-worker] Worker error: getaddrinfo ENOTFOUND ultraviolet-oliveish-error-87927.db.redis.io","service":"vtunova-api","stack":"Error: getaddrinfo ENOTFOUND ultraviolet-oliveish-error-87927.db.redis.io\n    at GetAddrInfoReqWrap.onlookupall [as oncomplete] (node:dns:122:26)","syscall":"getaddrinfo","timestamp":"2026-09-20 20:33:13"}
{"code":"ENOTFOUND","environment":"production","errno":-3008,"hostname":"ultraviolet-oliveish-error-87927.db.redis.io","level":"error","message":"Redis Client Error getaddrinfo ENOTFOUND ultraviolet-oliveish-error-87927.db.redis.io","service":"vtunova-api","stack":"Error: getaddrinfo ENOTFOUND ultraviolet-oliveish-error-87927.db.redis.io\n    at GetAddrInfoReqWrap.onlookupall [as oncomplete] (node:dns:122:26)","syscall":"getaddrinfo","timestamp":"2026-09-20 20:33:14"}
{"code":"ENOTFOUND","environment":"production","errno":-3008,"hostname":"ultraviolet-oliveish-error-87927.db.redis.io","level":"error","message":"[notif-worker] Worker error: getaddrinfo ENOTFOUND ultraviolet-oliveish-error-87927.db.redis.io","service":"vtunova-api","stack":"Error: getaddrinfo ENOTFOUND ultraviolet-oliveish-error-87927.db.redis.io\n    at GetAddrInfoReqWrap.onlookupall [as oncomplete] (node:dns:122:26)","syscall":"getaddrinfo","timestamp":"2026-09-20 20:33:14"}
{"code":"ENOTFOUND","environment":"production","errno":-3008,"hostname":"ultraviolet-oliveish-error-87927.db.redis.io","level":"error","message":"Redis Client Error getaddrinfo ENOTFOUND ultraviolet-oliveish-error-87927.db.redis.io","service":"vtunova-api","stack":"Error: getaddrinfo ENOTFOUND ultraviolet-oliveish-error-87927.db.redis.io\n    at GetAddrInfoReqWrap.onlookupall [as oncomplete] (node:dns:122:26)","syscall":"getaddrinfo","timestamp":"2026-09-20 20:33:16"}
{"code":"ENOTFOUND","environment":"production","errno":-3008,"hostname":"ultraviolet-oliveish-error-87927.db.redis.io","level":"error","message":"Redis Client Error getaddrinfo ENOTFOUND ultraviolet-oliveish-error-87927.db.redis.io","service":"vtunova-api","stack":"Error: getaddrinfo ENOTFOUND ultraviolet-oliveish-error-87927.db.redis.io\n    at GetAddrInfoReqWrap.onlookupall [as oncomplete] (node:dns:122:26)","syscall":"getaddrinfo","timestamp":"2026-09-20 20:33:18"}
{"code":"ENOTFOUND","environment":"production","errno":-3008,"hostname":"ultraviolet-oliveish-error-87927.db.redis.io","level":"error","message":"Redis Client Error getaddrinfo ENOTFOUND ultraviolet-oliveish-error-87927.db.redis.io","service":"vtunova-api","stack":"Error: getaddrinfo ENOTFOUND ultraviolet-oliveish-error-87927.db.redis.io\n    at GetAddrInfoReqWrap.onlookupall [as oncomplete] (node:dns:122:26)","syscall":"getaddrinfo","timestamp":"2026-09-20 20:33:20"}
{"code":"ENOTFOUND","environment":"production","errno":-3008,"hostname":"ultraviolet-oliveish-error-87927.db.redis.io","level":"error","message":"Redis Client Error getaddrinfo ENOTFOUND ultraviolet-oliveish-error-87927.db.redis.io","service":"vtunova-api","stack":"Error: getaddrinfo ENOTFOUND ultraviolet-oliveish-error-87927.db.redis.io\n    at GetAddrInfoReqWrap.onlookupall [as oncomplete] (node:dns:122:26)","syscall":"getaddrinfo","timestamp":"2026-09-20 20:33:22"}
{"code":"ENOTFOUND","environment":"production","errno":-3008,"hostname":"ultraviolet-oliveish-error-87927.db.redis.io","level":"error","message":"Redis Client Error getaddrinfo ENOTFOUND ultraviolet-oliveish-error-87927.db.redis.io","service":"vtunova-api","stack":"Error: getaddrinfo ENOTFOUND ultraviolet-oliveish-error-87927.db.redis.io\n    at GetAddrInfoReqWrap.onlookupall [as oncomplete] (node:dns:122:26)","syscall":"getaddrinfo","timestamp":"2026-09-20 20:33:24"}
{"environment":"production","level":"info","message":"Redis client connected","service":"vtunova-api","timestamp":"2026-09-20 20:33:27"}
{"environment":"production","level":"info","message":"Cache hit for key: user:6aafdfc1d13727f3d0cced82:profile","service":"vtunova-api","timestamp":"2026-09-20 20:34:24"}
{"environment":"production","level":"error","message":"Error fetching profile for user 6aafdfc1d13727f3d0cced82: Converting circular structure to JSON\n    --> starting at object with constructor 'Socket'\n    |     property 'parser' -> object with constructor 'HTTPParser'\n    --- property 'socket' closes the circle","service":"vtunova-api","timestamp":"2026-09-20 20:34:24"}
{"environment":"production","level":"error","message":"Failed to invalidate cache for key: user:6aafdfc1d13727f3d0cced82:notifications","service":"vtunova-api","timestamp":"2026-09-20 20:34:25"}
{"environment":"production","level":"info","message":"Cache hit for key: user:6aafdfc1d13727f3d0cced82:transactions","service":"vtunova-api","timestamp":"2026-09-20 20:34:26"}
{"environment":"production","level":"info","message":"Notification formatted for type: loginAlert","service":"vtunova-api","timestamp":"2026-09-20 20:34:26"}
{"environment":"production","level":"info","message":"Notification formatted for type: loginAlert","service":"vtunova-api","timestamp":"2026-09-20 20:34:26"}
{"environment":"production","level":"info","message":"Cache miss for key: user:6aafdfc1d13727f3d0cced82:notifications","service":"vtunova-api","timestamp":"2026-09-20 20:34:26"}
{"environment":"production","level":"error","message":"Failed to invalidate cache for key: user:6aafdfc1d13727f3d0cced82:notifications","service":"vtunova-api","timestamp":"2026-09-20 20:34:26"}
{"environment":"production","level":"info","message":"Cache set for key: user:6aafdfc1d13727f3d0cced82:notifications","service":"vtunova-api","timestamp":"2026-09-20 20:34:27"}
{"environment":"production","level":"info","message":"Cache hit for key: user:6aafdfc1d13727f3d0cced82:transactions","service":"vtunova-api","timestamp":"2026-09-20 20:34:27"}
{"environment":"production","level":"info","message":"Notification formatted for type: loginAlert","service":"vtunova-api","timestamp":"2026-09-20 20:34:27"}
{"environment":"production","level":"info","message":"Notification formatted for type: loginAlert","service":"vtunova-api","timestamp":"2026-09-20 20:34:27"}
{"environment":"production","level":"info","message":"Cache hit for key: user:6aafdfc1d13727f3d0cced82:notifications","service":"vtunova-api","timestamp":"2026-09-20 20:34:28"}
{"environment":"production","level":"info","message":"Email transport ready via smtp.gmail.com","service":"vtunova-api","timestamp":"2026-09-20 20:44:31"}
{"environment":"production","level":"info","message":"Redis client connected","service":"vtunova-api","timestamp":"2026-09-20 20:44:55"}
{"environment":"production","level":"info","message":"SMTP connection veried","service":"vtunova-api","timestamp":"2026-09-20 20:45:00"}
{"environment":"production","level":"info","message":"Email listeners registered for 11 event type(s)","service":"vtunova-api","timestamp":"2026-09-20 20:45:00"}
{"environment":"production","level":"info","message":"Notification listeners registered for 14 event type(s)","service":"vtunova-api","timestamp":"2026-09-20 20:45:00"}
{"environment":"production","level":"info","message":"VtuNova Platform running on port 3000 [production]","service":"vtunova-api","timestamp":"2026-09-20 20:45:00"}
{"environment":"production","level":"info","message":"API Docs: http://localhost:3000/api","service":"vtunova-api","timestamp":"2026-09-20 20:45:00"}
{"environment":"production","level":"info","message":"Notification formatted for type: deposit","service":"vtunova-api","timestamp":"2026-09-20 20:51:41"}
{"environment":"production","level":"info","message":"Email transport ready via smtp.gmail.com","service":"vtunova-api","timestamp":"2026-09-20 20:52:17"}
{"environment":"production","level":"info","message":"Redis client connected","service":"vtunova-api","timestamp":"2026-09-20 20:52:20"}
{"environment":"production","level":"info","message":"SMTP connection veried","service":"vtunova-api","timestamp":"2026-09-20 20:52:31"}
{"environment":"production","level":"info","message":"Email listeners registered for 11 event type(s)","service":"vtunova-api","timestamp":"2026-09-20 20:52:31"}
{"environment":"production","level":"info","message":"Notification listeners registered for 14 event type(s)","service":"vtunova-api","timestamp":"2026-09-20 20:52:31"}
{"environment":"production","level":"info","message":"VtuNova Platform running on port 3000 [production]","service":"vtunova-api","timestamp":"2026-09-20 20:52:31"}
{"environment":"production","level":"info","message":"API Docs: http://localhost:3000/api","service":"vtunova-api","timestamp":"2026-09-20 20:52:31"}
{"environment":"production","level":"info","message":"Email transport ready via smtp.gmail.com","service":"vtunova-api","timestamp":"2026-09-20 20:55:24"}
{"environment":"production","level":"info","message":"Redis client connected","service":"vtunova-api","timestamp":"2026-09-20 20:55:31"}
{"environment":"production","level":"info","message":"SMTP connection veried","service":"vtunova-api","timestamp":"2026-09-20 20:55:41"}
{"environment":"production","level":"info","message":"Email listeners registered for 11 event type(s)","service":"vtunova-api","timestamp":"2026-09-20 20:55:41"}
{"environment":"production","level":"info","message":"Notification listeners registered for 14 event type(s)","service":"vtunova-api","timestamp":"2026-09-20 20:55:41"}
{"environment":"production","level":"info","message":"VtuNova Platform running on port 3000 [production]","service":"vtunova-api","timestamp":"2026-09-20 20:55:41"}
{"environment":"production","level":"info","message":"API Docs: http://localhost:3000/api","service":"vtunova-api","timestamp":"2026-09-20 20:55:41"}
{"environment":"production","level":"info","message":"Email transport ready via smtp.gmail.com","service":"vtunova-api","timestamp":"2026-09-20 20:55:53"}
{"environment":"production","level":"info","message":"Redis client connected","service":"vtunova-api","timestamp":"2026-09-20 20:55:57"}
{"environment":"production","level":"info","message":"SMTP connection veried","service":"vtunova-api","timestamp":"2026-09-20 20:55:59"}
{"environment":"production","level":"info","message":"Email listeners registered for 11 event type(s)","service":"vtunova-api","timestamp":"2026-09-20 20:55:59"}
{"environment":"production","level":"info","message":"Notification listeners registered for 14 event type(s)","service":"vtunova-api","timestamp":"2026-09-20 20:55:59"}
{"environment":"production","level":"info","message":"VtuNova Platform running on port 3000 [production]","service":"vtunova-api","timestamp":"2026-09-20 20:55:59"}
{"environment":"production","level":"info","message":"API Docs: http://localhost:3000/api","service":"vtunova-api","timestamp":"2026-09-20 20:55:59"}
{"environment":"production","level":"info","message":"Clearing cache for user 6aafdfc1d13727f3d0cced82: deleted 3 key(s)","service":"vtunova-api","timestamp":"2026-09-20 20:57:31"}
{"environment":"production","level":"info","message":"Cache cleared for user 6aafdfc1d13727f3d0cced82","service":"vtunova-api","timestamp":"2026-09-20 20:57:31"}
{"environment":"production","level":"info","message":"User login notification queued successfully","service":"vtunova-api","timestamp":"2026-09-20 20:57:35"}
{"environment":"production","level":"info","message":"[notif-worker] Processing job: loginAlert (id=234)","service":"vtunova-api","timestamp":"2026-09-20 20:57:35"}
{"environment":"production","level":"info","message":"[notif-worker] Job data: {\"userId\":\"6aafdfc1d13727f3d0cced82\",\"type\":\"security\",\"ip\":\"::1\",\"device\":\"Mozilla/5.0 (Windows NT 10.0; Win64; x64) AppleWebKit/537.36 (KHTML, like Gecko) Chrome/153.0.0.0 Safari/537.36\",\"category\":\"loginAlert\"}","service":"vtunova-api","timestamp":"2026-09-20 20:57:35"}
{"environment":"production","level":"info","message":"[notif-worker] Processing login alert for user 6aafdfc1d13727f3d0cced82","service":"vtunova-api","timestamp":"2026-09-20 20:57:35"}
{"environment":"production","level":"info","message":"[email-worker] Processing job: loginAlert (id=225)","service":"vtunova-api","timestamp":"2026-09-20 20:57:35"}
{"environment":"production","level":"info","message":"Notification created:","service":"vtunova-api","timestamp":"2026-09-20 20:57:35"}
{"environment":"production","level":"error","message":"Failed to invalidate cache for key: user:6aafdfc1d13727f3d0cced82:notifications","service":"vtunova-api","timestamp":"2026-09-20 20:57:35"}
{"environment":"production","level":"info","message":"[notif-worker] Job 234 completed successfully","service":"vtunova-api","timestamp":"2026-09-20 20:57:36"}
{"environment":"production","level":"info","message":"[email-worker] Job 225 completed","service":"vtunova-api","timestamp":"2026-09-20 20:57:37"}
{"environment":"production","level":"error","message":"Failed to invalidate cache for key: user:6aafdfc1d13727f3d0cced82:transactions","service":"vtunova-api","timestamp":"2026-09-20 20:57:57"}
{"environment":"production","level":"info","message":"Cache invalidated for user 6aafdfc1d13727f3d0cced82","service":"vtunova-api","timestamp":"2026-09-20 20:57:57"}
{"environment":"production","level":"info","message":"Transaction saved to DB","service":"vtunova-api","timestamp":"2026-09-20 20:57:57"}
{"environment":"production","level":"info","message":"Cache miss for key: user:6aafdfc1d13727f3d0cced82:profile","service":"vtunova-api","timestamp":"2026-09-20 20:58:06"}
{"environment":"production","level":"info","message":"Cache set for key: user:6aafdfc1d13727f3d0cced82:profile","service":"vtunova-api","timestamp":"2026-09-20 20:58:06"}
{"environment":"production","level":"error","message":"Error fetching profile for user 6aafdfc1d13727f3d0cced82: Converting circular structure to JSON\n    --> starting at object with constructor 'Socket'\n    |     property 'parser' -> object with constructor 'HTTPParser'\n    --- property 'socket' closes the circle","service":"vtunova-api","timestamp":"2026-09-20 20:58:07"}
{"environment":"production","level":"info","message":"Cache miss for key: user:6aafdfc1d13727f3d0cced82:transactions","service":"vtunova-api","timestamp":"2026-09-20 20:58:08"}
{"environment":"production","level":"info","message":"Cache set for key: user:6aafdfc1d13727f3d0cced82:transactions","service":"vtunova-api","timestamp":"2026-09-20 20:58:08"}
{"environment":"production","level":"info","message":"Cache set for user 6aafdfc1d13727f3d0cced82","service":"vtunova-api","timestamp":"2026-09-20 20:58:08"}
{"environment":"production","level":"info","message":"Notification formatted for type: loginAlert","service":"vtunova-api","timestamp":"2026-09-20 20:58:08"}
{"environment":"production","level":"info","message":"Notification formatted for type: loginAlert","service":"vtunova-api","timestamp":"2026-09-20 20:58:08"}
{"environment":"production","level":"info","message":"Notification formatted for type: loginAlert","service":"vtunova-api","timestamp":"2026-09-20 20:58:08"}
{"environment":"production","level":"info","message":"Cache miss for key: user:6aafdfc1d13727f3d0cced82:notifications","service":"vtunova-api","timestamp":"2026-09-20 20:58:09"}
{"environment":"production","level":"info","message":"Cache set for key: user:6aafdfc1d13727f3d0cced82:notifications","service":"vtunova-api","timestamp":"2026-09-20 20:58:09"}
{"environment":"production","level":"info","message":"Cache hit for key: user:6aafdfc1d13727f3d0cced82:transactions","service":"vtunova-api","timestamp":"2026-09-20 20:58:09"}
{"environment":"production","level":"info","message":"Notification formatted for type: loginAlert","service":"vtunova-api","timestamp":"2026-09-20 20:58:09"}
{"environment":"production","level":"info","message":"Notification formatted for type: loginAlert","service":"vtunova-api","timestamp":"2026-09-20 20:58:09"}
{"environment":"production","level":"info","message":"Notification formatted for type: loginAlert","service":"vtunova-api","timestamp":"2026-09-20 20:58:09"}
{"environment":"production","level":"info","message":"Cache hit for key: user:6aafdfc1d13727f3d0cced82:notifications","service":"vtunova-api","timestamp":"2026-09-20 20:58:10"}
{"environment":"production","level":"info","message":"Cache invalidated for key: user:6aafdfc1d13727f3d0cced82:notifications","service":"vtunova-api","timestamp":"2026-09-20 20:58:12"}
{"environment":"production","level":"error","message":"Failed to invalidate cache for key: user:6aafdfc1d13727f3d0cced82:notifications","service":"vtunova-api","timestamp":"2026-09-20 20:58:12"}
{"environment":"production","level":"info","message":"Cache hit for key: user:6aafdfc1d13727f3d0cced82:profile","service":"vtunova-api","timestamp":"2026-09-20 20:58:17"}
{"environment":"production","level":"error","message":"Error fetching profile for user 6aafdfc1d13727f3d0cced82: Converting circular structure to JSON\n    --> starting at object with constructor 'Socket'\n    |     property 'parser' -> object with constructor 'HTTPParser'\n    --- property 'socket' closes the circle","service":"vtunova-api","timestamp":"2026-09-20 20:58:17"}
{"environment":"production","level":"error","message":"Failed to invalidate cache for key: user:6aafdfc1d13727f3d0cced82:notifications","service":"vtunova-api","timestamp":"2026-09-20 20:58:18"}
{"environment":"production","level":"error","message":"Failed to invalidate cache for key: user:6aafdfc1d13727f3d0cced82:notifications","service":"vtunova-api","timestamp":"2026-09-20 20:58:18"}
{"environment":"production","level":"info","message":"Cache hit for key: user:6aafdfc1d13727f3d0cced82:transactions","service":"vtunova-api","timestamp":"2026-09-20 20:58:18"}
{"environment":"production","level":"info","message":"Notification formatted for type: loginAlert","service":"vtunova-api","timestamp":"2026-09-20 20:58:18"}
{"environment":"production","level":"info","message":"Notification formatted for type: loginAlert","service":"vtunova-api","timestamp":"2026-09-20 20:58:18"}
{"environment":"production","level":"info","message":"Notification formatted for type: loginAlert","service":"vtunova-api","timestamp":"2026-09-20 20:58:18"}
{"environment":"production","level":"info","message":"Cache miss for key: user:6aafdfc1d13727f3d0cced82:notifications","service":"vtunova-api","timestamp":"2026-09-20 20:58:18"}
{"environment":"production","level":"info","message":"Cache set for key: user:6aafdfc1d13727f3d0cced82:notifications","service":"vtunova-api","timestamp":"2026-09-20 20:58:18"}
{"environment":"production","level":"info","message":"Cache hit for key: user:6aafdfc1d13727f3d0cced82:transactions","service":"vtunova-api","timestamp":"2026-09-20 20:58:19"}
{"environment":"production","level":"info","message":"Notification formatted for type: loginAlert","service":"vtunova-api","timestamp":"2026-09-20 20:58:19"}
{"environment":"production","level":"info","message":"Notification formatted for type: loginAlert","service":"vtunova-api","timestamp":"2026-09-20 20:58:19"}
{"environment":"production","level":"info","message":"Notification formatted for type: loginAlert","service":"vtunova-api","timestamp":"2026-09-20 20:58:19"}
{"environment":"production","level":"info","message":"Cache hit for key: user:6aafdfc1d13727f3d0cced82:notifications","service":"vtunova-api","timestamp":"2026-09-20 20:58:19"}
{"environment":"production","level":"info","message":"Email transport ready via smtp.gmail.com","service":"vtunova-api","timestamp":"2026-09-20 21:02:55"}
{"environment":"production","level":"info","message":"Redis client connected","service":"vtunova-api","timestamp":"2026-09-20 21:03:00"}
{"environment":"production","level":"info","message":"SMTP connection veried","service":"vtunova-api","timestamp":"2026-09-20 21:03:10"}
{"environment":"production","level":"info","message":"Email listeners registered for 11 event type(s)","service":"vtunova-api","timestamp":"2026-09-20 21:03:10"}
{"environment":"production","level":"info","message":"Notification listeners registered for 14 event type(s)","service":"vtunova-api","timestamp":"2026-09-20 21:03:10"}
{"environment":"production","level":"info","message":"VtuNova Platform running on port 3000 [production]","service":"vtunova-api","timestamp":"2026-09-20 21:03:10"}
{"environment":"production","level":"info","message":"API Docs: http://localhost:3000/api","service":"vtunova-api","timestamp":"2026-09-20 21:03:10"}
{"environment":"production","level":"info","message":"Cache invalidated for key: user:6aafdfc1d13727f3d0cced82:profile","service":"vtunova-api","timestamp":"2026-09-20 21:03:12"}
{"environment":"production","level":"info","message":"User login notification queued successfully","service":"vtunova-api","timestamp":"2026-09-20 21:03:12"}
{"environment":"production","level":"info","message":"[notif-worker] Processing job: loginAlert (id=235)","service":"vtunova-api","timestamp":"2026-09-20 21:03:13"}
{"environment":"production","level":"info","message":"[notif-worker] Job data: {\"userId\":\"6aafdfc1d13727f3d0cced82\",\"type\":\"security\",\"ip\":\"::1\",\"device\":\"Mozilla/5.0 (Windows NT 10.0; Win64; x64) AppleWebKit/537.36 (KHTML, like Gecko) Chrome/153.0.0.0 Safari/537.36\",\"category\":\"loginAlert\"}","service":"vtunova-api","timestamp":"2026-09-20 21:03:13"}
{"environment":"production","level":"info","message":"[notif-worker] Processing login alert for user 6aafdfc1d13727f3d0cced82","service":"vtunova-api","timestamp":"2026-09-20 21:03:13"}
{"environment":"production","level":"info","message":"[email-worker] Processing job: loginAlert (id=226)","service":"vtunova-api","timestamp":"2026-09-20 21:03:13"}
{"environment":"production","level":"info","message":"Notification created:","service":"vtunova-api","timestamp":"2026-09-20 21:03:13"}
{"environment":"production","level":"info","message":"Cache invalidated for key: user:6aafdfc1d13727f3d0cced82:notifications","service":"vtunova-api","timestamp":"2026-09-20 21:03:13"}
{"environment":"production","level":"info","message":"[notif-worker] Job 235 completed successfully","service":"vtunova-api","timestamp":"2026-09-20 21:03:14"}
{"environment":"production","level":"info","message":"[email-worker] Job 226 completed","service":"vtunova-api","timestamp":"2026-09-20 21:03:15"}
{"environment":"production","level":"info","message":"Email transport ready via smtp.gmail.com","service":"vtunova-api","timestamp":"2026-09-20 21:06:47"}
{"environment":"production","level":"info","message":"Redis client connected","service":"vtunova-api","timestamp":"2026-09-20 21:06:52"}
{"environment":"production","level":"info","message":"Email transport ready via smtp.gmail.com","service":"vtunova-api","timestamp":"2026-09-20 21:07:13"}
{"environment":"production","level":"info","message":"Redis client connected","service":"vtunova-api","timestamp":"2026-09-20 21:07:17"}
{"environment":"production","level":"info","message":"SMTP connection veried","service":"vtunova-api","timestamp":"2026-09-20 21:07:20"}
{"environment":"production","level":"info","message":"Email listeners registered for 11 event type(s)","service":"vtunova-api","timestamp":"2026-09-20 21:07:20"}
{"environment":"production","level":"info","message":"Notification listeners registered for 14 event type(s)","service":"vtunova-api","timestamp":"2026-09-20 21:07:20"}
{"environment":"production","level":"info","message":"VtuNova Platform running on port 3000 [production]","service":"vtunova-api","timestamp":"2026-09-20 21:07:20"}
{"environment":"production","level":"info","message":"API Docs: http://localhost:3000/api","service":"vtunova-api","timestamp":"2026-09-20 21:07:20"}
{"environment":"production","level":"info","message":"Email transport ready via smtp.gmail.com","service":"vtunova-api","timestamp":"2026-09-20 21:07:27"}
{"environment":"production","level":"info","message":"Redis client connected","service":"vtunova-api","timestamp":"2026-09-20 21:07:34"}
{"environment":"production","level":"info","message":"SMTP connection veried","service":"vtunova-api","timestamp":"2026-09-20 21:07:38"}
{"environment":"production","level":"info","message":"Email listeners registered for 11 event type(s)","service":"vtunova-api","timestamp":"2026-09-20 21:07:38"}
{"environment":"production","level":"info","message":"Notification listeners registered for 14 event type(s)","service":"vtunova-api","timestamp":"2026-09-20 21:07:38"}
{"environment":"production","level":"info","message":"VtuNova Platform running on port 3000 [production]","service":"vtunova-api","timestamp":"2026-09-20 21:07:38"}
{"environment":"production","level":"info","message":"API Docs: http://localhost:3000/api","service":"vtunova-api","timestamp":"2026-09-20 21:07:39"}
{"environment":"production","level":"info","message":"Cache miss for key: user:6aafdfc1d13727f3d0cced82:profile","service":"vtunova-api","timestamp":"2026-09-20 21:07:46"}
{"environment":"production","level":"info","message":"Cache set for key: user:6aafdfc1d13727f3d0cced82:profile","service":"vtunova-api","timestamp":"2026-09-20 21:07:46"}
{"environment":"production","level":"info","message":"Cache hit for key: user:6aafdfc1d13727f3d0cced82:transactions","service":"vtunova-api","timestamp":"2026-09-20 21:07:48"}
{"environment":"production","level":"info","message":"Notification formatted for type: loginAlert","service":"vtunova-api","timestamp":"2026-09-20 21:07:48"}
{"environment":"production","level":"info","message":"Notification formatted for type: loginAlert","service":"vtunova-api","timestamp":"2026-09-20 21:07:48"}
{"environment":"production","level":"info","message":"Notification formatted for type: loginAlert","service":"vtunova-api","timestamp":"2026-09-20 21:07:48"}
{"environment":"production","level":"info","message":"Notification formatted for type: loginAlert","service":"vtunova-api","timestamp":"2026-09-20 21:07:48"}
{"environment":"production","level":"info","message":"Cache miss for key: user:6aafdfc1d13727f3d0cced82:notifications","service":"vtunova-api","timestamp":"2026-09-20 21:07:48"}
{"environment":"production","level":"info","message":"Cache set for key: user:6aafdfc1d13727f3d0cced82:notifications","service":"vtunova-api","timestamp":"2026-09-20 21:07:49"}
{"environment":"production","level":"info","message":"Cache hit for key: user:6aafdfc1d13727f3d0cced82:transactions","service":"vtunova-api","timestamp":"2026-09-20 21:07:49"}
{"environment":"production","level":"info","message":"Notification formatted for type: loginAlert","service":"vtunova-api","timestamp":"2026-09-20 21:07:49"}
{"environment":"production","level":"info","message":"Notification formatted for type: loginAlert","service":"vtunova-api","timestamp":"2026-09-20 21:07:49"}
{"environment":"production","level":"info","message":"Notification formatted for type: loginAlert","service":"vtunova-api","timestamp":"2026-09-20 21:07:49"}
{"environment":"production","level":"info","message":"Notification formatted for type: loginAlert","service":"vtunova-api","timestamp":"2026-09-20 21:07:49"}
{"environment":"production","level":"info","message":"Cache hit for key: user:6aafdfc1d13727f3d0cced82:notifications","service":"vtunova-api","timestamp":"2026-09-20 21:07:50"}
{"environment":"production","level":"info","message":"Email transport ready via smtp.gmail.com","service":"vtunova-api","timestamp":"2026-09-20 21:08:30"}
{"environment":"production","level":"info","message":"Redis client connected","service":"vtunova-api","timestamp":"2026-09-20 21:08:34"}
{"environment":"production","level":"info","message":"Email transport ready via smtp.gmail.com","service":"vtunova-api","timestamp":"2026-09-20 21:08:42"}
{"environment":"production","level":"info","message":"Redis client connected","service":"vtunova-api","timestamp":"2026-09-20 21:08:46"}
{"environment":"production","level":"info","message":"SMTP connection veried","service":"vtunova-api","timestamp":"2026-09-20 21:08:48"}
{"environment":"production","level":"info","message":"Email listeners registered for 11 event type(s)","service":"vtunova-api","timestamp":"2026-09-20 21:08:48"}
{"environment":"production","level":"info","message":"Notification listeners registered for 14 event type(s)","service":"vtunova-api","timestamp":"2026-09-20 21:08:48"}
{"environment":"production","level":"info","message":"VtuNova Platform running on port 3000 [production]","service":"vtunova-api","timestamp":"2026-09-20 21:08:48"}
{"environment":"production","level":"info","message":"API Docs: http://localhost:3000/api","service":"vtunova-api","timestamp":"2026-09-20 21:08:48"}
{"environment":"production","level":"info","message":"Cache invalidated for key: user:6aafdfc1d13727f3d0cced82:profile","service":"vtunova-api","timestamp":"2026-09-20 21:08:56"}
{"environment":"production","level":"info","message":"User login notification queued successfully","service":"vtunova-api","timestamp":"2026-09-20 21:08:56"}
{"environment":"production","level":"info","message":"[email-worker] Processing job: loginAlert (id=227)","service":"vtunova-api","timestamp":"2026-09-20 21:08:57"}
{"environment":"production","level":"info","message":"[notif-worker] Processing job: loginAlert (id=236)","service":"vtunova-api","timestamp":"2026-09-20 21:08:57"}
{"environment":"production","level":"info","message":"[notif-worker] Job data: {\"userId\":\"6aafdfc1d13727f3d0cced82\",\"type\":\"security\",\"ip\":\"::1\",\"device\":\"Mozilla/5.0 (Windows NT 10.0; Win64; x64) AppleWebKit/537.36 (KHTML, like Gecko) Chrome/153.0.0.0 Safari/537.36\",\"category\":\"loginAlert\"}","service":"vtunova-api","timestamp":"2026-09-20 21:08:57"}
{"environment":"production","level":"info","message":"[notif-worker] Processing login alert for user 6aafdfc1d13727f3d0cced82","service":"vtunova-api","timestamp":"2026-09-20 21:08:57"}
{"environment":"production","level":"info","message":"Notification created:","service":"vtunova-api","timestamp":"2026-09-20 21:08:57"}
{"environment":"production","level":"info","message":"Cache invalidated for key: user:6aafdfc1d13727f3d0cced82:notifications","service":"vtunova-api","timestamp":"2026-09-20 21:08:57"}
{"environment":"production","level":"info","message":"[notif-worker] Job 236 completed successfully","service":"vtunova-api","timestamp":"2026-09-20 21:08:58"}
{"environment":"production","level":"info","message":"[email-worker] Job 227 completed","service":"vtunova-api","timestamp":"2026-09-20 21:08:59"}
{"environment":"production","level":"error","message":"Failed to invalidate cache for key: user:6aafdfc1d13727f3d0cced82:notifications","service":"vtunova-api","timestamp":"2026-09-20 21:09:01"}
{"environment":"production","level":"error","message":"Failed to invalidate cache for key: user:6aafdfc1d13727f3d0cced82:notifications","service":"vtunova-api","timestamp":"2026-09-20 21:09:01"}
{"environment":"production","level":"info","message":"Email transport ready via smtp.gmail.com","service":"vtunova-api","timestamp":"2026-09-20 21:11:07"}
{"environment":"production","level":"info","message":"Redis client connected","service":"vtunova-api","timestamp":"2026-09-20 21:11:11"}
{"environment":"production","level":"info","message":"Email transport ready via smtp.gmail.com","service":"vtunova-api","timestamp":"2026-09-20 21:11:49"}
{"environment":"production","level":"info","message":"Redis client connected","service":"vtunova-api","timestamp":"2026-09-20 21:11:54"}
{"environment":"production","level":"info","message":"Email transport ready via smtp.gmail.com","service":"vtunova-api","timestamp":"2026-09-20 21:11:58"}
{"environment":"production","level":"info","message":"Redis client connected","service":"vtunova-api","timestamp":"2026-09-20 21:12:03"}
{"environment":"production","level":"info","message":"Email transport ready via smtp.gmail.com","service":"vtunova-api","timestamp":"2026-09-20 21:12:06"}
{"environment":"production","level":"info","message":"Redis client connected","service":"vtunova-api","timestamp":"2026-09-20 21:12:10"}
{"environment":"production","level":"info","message":"SMTP connection veried","service":"vtunova-api","timestamp":"2026-09-20 21:12:17"}
{"environment":"production","level":"info","message":"Email listeners registered for 11 event type(s)","service":"vtunova-api","timestamp":"2026-09-20 21:12:17"}
{"environment":"production","level":"info","message":"Notification listeners registered for 14 event type(s)","service":"vtunova-api","timestamp":"2026-09-20 21:12:17"}
{"environment":"production","level":"info","message":"VtuNova Platform running on port 3000 [production]","service":"vtunova-api","timestamp":"2026-09-20 21:12:17"}
{"environment":"production","level":"info","message":"API Docs: http://localhost:3000/api","service":"vtunova-api","timestamp":"2026-09-20 21:12:17"}
{"environment":"production","level":"info","message":"Email transport ready via smtp.gmail.com","service":"vtunova-api","timestamp":"2026-09-20 21:13:26"}
{"environment":"production","level":"info","message":"Redis client connected","service":"vtunova-api","timestamp":"2026-09-20 21:13:30"}
{"environment":"production","level":"info","message":"SMTP connection veried","service":"vtunova-api","timestamp":"2026-09-20 21:13:35"}
{"environment":"production","level":"info","message":"Email listeners registered for 11 event type(s)","service":"vtunova-api","timestamp":"2026-09-20 21:13:35"}
{"environment":"production","level":"info","message":"Notification listeners registered for 14 event type(s)","service":"vtunova-api","timestamp":"2026-09-20 21:13:35"}
{"environment":"production","level":"info","message":"VtuNova Platform running on port 3000 [production]","service":"vtunova-api","timestamp":"2026-09-20 21:13:35"}
{"environment":"production","level":"info","message":"API Docs: http://localhost:3000/api","service":"vtunova-api","timestamp":"2026-09-20 21:13:35"}
{"environment":"production","level":"info","message":"Email transport ready via smtp.gmail.com","service":"vtunova-api","timestamp":"2026-09-20 21:13:38"}
{"environment":"production","level":"info","message":"Redis client connected","service":"vtunova-api","timestamp":"2026-09-20 21:13:42"}
{"environment":"production","level":"info","message":"SMTP connection veried","service":"vtunova-api","timestamp":"2026-09-20 21:13:44"}
{"environment":"production","level":"info","message":"Email listeners registered for 11 event type(s)","service":"vtunova-api","timestamp":"2026-09-20 21:13:44"}
{"environment":"production","level":"info","message":"Notification listeners registered for 14 event type(s)","service":"vtunova-api","timestamp":"2026-09-20 21:13:44"}
{"environment":"production","level":"info","message":"VtuNova Platform running on port 3000 [production]","service":"vtunova-api","timestamp":"2026-09-20 21:13:44"}
{"environment":"production","level":"info","message":"API Docs: http://localhost:3000/api","service":"vtunova-api","timestamp":"2026-09-20 21:13:44"}
{"environment":"production","level":"info","message":"Email transport ready via smtp.gmail.com","service":"vtunova-api","timestamp":"2026-09-20 21:13:56"}
{"environment":"production","level":"info","message":"Redis client connected","service":"vtunova-api","timestamp":"2026-09-20 21:14:02"}
{"environment":"production","level":"info","message":"SMTP connection veried","service":"vtunova-api","timestamp":"2026-09-20 21:14:04"}
{"environment":"production","level":"info","message":"Email listeners registered for 11 event type(s)","service":"vtunova-api","timestamp":"2026-09-20 21:14:04"}
{"environment":"production","level":"info","message":"Notification listeners registered for 14 event type(s)","service":"vtunova-api","timestamp":"2026-09-20 21:14:04"}
{"environment":"production","level":"info","message":"VtuNova Platform running on port 3000 [production]","service":"vtunova-api","timestamp":"2026-09-20 21:14:04"}
{"environment":"production","level":"info","message":"API Docs: http://localhost:3000/api","service":"vtunova-api","timestamp":"2026-09-20 21:14:04"}
{"environment":"production","level":"info","message":"Email transport ready via smtp.gmail.com","service":"vtunova-api","timestamp":"2026-09-20 21:14:39"}
{"environment":"production","level":"info","message":"Redis client connected","service":"vtunova-api","timestamp":"2026-09-20 21:14:44"}
{"environment":"production","level":"info","message":"Email transport ready via smtp.gmail.com","service":"vtunova-api","timestamp":"2026-09-20 21:14:50"}
{"environment":"production","level":"info","message":"Redis client connected","service":"vtunova-api","timestamp":"2026-09-20 21:14:56"}
{"environment":"production","level":"info","message":"SMTP connection veried","service":"vtunova-api","timestamp":"2026-09-20 21:14:58"}
{"environment":"production","level":"info","message":"Email listeners registered for 11 event type(s)","service":"vtunova-api","timestamp":"2026-09-20 21:14:58"}
{"environment":"production","level":"info","message":"Notification listeners registered for 14 event type(s)","service":"vtunova-api","timestamp":"2026-09-20 21:14:58"}
{"environment":"production","level":"info","message":"VtuNova Platform running on port 3000 [production]","service":"vtunova-api","timestamp":"2026-09-20 21:14:58"}
{"environment":"production","level":"info","message":"API Docs: http://localhost:3000/api","service":"vtunova-api","timestamp":"2026-09-20 21:14:58"}
{"environment":"production","level":"info","message":"Email transport ready via smtp.gmail.com","service":"vtunova-api","timestamp":"2026-09-20 21:15:12"}
{"environment":"production","level":"info","message":"Redis client connected","service":"vtunova-api","timestamp":"2026-09-20 21:15:16"}
{"environment":"production","level":"info","message":"SMTP connection veried","service":"vtunova-api","timestamp":"2026-09-20 21:15:19"}
{"environment":"production","level":"info","message":"Email listeners registered for 11 event type(s)","service":"vtunova-api","timestamp":"2026-09-20 21:15:19"}
{"environment":"production","level":"info","message":"Notification listeners registered for 14 event type(s)","service":"vtunova-api","timestamp":"2026-09-20 21:15:19"}
{"environment":"production","level":"info","message":"VtuNova Platform running on port 3000 [production]","service":"vtunova-api","timestamp":"2026-09-20 21:15:19"}
{"environment":"production","level":"info","message":"API Docs: http://localhost:3000/api","service":"vtunova-api","timestamp":"2026-09-20 21:15:19"}
{"environment":"production","level":"info","message":"Clearing cache for user 6aafdfc1d13727f3d0cced82: deleted 1 key(s)","service":"vtunova-api","timestamp":"2026-09-20 21:15:29"}
{"environment":"production","level":"info","message":"Cache cleared for user 6aafdfc1d13727f3d0cced82","service":"vtunova-api","timestamp":"2026-09-20 21:15:29"}
{"environment":"production","level":"info","message":"Email transport ready via smtp.gmail.com","service":"vtunova-api","timestamp":"2026-09-20 21:16:28"}
{"environment":"production","level":"info","message":"Redis client connected","service":"vtunova-api","timestamp":"2026-09-20 21:16:31"}
{"environment":"production","level":"info","message":"SMTP connection veried","service":"vtunova-api","timestamp":"2026-09-20 21:16:41"}
{"environment":"production","level":"info","message":"Email listeners registered for 11 event type(s)","service":"vtunova-api","timestamp":"2026-09-20 21:16:41"}
{"environment":"production","level":"info","message":"Notification listeners registered for 14 event type(s)","service":"vtunova-api","timestamp":"2026-09-20 21:16:41"}
{"environment":"production","level":"info","message":"VtuNova Platform running on port 3000 [production]","service":"vtunova-api","timestamp":"2026-09-20 21:16:41"}
{"environment":"production","level":"info","message":"API Docs: http://localhost:3000/api","service":"vtunova-api","timestamp":"2026-09-20 21:16:41"}
{"environment":"production","level":"error","message":"Failed to invalidate cache for key: user:6aafdfc1d13727f3d0cced82:profile","service":"vtunova-api","timestamp":"2026-09-20 21:17:15"}
{"environment":"production","level":"info","message":"User login notification queued successfully","service":"vtunova-api","timestamp":"2026-09-20 21:17:15"}
{"environment":"production","level":"info","message":"[notif-worker] Processing job: loginAlert (id=237)","service":"vtunova-api","timestamp":"2026-09-20 21:17:16"}
{"environment":"production","level":"info","message":"[notif-worker] Job data: {\"userId\":\"6aafdfc1d13727f3d0cced82\",\"type\":\"security\",\"ip\":\"::1\",\"device\":\"Mozilla/5.0 (Windows NT 10.0; Win64; x64) AppleWebKit/537.36 (KHTML, like Gecko) Chrome/153.0.0.0 Safari/537.36\",\"category\":\"loginAlert\"}","service":"vtunova-api","timestamp":"2026-09-20 21:17:16"}
{"environment":"production","level":"info","message":"[notif-worker] Processing login alert for user 6aafdfc1d13727f3d0cced82","service":"vtunova-api","timestamp":"2026-09-20 21:17:16"}
{"environment":"production","level":"info","message":"[email-worker] Processing job: loginAlert (id=228)","service":"vtunova-api","timestamp":"2026-09-20 21:17:16"}
{"environment":"production","level":"info","message":"Notification created:","service":"vtunova-api","timestamp":"2026-09-20 21:17:16"}
{"environment":"production","level":"error","message":"Failed to invalidate cache for key: user:6aafdfc1d13727f3d0cced82:notifications","service":"vtunova-api","timestamp":"2026-09-20 21:17:16"}
{"environment":"production","level":"info","message":"[notif-worker] Job 237 completed successfully","service":"vtunova-api","timestamp":"2026-09-20 21:17:17"}
{"environment":"production","level":"info","message":"[email-worker] Job 228 completed","service":"vtunova-api","timestamp":"2026-09-20 21:17:18"}
{"environment":"production","level":"info","message":"Email transport ready via smtp.gmail.com","service":"vtunova-api","timestamp":"2026-09-20 21:31:05"}
{"environment":"production","level":"info","message":"Redis client connected","service":"vtunova-api","timestamp":"2026-09-20 21:31:13"}
{"environment":"production","level":"info","message":"Email transport ready via smtp.gmail.com","service":"vtunova-api","timestamp":"2026-09-20 21:31:17"}
{"environment":"production","level":"info","message":"Redis client connected","service":"vtunova-api","timestamp":"2026-09-20 21:31:23"}
{"environment":"production","level":"info","message":"SMTP connection veried","service":"vtunova-api","timestamp":"2026-09-20 21:31:30"}
{"environment":"production","level":"info","message":"Email listeners registered for 11 event type(s)","service":"vtunova-api","timestamp":"2026-09-20 21:31:30"}
{"environment":"production","level":"info","message":"Notification listeners registered for 14 event type(s)","service":"vtunova-api","timestamp":"2026-09-20 21:31:30"}
{"environment":"production","level":"info","message":"VtuNova Platform running on port 3000 [production]","service":"vtunova-api","timestamp":"2026-09-20 21:31:30"}
{"environment":"production","level":"info","message":"API Docs: http://localhost:3000/api","service":"vtunova-api","timestamp":"2026-09-20 21:31:30"}
{"environment":"production","level":"error","message":"Failed to invalidate cache for key: user:6aafdfc1d13727f3d0cced82:transactions","service":"vtunova-api","timestamp":"2026-09-20 21:31:46"}
{"environment":"production","level":"info","message":"Cache invalidated for user 6aafdfc1d13727f3d0cced82","service":"vtunova-api","timestamp":"2026-09-20 21:31:46"}
{"environment":"production","level":"info","message":"Transaction saved to DB","service":"vtunova-api","timestamp":"2026-09-20 21:31:46"}
{"environment":"production","level":"info","message":"Cache miss for key: user:6aafdfc1d13727f3d0cced82:profile","service":"vtunova-api","timestamp":"2026-09-20 21:31:56"}
{"environment":"production","level":"info","message":"Cache set for key: user:6aafdfc1d13727f3d0cced82:profile","service":"vtunova-api","timestamp":"2026-09-20 21:31:56"}
{"environment":"production","level":"info","message":"Cache miss for key: user:6aafdfc1d13727f3d0cced82:transactions","service":"vtunova-api","timestamp":"2026-09-20 21:31:58"}
{"environment":"production","level":"info","message":"Cache set for key: user:6aafdfc1d13727f3d0cced82:transactions","service":"vtunova-api","timestamp":"2026-09-20 21:31:58"}
{"environment":"production","level":"info","message":"Cache set for user 6aafdfc1d13727f3d0cced82","service":"vtunova-api","timestamp":"2026-09-20 21:31:58"}
{"environment":"production","level":"info","message":"Notification formatted for type: loginAlert","service":"vtunova-api","timestamp":"2026-09-20 21:31:59"}
{"environment":"production","level":"info","message":"Notification formatted for type: loginAlert","service":"vtunova-api","timestamp":"2026-09-20 21:31:59"}
{"environment":"production","level":"info","message":"Notification formatted for type: loginAlert","service":"vtunova-api","timestamp":"2026-09-20 21:31:59"}
{"environment":"production","level":"info","message":"Notification formatted for type: loginAlert","service":"vtunova-api","timestamp":"2026-09-20 21:31:59"}
{"environment":"production","level":"info","message":"Notification formatted for type: loginAlert","service":"vtunova-api","timestamp":"2026-09-20 21:31:59"}
{"environment":"production","level":"info","message":"Notification formatted for type: loginAlert","service":"vtunova-api","timestamp":"2026-09-20 21:31:59"}
{"environment":"production","level":"info","message":"Cache miss for key: user:6aafdfc1d13727f3d0cced82:notifications","service":"vtunova-api","timestamp":"2026-09-20 21:31:59"}
{"environment":"production","level":"info","message":"Cache set for key: user:6aafdfc1d13727f3d0cced82:notifications","service":"vtunova-api","timestamp":"2026-09-20 21:31:59"}
{"environment":"production","level":"info","message":"Cache hit for key: user:6aafdfc1d13727f3d0cced82:transactions","service":"vtunova-api","timestamp":"2026-09-20 21:32:00"}
{"environment":"production","level":"info","message":"Notification formatted for type: loginAlert","service":"vtunova-api","timestamp":"2026-09-20 21:32:00"}
{"environment":"production","level":"info","message":"Notification formatted for type: loginAlert","service":"vtunova-api","timestamp":"2026-09-20 21:32:00"}
{"environment":"production","level":"info","message":"Notification formatted for type: loginAlert","service":"vtunova-api","timestamp":"2026-09-20 21:32:00"}
{"environment":"production","level":"info","message":"Notification formatted for type: loginAlert","service":"vtunova-api","timestamp":"2026-09-20 21:32:00"}
{"environment":"production","level":"info","message":"Notification formatted for type: loginAlert","service":"vtunova-api","timestamp":"2026-09-20 21:32:00"}
{"environment":"production","level":"info","message":"Notification formatted for type: loginAlert","service":"vtunova-api","timestamp":"2026-09-20 21:32:00"}
{"environment":"production","level":"info","message":"Cache hit for key: user:6aafdfc1d13727f3d0cced82:notifications","service":"vtunova-api","timestamp":"2026-09-20 21:32:00"}
{"environment":"production","level":"info","message":"Cache invalidated for key: user:6aafdfc1d13727f3d0cced82:profile","service":"vtunova-api","timestamp":"2026-09-20 21:32:05"}
{"environment":"production","level":"info","message":"User login notification queued successfully","service":"vtunova-api","timestamp":"2026-09-20 21:32:05"}
{"environment":"production","level":"info","message":"[email-worker] Processing job: loginAlert (id=229)","service":"vtunova-api","timestamp":"2026-09-20 21:32:06"}
{"environment":"production","level":"info","message":"[notif-worker] Processing job: loginAlert (id=238)","service":"vtunova-api","timestamp":"2026-09-20 21:32:06"}
{"environment":"production","level":"info","message":"[notif-worker] Job data: {\"userId\":\"6aafdfc1d13727f3d0cced82\",\"type\":\"security\",\"ip\":\"::1\",\"device\":\"Mozilla/5.0 (Windows NT 10.0; Win64; x64) AppleWebKit/537.36 (KHTML, like Gecko) Chrome/153.0.0.0 Safari/537.36\",\"category\":\"loginAlert\"}","service":"vtunova-api","timestamp":"2026-09-20 21:32:06"}
{"environment":"production","level":"info","message":"[notif-worker] Processing login alert for user 6aafdfc1d13727f3d0cced82","service":"vtunova-api","timestamp":"2026-09-20 21:32:06"}
{"environment":"production","level":"info","message":"Notification created:","service":"vtunova-api","timestamp":"2026-09-20 21:32:06"}
{"environment":"production","level":"info","message":"Cache invalidated for key: user:6aafdfc1d13727f3d0cced82:notifications","service":"vtunova-api","timestamp":"2026-09-20 21:32:07"}
{"environment":"production","level":"info","message":"[notif-worker] Job 238 completed successfully","service":"vtunova-api","timestamp":"2026-09-20 21:32:07"}
{"environment":"production","level":"info","message":"[email-worker] Job 229 completed","service":"vtunova-api","timestamp":"2026-09-20 21:32:08"}
{"environment":"production","level":"error","message":"Failed to invalidate cache for key: user:6aafdfc1d13727f3d0cced82:notifications","service":"vtunova-api","timestamp":"2026-09-20 21:33:17"}
{"environment":"production","level":"error","message":"Failed to invalidate cache for key: user:6aafdfc1d13727f3d0cced82:notifications","service":"vtunova-api","timestamp":"2026-09-20 21:33:17"}
{"environment":"production","level":"info","message":"Email transport ready via smtp.gmail.com","service":"vtunova-api","timestamp":"2026-09-20 21:37:10"}
{"environment":"production","level":"info","message":"Redis client connected","service":"vtunova-api","timestamp":"2026-09-20 21:37:18"}
{"environment":"production","level":"info","message":"SMTP connection veried","service":"vtunova-api","timestamp":"2026-09-20 21:37:29"}
{"environment":"production","level":"info","message":"Email listeners registered for 11 event type(s)","service":"vtunova-api","timestamp":"2026-09-20 21:37:29"}
{"environment":"production","level":"info","message":"Notification listeners registered for 14 event type(s)","service":"vtunova-api","timestamp":"2026-09-20 21:37:29"}
{"environment":"production","level":"info","message":"VtuNova Platform running on port 3000 [production]","service":"vtunova-api","timestamp":"2026-09-20 21:37:29"}
{"environment":"production","level":"info","message":"API Docs: http://localhost:3000/api","service":"vtunova-api","timestamp":"2026-09-20 21:37:29"}
{"environment":"production","level":"info","message":"Email transport ready via smtp.gmail.com","service":"vtunova-api","timestamp":"2026-09-20 21:37:51"}
{"environment":"production","level":"info","message":"Redis client connected","service":"vtunova-api","timestamp":"2026-09-20 21:37:55"}
{"environment":"production","level":"info","message":"SMTP connection veried","service":"vtunova-api","timestamp":"2026-09-20 21:37:58"}
{"environment":"production","level":"info","message":"Email listeners registered for 11 event type(s)","service":"vtunova-api","timestamp":"2026-09-20 21:37:58"}
{"environment":"production","level":"info","message":"Notification listeners registered for 14 event type(s)","service":"vtunova-api","timestamp":"2026-09-20 21:37:59"}
{"environment":"production","level":"info","message":"VtuNova Platform running on port 3000 [production]","service":"vtunova-api","timestamp":"2026-09-20 21:37:59"}
{"environment":"production","level":"info","message":"API Docs: http://localhost:3000/api","service":"vtunova-api","timestamp":"2026-09-20 21:37:59"}
{"environment":"production","level":"info","message":"Email transport ready via smtp.gmail.com","service":"vtunova-api","timestamp":"2026-09-20 21:38:06"}
{"environment":"production","level":"info","message":"Redis client connected","service":"vtunova-api","timestamp":"2026-09-20 21:38:12"}
{"environment":"production","level":"info","message":"SMTP connection veried","service":"vtunova-api","timestamp":"2026-09-20 21:38:15"}
{"environment":"production","level":"info","message":"Email listeners registered for 11 event type(s)","service":"vtunova-api","timestamp":"2026-09-20 21:38:15"}
{"environment":"production","level":"info","message":"Notification listeners registered for 14 event type(s)","service":"vtunova-api","timestamp":"2026-09-20 21:38:15"}
{"environment":"production","level":"info","message":"VtuNova Platform running on port 3000 [production]","service":"vtunova-api","timestamp":"2026-09-20 21:38:15"}
{"environment":"production","level":"info","message":"API Docs: http://localhost:3000/api","service":"vtunova-api","timestamp":"2026-09-20 21:38:15"}
{"environment":"production","level":"info","message":"Cache invalidated for key: user:6aafdfc1d13727f3d0cced82:transactions","service":"vtunova-api","timestamp":"2026-09-20 21:41:15"}
{"environment":"production","level":"info","message":"Cache invalidated for user 6aafdfc1d13727f3d0cced82","service":"vtunova-api","timestamp":"2026-09-20 21:41:15"}
{"environment":"production","level":"info","message":"Transaction saved to DB","service":"vtunova-api","timestamp":"2026-09-20 21:41:15"}
{"environment":"production","level":"info","message":"Cache miss for key: user:6aafdfc1d13727f3d0cced82:profile","service":"vtunova-api","timestamp":"2026-09-20 21:41:25"}
{"environment":"production","level":"info","message":"Cache set for key: user:6aafdfc1d13727f3d0cced82:profile","service":"vtunova-api","timestamp":"2026-09-20 21:41:25"}
{"environment":"production","level":"info","message":"Cache miss for key: user:6aafdfc1d13727f3d0cced82:transactions","service":"vtunova-api","timestamp":"2026-09-20 21:41:26"}
{"environment":"production","level":"info","message":"Cache set for key: user:6aafdfc1d13727f3d0cced82:transactions","service":"vtunova-api","timestamp":"2026-09-20 21:41:26"}
{"environment":"production","level":"info","message":"Cache set for user 6aafdfc1d13727f3d0cced82","service":"vtunova-api","timestamp":"2026-09-20 21:41:26"}
{"environment":"production","level":"info","message":"Notification formatted for type: loginAlert","service":"vtunova-api","timestamp":"2026-09-20 21:41:27"}
{"environment":"production","level":"info","message":"Notification formatted for type: loginAlert","service":"vtunova-api","timestamp":"2026-09-20 21:41:27"}
{"environment":"production","level":"info","message":"Notification formatted for type: loginAlert","service":"vtunova-api","timestamp":"2026-09-20 21:41:27"}
{"environment":"production","level":"info","message":"Notification formatted for type: loginAlert","service":"vtunova-api","timestamp":"2026-09-20 21:41:27"}
{"environment":"production","level":"info","message":"Notification formatted for type: loginAlert","service":"vtunova-api","timestamp":"2026-09-20 21:41:27"}
{"environment":"production","level":"info","message":"Notification formatted for type: loginAlert","service":"vtunova-api","timestamp":"2026-09-20 21:41:27"}
{"environment":"production","level":"info","message":"Notification formatted for type: loginAlert","service":"vtunova-api","timestamp":"2026-09-20 21:41:27"}
{"environment":"production","level":"info","message":"Cache miss for key: user:6aafdfc1d13727f3d0cced82:notifications","service":"vtunova-api","timestamp":"2026-09-20 21:41:27"}
{"environment":"production","level":"info","message":"Cache set for key: user:6aafdfc1d13727f3d0cced82:notifications","service":"vtunova-api","timestamp":"2026-09-20 21:41:27"}
{"environment":"production","level":"info","message":"Cache hit for key: user:6aafdfc1d13727f3d0cced82:transactions","service":"vtunova-api","timestamp":"2026-09-20 21:41:28"}
{"environment":"production","level":"info","message":"Notification formatted for type: loginAlert","service":"vtunova-api","timestamp":"2026-09-20 21:41:28"}
{"environment":"production","level":"info","message":"Notification formatted for type: loginAlert","service":"vtunova-api","timestamp":"2026-09-20 21:41:28"}
{"environment":"production","level":"info","message":"Notification formatted for type: loginAlert","service":"vtunova-api","timestamp":"2026-09-20 21:41:28"}
{"environment":"production","level":"info","message":"Notification formatted for type: loginAlert","service":"vtunova-api","timestamp":"2026-09-20 21:41:28"}
{"environment":"production","level":"info","message":"Notification formatted for type: loginAlert","service":"vtunova-api","timestamp":"2026-09-20 21:41:28"}
{"environment":"production","level":"info","message":"Notification formatted for type: loginAlert","service":"vtunova-api","timestamp":"2026-09-20 21:41:28"}
{"environment":"production","level":"info","message":"Notification formatted for type: loginAlert","service":"vtunova-api","timestamp":"2026-09-20 21:41:28"}
{"environment":"production","level":"info","message":"Cache hit for key: user:6aafdfc1d13727f3d0cced82:notifications","service":"vtunova-api","timestamp":"2026-09-20 21:41:29"}
{"environment":"production","level":"info","message":"Email transport ready via smtp.gmail.com","service":"vtunova-api","timestamp":"2026-09-20 21:44:44"}
{"environment":"production","level":"info","message":"Redis client connected","service":"vtunova-api","timestamp":"2026-09-20 21:44:48"}
{"environment":"production","level":"info","message":"SMTP connection veried","service":"vtunova-api","timestamp":"2026-09-20 21:44:53"}
{"environment":"production","level":"info","message":"Email listeners registered for 11 event type(s)","service":"vtunova-api","timestamp":"2026-09-20 21:44:53"}
{"environment":"production","level":"info","message":"Notification listeners registered for 14 event type(s)","service":"vtunova-api","timestamp":"2026-09-20 21:44:53"}
{"environment":"production","level":"info","message":"VtuNova Platform running on port 3000 [production]","service":"vtunova-api","timestamp":"2026-09-20 21:44:53"}
{"environment":"production","level":"info","message":"API Docs: http://localhost:3000/api","service":"vtunova-api","timestamp":"2026-09-20 21:44:53"}
{"environment":"production","level":"info","message":"Cache invalidated for key: user:6aafdfc1d13727f3d0cced82:transactions","service":"vtunova-api","timestamp":"2026-09-20 21:45:17"}
{"environment":"production","level":"info","message":"Cache invalidated for user 6aafdfc1d13727f3d0cced82","service":"vtunova-api","timestamp":"2026-09-20 21:45:17"}
{"environment":"production","level":"info","message":"Transaction saved to DB","service":"vtunova-api","timestamp":"2026-09-20 21:45:17"}
{"environment":"production","level":"info","message":"Transaction initialized: https://checkout.paystack.com/7gerjcwrgpmylug","service":"vtunova-api","timestamp":"2026-09-20 21:45:17"}
{"environment":"production","level":"info","message":"Cache hit for key: user:6aafdfc1d13727f3d0cced82:profile","service":"vtunova-api","timestamp":"2026-09-20 21:45:26"}
{"environment":"production","level":"info","message":"Cache miss for key: user:6aafdfc1d13727f3d0cced82:transactions","service":"vtunova-api","timestamp":"2026-09-20 21:45:27"}
{"environment":"production","level":"info","message":"Cache set for key: user:6aafdfc1d13727f3d0cced82:transactions","service":"vtunova-api","timestamp":"2026-09-20 21:45:27"}
{"environment":"production","level":"info","message":"Cache set for user 6aafdfc1d13727f3d0cced82","service":"vtunova-api","timestamp":"2026-09-20 21:45:27"}
{"environment":"production","level":"info","message":"Notification formatted for type: loginAlert","service":"vtunova-api","timestamp":"2026-09-20 21:45:27"}
{"environment":"production","level":"info","message":"Notification formatted for type: loginAlert","service":"vtunova-api","timestamp":"2026-09-20 21:45:27"}
{"environment":"production","level":"info","message":"Notification formatted for type: loginAlert","service":"vtunova-api","timestamp":"2026-09-20 21:45:27"}
{"environment":"production","level":"info","message":"Notification formatted for type: loginAlert","service":"vtunova-api","timestamp":"2026-09-20 21:45:27"}
{"environment":"production","level":"info","message":"Notification formatted for type: loginAlert","service":"vtunova-api","timestamp":"2026-09-20 21:45:27"}
{"environment":"production","level":"info","message":"Notification formatted for type: loginAlert","service":"vtunova-api","timestamp":"2026-09-20 21:45:27"}
{"environment":"production","level":"info","message":"Notification formatted for type: loginAlert","service":"vtunova-api","timestamp":"2026-09-20 21:45:27"}
{"environment":"production","level":"info","message":"Cache hit for key: user:6aafdfc1d13727f3d0cced82:notifications","service":"vtunova-api","timestamp":"2026-09-20 21:45:27"}
{"environment":"production","level":"info","message":"Cache hit for key: user:6aafdfc1d13727f3d0cced82:transactions","service":"vtunova-api","timestamp":"2026-09-20 21:45:28"}
{"environment":"production","level":"info","message":"Notification formatted for type: loginAlert","service":"vtunova-api","timestamp":"2026-09-20 21:45:28"}
{"environment":"production","level":"info","message":"Notification formatted for type: loginAlert","service":"vtunova-api","timestamp":"2026-09-20 21:45:28"}
{"environment":"production","level":"info","message":"Notification formatted for type: loginAlert","service":"vtunova-api","timestamp":"2026-09-20 21:45:28"}
{"environment":"production","level":"info","message":"Notification formatted for type: loginAlert","service":"vtunova-api","timestamp":"2026-09-20 21:45:28"}
{"environment":"production","level":"info","message":"Notification formatted for type: loginAlert","service":"vtunova-api","timestamp":"2026-09-20 21:45:28"}
{"environment":"production","level":"info","message":"Notification formatted for type: loginAlert","service":"vtunova-api","timestamp":"2026-09-20 21:45:28"}
{"environment":"production","level":"info","message":"Notification formatted for type: loginAlert","service":"vtunova-api","timestamp":"2026-09-20 21:45:28"}
{"environment":"production","level":"info","message":"Cache hit for key: user:6aafdfc1d13727f3d0cced82:notifications","service":"vtunova-api","timestamp":"2026-09-20 21:45:28"}
{"environment":"production","level":"info","message":"Cache hit for key: user:6aafdfc1d13727f3d0cced82:profile","service":"vtunova-api","timestamp":"2026-09-20 21:45:35"}
{"environment":"production","level":"info","message":"Cache hit for key: user:6aafdfc1d13727f3d0cced82:transactions","service":"vtunova-api","timestamp":"2026-09-20 21:45:36"}
{"environment":"production","level":"info","message":"Notification formatted for type: loginAlert","service":"vtunova-api","timestamp":"2026-09-20 21:45:36"}
{"environment":"production","level":"info","message":"Notification formatted for type: loginAlert","service":"vtunova-api","timestamp":"2026-09-20 21:45:37"}
{"environment":"production","level":"info","message":"Notification formatted for type: loginAlert","service":"vtunova-api","timestamp":"2026-09-20 21:45:37"}
{"environment":"production","level":"info","message":"Notification formatted for type: loginAlert","service":"vtunova-api","timestamp":"2026-09-20 21:45:37"}
{"environment":"production","level":"info","message":"Notification formatted for type: loginAlert","service":"vtunova-api","timestamp":"2026-09-20 21:45:37"}
{"environment":"production","level":"info","message":"Notification formatted for type: loginAlert","service":"vtunova-api","timestamp":"2026-09-20 21:45:37"}
{"environment":"production","level":"info","message":"Notification formatted for type: loginAlert","service":"vtunova-api","timestamp":"2026-09-20 21:45:37"}
{"environment":"production","level":"info","message":"Cache hit for key: user:6aafdfc1d13727f3d0cced82:notifications","service":"vtunova-api","timestamp":"2026-09-20 21:45:37"}
{"environment":"production","level":"info","message":"Cache hit for key: user:6aafdfc1d13727f3d0cced82:transactions","service":"vtunova-api","timestamp":"2026-09-20 21:45:38"}
{"environment":"production","level":"info","message":"Notification formatted for type: loginAlert","service":"vtunova-api","timestamp":"2026-09-20 21:45:38"}
{"environment":"production","level":"info","message":"Notification formatted for type: loginAlert","service":"vtunova-api","timestamp":"2026-09-20 21:45:38"}
{"environment":"production","level":"info","message":"Notification formatted for type: loginAlert","service":"vtunova-api","timestamp":"2026-09-20 21:45:38"}
{"environment":"production","level":"info","message":"Notification formatted for type: loginAlert","service":"vtunova-api","timestamp":"2026-09-20 21:45:38"}
{"environment":"production","level":"info","message":"Notification formatted for type: loginAlert","service":"vtunova-api","timestamp":"2026-09-20 21:45:38"}
{"environment":"production","level":"info","message":"Notification formatted for type: loginAlert","service":"vtunova-api","timestamp":"2026-09-20 21:45:38"}
{"environment":"production","level":"info","message":"Notification formatted for type: loginAlert","service":"vtunova-api","timestamp":"2026-09-20 21:45:38"}
{"environment":"production","level":"info","message":"Cache hit for key: user:6aafdfc1d13727f3d0cced82:notifications","service":"vtunova-api","timestamp":"2026-09-20 21:45:39"}
{"environment":"production","level":"info","message":"Cache invalidated for key: user:6aafdfc1d13727f3d0cced82:profile","service":"vtunova-api","timestamp":"2026-09-20 21:45:43"}
{"environment":"production","level":"info","message":"User login notification queued successfully","service":"vtunova-api","timestamp":"2026-09-20 21:45:43"}
{"environment":"production","level":"info","message":"[email-worker] Processing job: loginAlert (id=230)","service":"vtunova-api","timestamp":"2026-09-20 21:45:44"}
{"environment":"production","level":"info","message":"[notif-worker] Processing job: loginAlert (id=239)","service":"vtunova-api","timestamp":"2026-09-20 21:45:44"}
{"environment":"production","level":"info","message":"[notif-worker] Job data: {\"userId\":\"6aafdfc1d13727f3d0cced82\",\"type\":\"security\",\"ip\":\"::1\",\"device\":\"Mozilla/5.0 (Windows NT 10.0; Win64; x64) AppleWebKit/537.36 (KHTML, like Gecko) Chrome/153.0.0.0 Safari/537.36\",\"category\":\"loginAlert\"}","service":"vtunova-api","timestamp":"2026-09-20 21:45:44"}
{"environment":"production","level":"info","message":"[notif-worker] Processing login alert for user 6aafdfc1d13727f3d0cced82","service":"vtunova-api","timestamp":"2026-09-20 21:45:44"}
{"environment":"production","level":"info","message":"Notification created:","service":"vtunova-api","timestamp":"2026-09-20 21:45:45"}
{"environment":"production","level":"info","message":"Cache invalidated for key: user:6aafdfc1d13727f3d0cced82:notifications","service":"vtunova-api","timestamp":"2026-09-20 21:45:45"}
{"environment":"production","level":"info","message":"[notif-worker] Job 239 completed successfully","service":"vtunova-api","timestamp":"2026-09-20 21:45:46"}
{"environment":"production","level":"info","message":"[email-worker] Job 230 completed","service":"vtunova-api","timestamp":"2026-09-20 21:45:47"}
{"environment":"production","level":"error","message":"Failed to invalidate cache for key: user:6aafdfc1d13727f3d0cced82:profile","service":"vtunova-api","timestamp":"2026-09-20 21:45:58"}
{"environment":"production","level":"info","message":"User login notification queued successfully","service":"vtunova-api","timestamp":"2026-09-20 21:45:58"}
{"environment":"production","level":"info","message":"[email-worker] Processing job: loginAlert (id=231)","service":"vtunova-api","timestamp":"2026-09-20 21:45:58"}
{"environment":"production","level":"info","message":"[notif-worker] Processing job: loginAlert (id=240)","service":"vtunova-api","timestamp":"2026-09-20 21:45:58"}
{"environment":"production","level":"info","message":"[notif-worker] Job data: {\"userId\":\"6aafdfc1d13727f3d0cced82\",\"type\":\"security\",\"ip\":\"::1\",\"device\":\"Mozilla/5.0 (Windows NT 10.0; Win64; x64) AppleWebKit/537.36 (KHTML, like Gecko) Chrome/153.0.0.0 Safari/537.36\",\"category\":\"loginAlert\"}","service":"vtunova-api","timestamp":"2026-09-20 21:45:58"}
{"environment":"production","level":"info","message":"[notif-worker] Processing login alert for user 6aafdfc1d13727f3d0cced82","service":"vtunova-api","timestamp":"2026-09-20 21:45:58"}
{"environment":"production","level":"info","message":"Notification created:","service":"vtunova-api","timestamp":"2026-09-20 21:45:58"}
{"environment":"production","level":"error","message":"Failed to invalidate cache for key: user:6aafdfc1d13727f3d0cced82:notifications","service":"vtunova-api","timestamp":"2026-09-20 21:45:59"}
{"environment":"production","level":"info","message":"[notif-worker] Job 240 completed successfully","service":"vtunova-api","timestamp":"2026-09-20 21:45:59"}
{"environment":"production","level":"info","message":"[email-worker] Job 231 completed","service":"vtunova-api","timestamp":"2026-09-20 21:46:00"}
{"environment":"production","level":"info","message":"Cache invalidated for key: user:6aafdfc1d13727f3d0cced82:transactions","service":"vtunova-api","timestamp":"2026-09-20 21:55:11"}
{"environment":"production","level":"info","message":"Cache invalidated for user 6aafdfc1d13727f3d0cced82","service":"vtunova-api","timestamp":"2026-09-20 21:55:11"}
{"environment":"production","level":"info","message":"Transaction saved to DB","service":"vtunova-api","timestamp":"2026-09-20 21:55:11"}
{"environment":"production","level":"info","message":"Transaction initialized: https://checkout.paystack.com/k71u3zpanj6id4r","service":"vtunova-api","timestamp":"2026-09-20 21:55:11"}
{"environment":"production","level":"info","message":"Webhook received: charge.success for reference VTN-muaap4cn-U5H7ONMS","service":"vtunova-api","timestamp":"2026-09-20 21:55:18"}
{"environment":"production","level":"error","message":"Failed to invalidate cache for key: user:6aafdfc1d13727f3d0cced82:transactions","service":"vtunova-api","timestamp":"2026-09-20 21:55:18"}
{"environment":"production","level":"error","message":"Failed to invalidate cache for key: user:6ab0482fbe2d967dbfe46392:transaction","service":"vtunova-api","timestamp":"2026-09-20 21:55:19"}
{"environment":"production","level":"info","message":"Cache invalidated for transaction 6ab0482fbe2d967dbfe46392","service":"vtunova-api","timestamp":"2026-09-20 21:55:19"}
{"environment":"production","level":"info","message":"Webhook processed successfully","service":"vtunova-api","timestamp":"2026-09-20 21:55:19"}
{"environment":"production","level":"info","message":"Payment success notification queued for payment 6ab0482fbe2d967dbfe46393","service":"vtunova-api","timestamp":"2026-09-20 21:55:19"}
{"environment":"production","level":"info","message":"Cache miss for key: user:6aafdfc1d13727f3d0cced82:profile","service":"vtunova-api","timestamp":"2026-09-20 21:55:20"}
{"environment":"production","level":"info","message":"[notif-worker] Processing job: createNotification (id=241)","service":"vtunova-api","timestamp":"2026-09-20 21:55:20"}
{"environment":"production","level":"info","message":"[notif-worker] Job data: {\"userId\":\"6aafdfc1d13727f3d0cced82\",\"transactionId\":\"6ab0482fbe2d967dbfe46392\",\"amount\":2000,\"type\":\"deposit\",\"category\":\"deposit\",\"status\":\"success\",\"paymentId\":\"6ab0482fbe2d967dbfe46393\"}","service":"vtunova-api","timestamp":"2026-09-20 21:55:20"}
{"environment":"production","level":"info","message":"[notif-worker] Creating notification for transaction 6ab0482fbe2d967dbfe46392 and user 6aafdfc1d13727f3d0cced82","service":"vtunova-api","timestamp":"2026-09-20 21:55:20"}
{"environment":"production","level":"info","message":"Cache set for key: user:6aafdfc1d13727f3d0cced82:profile","service":"vtunova-api","timestamp":"2026-09-20 21:55:20"}
{"environment":"production","level":"info","message":"Notification created:","service":"vtunova-api","timestamp":"2026-09-20 21:55:20"}
{"environment":"production","level":"error","message":"Failed to invalidate cache for key: user:6aafdfc1d13727f3d0cced82:notifications","service":"vtunova-api","timestamp":"2026-09-20 21:55:20"}
{"environment":"production","level":"info","message":"[notif-worker] Job 241 completed successfully","service":"vtunova-api","timestamp":"2026-09-20 21:55:20"}
{"environment":"production","level":"info","message":"Cache miss for key: user:6aafdfc1d13727f3d0cced82:transactions","service":"vtunova-api","timestamp":"2026-09-20 21:55:21"}
{"environment":"production","level":"info","message":"Cache set for key: user:6aafdfc1d13727f3d0cced82:transactions","service":"vtunova-api","timestamp":"2026-09-20 21:55:21"}
{"environment":"production","level":"info","message":"Cache set for user 6aafdfc1d13727f3d0cced82","service":"vtunova-api","timestamp":"2026-09-20 21:55:21"}
{"environment":"production","level":"info","message":"Notification formatted for type: deposit","service":"vtunova-api","timestamp":"2026-09-20 21:55:21"}
{"environment":"production","level":"info","message":"Notification formatted for type: loginAlert","service":"vtunova-api","timestamp":"2026-09-20 21:55:21"}
{"environment":"production","level":"info","message":"Notification formatted for type: loginAlert","service":"vtunova-api","timestamp":"2026-09-20 21:55:21"}
{"environment":"production","level":"info","message":"Notification formatted for type: loginAlert","service":"vtunova-api","timestamp":"2026-09-20 21:55:21"}
{"environment":"production","level":"info","message":"Notification formatted for type: loginAlert","service":"vtunova-api","timestamp":"2026-09-20 21:55:21"}
{"environment":"production","level":"info","message":"Notification formatted for type: loginAlert","service":"vtunova-api","timestamp":"2026-09-20 21:55:21"}
{"environment":"production","level":"info","message":"Notification formatted for type: loginAlert","service":"vtunova-api","timestamp":"2026-09-20 21:55:21"}
{"environment":"production","level":"info","message":"Notification formatted for type: loginAlert","service":"vtunova-api","timestamp":"2026-09-20 21:55:21"}
{"environment":"production","level":"info","message":"Notification formatted for type: loginAlert","service":"vtunova-api","timestamp":"2026-09-20 21:55:21"}
{"environment":"production","level":"info","message":"Notification formatted for type: loginAlert","service":"vtunova-api","timestamp":"2026-09-20 21:55:21"}
{"environment":"production","level":"info","message":"Cache miss for key: user:6aafdfc1d13727f3d0cced82:notifications","service":"vtunova-api","timestamp":"2026-09-20 21:55:22"}
{"environment":"production","level":"info","message":"Cache set for key: user:6aafdfc1d13727f3d0cced82:notifications","service":"vtunova-api","timestamp":"2026-09-20 21:55:22"}
{"environment":"production","level":"info","message":"Cache hit for key: user:6aafdfc1d13727f3d0cced82:transactions","service":"vtunova-api","timestamp":"2026-09-20 21:55:22"}
{"environment":"production","level":"info","message":"Notification formatted for type: deposit","service":"vtunova-api","timestamp":"2026-09-20 21:55:23"}
{"environment":"production","level":"info","message":"Notification formatted for type: loginAlert","service":"vtunova-api","timestamp":"2026-09-20 21:55:23"}
{"environment":"production","level":"info","message":"Notification formatted for type: loginAlert","service":"vtunova-api","timestamp":"2026-09-20 21:55:23"}
{"environment":"production","level":"info","message":"Notification formatted for type: loginAlert","service":"vtunova-api","timestamp":"2026-09-20 21:55:23"}
{"environment":"production","level":"info","message":"Notification formatted for type: loginAlert","service":"vtunova-api","timestamp":"2026-09-20 21:55:23"}
{"environment":"production","level":"info","message":"Notification formatted for type: loginAlert","service":"vtunova-api","timestamp":"2026-09-20 21:55:23"}
{"environment":"production","level":"info","message":"Notification formatted for type: loginAlert","service":"vtunova-api","timestamp":"2026-09-20 21:55:23"}
{"environment":"production","level":"info","message":"Notification formatted for type: loginAlert","service":"vtunova-api","timestamp":"2026-09-20 21:55:23"}
{"environment":"production","level":"info","message":"Notification formatted for type: loginAlert","service":"vtunova-api","timestamp":"2026-09-20 21:55:23"}
{"environment":"production","level":"info","message":"Notification formatted for type: loginAlert","service":"vtunova-api","timestamp":"2026-09-20 21:55:23"}
{"environment":"production","level":"info","message":"Cache hit for key: user:6aafdfc1d13727f3d0cced82:notifications","service":"vtunova-api","timestamp":"2026-09-20 21:55:23"}
{"environment":"production","level":"info","message":"Cache hit for key: user:6aafdfc1d13727f3d0cced82:profile","service":"vtunova-api","timestamp":"2026-09-20 21:55:28"}
{"environment":"production","level":"info","message":"Cache hit for key: user:6aafdfc1d13727f3d0cced82:transactions","service":"vtunova-api","timestamp":"2026-09-20 21:55:29"}
{"environment":"production","level":"info","message":"Notification formatted for type: deposit","service":"vtunova-api","timestamp":"2026-09-20 21:55:29"}
{"environment":"production","level":"info","message":"Notification formatted for type: loginAlert","service":"vtunova-api","timestamp":"2026-09-20 21:55:29"}
{"environment":"production","level":"info","message":"Notification formatted for type: loginAlert","service":"vtunova-api","timestamp":"2026-09-20 21:55:29"}
{"environment":"production","level":"info","message":"Notification formatted for type: loginAlert","service":"vtunova-api","timestamp":"2026-09-20 21:55:29"}
{"environment":"production","level":"info","message":"Notification formatted for type: loginAlert","service":"vtunova-api","timestamp":"2026-09-20 21:55:29"}
{"environment":"production","level":"info","message":"Notification formatted for type: loginAlert","service":"vtunova-api","timestamp":"2026-09-20 21:55:29"}
{"environment":"production","level":"info","message":"Notification formatted for type: loginAlert","service":"vtunova-api","timestamp":"2026-09-20 21:55:29"}
{"environment":"production","level":"info","message":"Notification formatted for type: loginAlert","service":"vtunova-api","timestamp":"2026-09-20 21:55:29"}
{"environment":"production","level":"info","message":"Notification formatted for type: loginAlert","service":"vtunova-api","timestamp":"2026-09-20 21:55:29"}
{"environment":"production","level":"info","message":"Notification formatted for type: loginAlert","service":"vtunova-api","timestamp":"2026-09-20 21:55:29"}
{"environment":"production","level":"info","message":"Cache hit for key: user:6aafdfc1d13727f3d0cced82:notifications","service":"vtunova-api","timestamp":"2026-09-20 21:55:29"}
{"environment":"production","level":"info","message":"Cache hit for key: user:6aafdfc1d13727f3d0cced82:transactions","service":"vtunova-api","timestamp":"2026-09-20 21:55:30"}
{"environment":"production","level":"info","message":"Notification formatted for type: deposit","service":"vtunova-api","timestamp":"2026-09-20 21:55:30"}
{"environment":"production","level":"info","message":"Notification formatted for type: loginAlert","service":"vtunova-api","timestamp":"2026-09-20 21:55:30"}
{"environment":"production","level":"info","message":"Notification formatted for type: loginAlert","service":"vtunova-api","timestamp":"2026-09-20 21:55:30"}
{"environment":"production","level":"info","message":"Notification formatted for type: loginAlert","service":"vtunova-api","timestamp":"2026-09-20 21:55:30"}
{"environment":"production","level":"info","message":"Notification formatted for type: loginAlert","service":"vtunova-api","timestamp":"2026-09-20 21:55:30"}
{"environment":"production","level":"info","message":"Notification formatted for type: loginAlert","service":"vtunova-api","timestamp":"2026-09-20 21:55:30"}
{"environment":"production","level":"info","message":"Notification formatted for type: loginAlert","service":"vtunova-api","timestamp":"2026-09-20 21:55:30"}
{"environment":"production","level":"info","message":"Notification formatted for type: loginAlert","service":"vtunova-api","timestamp":"2026-09-20 21:55:30"}
{"environment":"production","level":"info","message":"Notification formatted for type: loginAlert","service":"vtunova-api","timestamp":"2026-09-20 21:55:30"}
{"environment":"production","level":"info","message":"Notification formatted for type: loginAlert","service":"vtunova-api","timestamp":"2026-09-20 21:55:30"}
{"environment":"production","level":"info","message":"Cache hit for key: user:6aafdfc1d13727f3d0cced82:notifications","service":"vtunova-api","timestamp":"2026-09-20 21:55:30"}
{"environment":"production","level":"info","message":"Cache invalidated for key: user:6aafdfc1d13727f3d0cced82:profile","service":"vtunova-api","timestamp":"2026-09-20 21:56:05"}
{"environment":"production","level":"info","message":"User login notification queued successfully","service":"vtunova-api","timestamp":"2026-09-20 21:56:05"}
{"environment":"production","level":"info","message":"[notif-worker] Processing job: loginAlert (id=242)","service":"vtunova-api","timestamp":"2026-09-20 21:56:06"}
{"environment":"production","level":"info","message":"[notif-worker] Job data: {\"userId\":\"6aafdfc1d13727f3d0cced82\",\"type\":\"security\",\"ip\":\"::1\",\"device\":\"Mozilla/5.0 (Windows NT 10.0; Win64; x64) AppleWebKit/537.36 (KHTML, like Gecko) Chrome/153.0.0.0 Safari/537.36\",\"category\":\"loginAlert\"}","service":"vtunova-api","timestamp":"2026-09-20 21:56:06"}
{"environment":"production","level":"info","message":"[notif-worker] Processing login alert for user 6aafdfc1d13727f3d0cced82","service":"vtunova-api","timestamp":"2026-09-20 21:56:06"}
{"environment":"production","level":"info","message":"Notification created:","service":"vtunova-api","timestamp":"2026-09-20 21:56:06"}
{"environment":"production","level":"info","message":"[email-worker] Processing job: loginAlert (id=232)","service":"vtunova-api","timestamp":"2026-09-20 21:56:06"}
{"environment":"production","level":"info","message":"Cache invalidated for key: user:6aafdfc1d13727f3d0cced82:notifications","service":"vtunova-api","timestamp":"2026-09-20 21:56:06"}
{"environment":"production","level":"info","message":"[notif-worker] Job 242 completed successfully","service":"vtunova-api","timestamp":"2026-09-20 21:56:06"}
{"environment":"production","level":"info","message":"[email-worker] Job 232 completed","service":"vtunova-api","timestamp":"2026-09-20 21:56:13"}
{"environment":"production","level":"info","message":"Cache invalidated for key: user:6aafdfc1d13727f3d0cced82:transactions","service":"vtunova-api","timestamp":"2026-09-20 22:00:43"}
{"environment":"production","level":"info","message":"Cache invalidated for user 6aafdfc1d13727f3d0cced82","service":"vtunova-api","timestamp":"2026-09-20 22:00:43"}
{"environment":"production","level":"info","message":"Transaction saved to DB","service":"vtunova-api","timestamp":"2026-09-20 22:00:43"}
{"environment":"production","level":"info","message":"Airtime purchase notification queued successfully","service":"vtunova-api","timestamp":"2026-09-20 22:00:43"}
{"environment":"production","level":"info","message":"[notif-worker] Processing job: airtimePurchase (id=243)","service":"vtunova-api","timestamp":"2026-09-20 22:00:43"}
{"environment":"production","level":"info","message":"[notif-worker] Job data: {\"transactionId\":\"6ab0497abe2d967dbfe46396\",\"userId\":\"6aafdfc1d13727f3d0cced82\",\"type\":\"transaction\",\"category\":\"airtime\",\"product_name\":\"Airtime\",\"amount\":500}","service":"vtunova-api","timestamp":"2026-09-20 22:00:43"}
{"environment":"production","level":"info","message":"job proccessing for user 6aafdfc1d13727f3d0cced82","service":"vtunova-api","timestamp":"2026-09-20 22:00:43"}
{"environment":"production","level":"info","message":"Notification created:","service":"vtunova-api","timestamp":"2026-09-20 22:00:44"}
{"environment":"production","level":"error","message":"Failed to invalidate cache for key: user:6aafdfc1d13727f3d0cced82:notifications","service":"vtunova-api","timestamp":"2026-09-20 22:00:44"}
{"environment":"production","level":"info","message":"[notif-worker] Job 243 completed successfully","service":"vtunova-api","timestamp":"2026-09-20 22:00:44"}
{"environment":"production","level":"error","message":"Failed to invalidate cache for key: user:6aafdfc1d13727f3d0cced82:transactions","service":"vtunova-api","timestamp":"2026-09-20 22:00:47"}
{"environment":"production","level":"info","message":"Cache invalidated for user 6aafdfc1d13727f3d0cced82","service":"vtunova-api","timestamp":"2026-09-20 22:00:47"}
{"environment":"production","level":"info","message":"Transaction saved to DB","service":"vtunova-api","timestamp":"2026-09-20 22:00:47"}
{"environment":"production","level":"info","message":"Airtime purchase notification queued successfully","service":"vtunova-api","timestamp":"2026-09-20 22:00:48"}
{"environment":"production","level":"info","message":"[notif-worker] Processing job: airtimePurchase (id=244)","service":"vtunova-api","timestamp":"2026-09-20 22:00:48"}
{"environment":"production","level":"info","message":"[notif-worker] Job data: {\"transactionId\":\"6ab0497fbe2d967dbfe46398\",\"userId\":\"6aafdfc1d13727f3d0cced82\",\"type\":\"transaction\",\"category\":\"airtime\",\"product_name\":\"Airtime\"}","service":"vtunova-api","timestamp":"2026-09-20 22:00:48"}
{"environment":"production","level":"info","message":"job proccessing for user 6aafdfc1d13727f3d0cced82","service":"vtunova-api","timestamp":"2026-09-20 22:00:48"}
{"environment":"production","level":"info","message":"Notification created:","service":"vtunova-api","timestamp":"2026-09-20 22:00:48"}
{"environment":"production","level":"error","message":"Failed to invalidate cache for key: user:6aafdfc1d13727f3d0cced82:notifications","service":"vtunova-api","timestamp":"2026-09-20 22:00:48"}
{"environment":"production","level":"info","message":"[notif-worker] Job 244 completed successfully","service":"vtunova-api","timestamp":"2026-09-20 22:00:48"}
{"environment":"production","level":"info","message":"Cache miss for key: user:6aafdfc1d13727f3d0cced82:profile","service":"vtunova-api","timestamp":"2026-09-20 22:01:00"}
{"environment":"production","level":"info","message":"Cache set for key: user:6aafdfc1d13727f3d0cced82:profile","service":"vtunova-api","timestamp":"2026-09-20 22:01:00"}
{"environment":"production","level":"info","message":"Cache miss for key: user:6aafdfc1d13727f3d0cced82:transactions","service":"vtunova-api","timestamp":"2026-09-20 22:01:01"}
{"environment":"production","level":"info","message":"Cache set for key: user:6aafdfc1d13727f3d0cced82:transactions","service":"vtunova-api","timestamp":"2026-09-20 22:01:01"}
{"environment":"production","level":"info","message":"Cache set for user 6aafdfc1d13727f3d0cced82","service":"vtunova-api","timestamp":"2026-09-20 22:01:01"}
{"environment":"production","level":"info","message":"Notification formatted for type: transaction","service":"vtunova-api","timestamp":"2026-09-20 22:01:01"}
{"environment":"production","level":"info","message":"Notification formatted for type: transaction","service":"vtunova-api","timestamp":"2026-09-20 22:01:01"}
{"environment":"production","level":"info","message":"Notification formatted for type: loginAlert","service":"vtunova-api","timestamp":"2026-09-20 22:01:01"}
{"environment":"production","level":"info","message":"Notification formatted for type: deposit","service":"vtunova-api","timestamp":"2026-09-20 22:01:01"}
{"environment":"production","level":"info","message":"Notification formatted for type: loginAlert","service":"vtunova-api","timestamp":"2026-09-20 22:01:01"}
{"environment":"production","level":"info","message":"Notification formatted for type: loginAlert","service":"vtunova-api","timestamp":"2026-09-20 22:01:01"}
{"environment":"production","level":"info","message":"Notification formatted for type: loginAlert","service":"vtunova-api","timestamp":"2026-09-20 22:01:01"}
{"environment":"production","level":"info","message":"Notification formatted for type: loginAlert","service":"vtunova-api","timestamp":"2026-09-20 22:01:01"}
{"environment":"production","level":"info","message":"Notification formatted for type: loginAlert","service":"vtunova-api","timestamp":"2026-09-20 22:01:01"}
{"environment":"production","level":"info","message":"Notification formatted for type: loginAlert","service":"vtunova-api","timestamp":"2026-09-20 22:01:01"}
{"environment":"production","level":"info","message":"Notification formatted for type: loginAlert","service":"vtunova-api","timestamp":"2026-09-20 22:01:01"}
{"environment":"production","level":"info","message":"Notification formatted for type: loginAlert","service":"vtunova-api","timestamp":"2026-09-20 22:01:01"}
{"environment":"production","level":"info","message":"Notification formatted for type: loginAlert","service":"vtunova-api","timestamp":"2026-09-20 22:01:01"}
{"environment":"production","level":"info","message":"Cache miss for key: user:6aafdfc1d13727f3d0cced82:notifications","service":"vtunova-api","timestamp":"2026-09-20 22:01:01"}
{"environment":"production","level":"info","message":"Cache set for key: user:6aafdfc1d13727f3d0cced82:notifications","service":"vtunova-api","timestamp":"2026-09-20 22:01:02"}
{"environment":"production","level":"info","message":"Cache hit for key: user:6aafdfc1d13727f3d0cced82:transactions","service":"vtunova-api","timestamp":"2026-09-20 22:01:02"}
{"environment":"production","level":"info","message":"Notification formatted for type: transaction","service":"vtunova-api","timestamp":"2026-09-20 22:01:02"}
{"environment":"production","level":"info","message":"Notification formatted for type: transaction","service":"vtunova-api","timestamp":"2026-09-20 22:01:02"}
{"environment":"production","level":"info","message":"Notification formatted for type: loginAlert","service":"vtunova-api","timestamp":"2026-09-20 22:01:02"}
{"environment":"production","level":"info","message":"Notification formatted for type: deposit","service":"vtunova-api","timestamp":"2026-09-20 22:01:02"}
{"environment":"production","level":"info","message":"Notification formatted for type: loginAlert","service":"vtunova-api","timestamp":"2026-09-20 22:01:02"}
{"environment":"production","level":"info","message":"Notification formatted for type: loginAlert","service":"vtunova-api","timestamp":"2026-09-20 22:01:02"}
{"environment":"production","level":"info","message":"Notification formatted for type: loginAlert","service":"vtunova-api","timestamp":"2026-09-20 22:01:02"}
{"environment":"production","level":"info","message":"Notification formatted for type: loginAlert","service":"vtunova-api","timestamp":"2026-09-20 22:01:02"}
{"environment":"production","level":"info","message":"Notification formatted for type: loginAlert","service":"vtunova-api","timestamp":"2026-09-20 22:01:02"}
{"environment":"production","level":"info","message":"Notification formatted for type: loginAlert","service":"vtunova-api","timestamp":"2026-09-20 22:01:02"}
{"environment":"production","level":"info","message":"Notification formatted for type: loginAlert","service":"vtunova-api","timestamp":"2026-09-20 22:01:02"}
{"environment":"production","level":"info","message":"Notification formatted for type: loginAlert","service":"vtunova-api","timestamp":"2026-09-20 22:01:02"}
{"environment":"production","level":"info","message":"Notification formatted for type: loginAlert","service":"vtunova-api","timestamp":"2026-09-20 22:01:02"}
{"environment":"production","level":"info","message":"Cache hit for key: user:6aafdfc1d13727f3d0cced82:notifications","service":"vtunova-api","timestamp":"2026-09-20 22:01:03"}
{"environment":"production","level":"info","message":"Cache invalidated for key: user:6aafdfc1d13727f3d0cced82:profile","service":"vtunova-api","timestamp":"2026-09-20 22:01:06"}
{"environment":"production","level":"info","message":"User login notification queued successfully","service":"vtunova-api","timestamp":"2026-09-20 22:01:06"}
{"environment":"production","level":"info","message":"[email-worker] Processing job: loginAlert (id=233)","service":"vtunova-api","timestamp":"2026-09-20 22:01:06"}
{"environment":"production","level":"info","message":"[notif-worker] Processing job: loginAlert (id=245)","service":"vtunova-api","timestamp":"2026-09-20 22:01:06"}
{"environment":"production","level":"info","message":"[notif-worker] Job data: {\"userId\":\"6aafdfc1d13727f3d0cced82\",\"type\":\"security\",\"ip\":\"::1\",\"device\":\"Mozilla/5.0 (Windows NT 10.0; Win64; x64) AppleWebKit/537.36 (KHTML, like Gecko) Chrome/153.0.0.0 Safari/537.36\",\"category\":\"loginAlert\"}","service":"vtunova-api","timestamp":"2026-09-20 22:01:06"}
{"environment":"production","level":"info","message":"[notif-worker] Processing login alert for user 6aafdfc1d13727f3d0cced82","service":"vtunova-api","timestamp":"2026-09-20 22:01:06"}
{"environment":"production","level":"info","message":"Notification created:","service":"vtunova-api","timestamp":"2026-09-20 22:01:07"}
{"environment":"production","level":"info","message":"Cache invalidated for key: user:6aafdfc1d13727f3d0cced82:notifications","service":"vtunova-api","timestamp":"2026-09-20 22:01:07"}
{"environment":"production","level":"info","message":"[notif-worker] Job 245 completed successfully","service":"vtunova-api","timestamp":"2026-09-20 22:01:07"}
{"environment":"production","level":"info","message":"[email-worker] Job 233 completed","service":"vtunova-api","timestamp":"2026-09-20 22:01:09"}
{"environment":"production","level":"error","message":"Failed to invalidate cache for key: user:6aafdfc1d13727f3d0cced82:notifications","service":"vtunova-api","timestamp":"2026-09-20 22:01:11"}
{"environment":"production","level":"error","message":"Failed to invalidate cache for key: user:6aafdfc1d13727f3d0cced82:notifications","service":"vtunova-api","timestamp":"2026-09-20 22:01:11"}
{"code":"ENOTFOUND","environment":"production","errno":-3008,"hostname":"ultraviolet-oliveish-error-87927.db.redis.io","level":"error","message":"[notif-worker] Worker error: getaddrinfo ENOTFOUND ultraviolet-oliveish-error-87927.db.redis.io","service":"vtunova-api","stack":"Error: getaddrinfo ENOTFOUND ultraviolet-oliveish-error-87927.db.redis.io\n    at GetAddrInfoReqWrap.onlookupall [as oncomplete] (node:dns:122:26)","syscall":"getaddrinfo","timestamp":"2026-09-20 23:38:42"}
{"code":"ECONNRESET","environment":"production","errno":-4077,"level":"error","message":"Redis Client Error read ECONNRESET","service":"vtunova-api","stack":"Error: read ECONNRESET\n    at TCP.onStreamRead (node:internal/stream_base_commons:216:20)","syscall":"read","timestamp":"2026-09-20 23:38:44"}
{"code":"ECONNRESET","environment":"production","errno":-4077,"level":"error","message":"[notif-worker] Worker error: read ECONNRESET","service":"vtunova-api","stack":"Error: read ECONNRESET\n    at TCP.onStreamRead (node:internal/stream_base_commons:216:20)","syscall":"read","timestamp":"2026-09-20 23:38:44"}
{"code":"ENOTFOUND","environment":"production","errno":-3008,"hostname":"ultraviolet-oliveish-error-87927.db.redis.io","level":"error","message":"[notif-worker] Worker error: getaddrinfo ENOTFOUND ultraviolet-oliveish-error-87927.db.redis.io","service":"vtunova-api","stack":"Error: getaddrinfo ENOTFOUND ultraviolet-oliveish-error-87927.db.redis.io\n    at GetAddrInfoReqWrap.onlookupall [as oncomplete] (node:dns:122:26)","syscall":"getaddrinfo","timestamp":"2026-09-20 23:38:44"}
{"code":"ENOTFOUND","environment":"production","errno":-3008,"hostname":"ultraviolet-oliveish-error-87927.db.redis.io","level":"error","message":"Redis Client Error getaddrinfo ENOTFOUND ultraviolet-oliveish-error-87927.db.redis.io","service":"vtunova-api","stack":"Error: getaddrinfo ENOTFOUND ultraviolet-oliveish-error-87927.db.redis.io\n    at GetAddrInfoReqWrap.onlookupall [as oncomplete] (node:dns:122:26)","syscall":"getaddrinfo","timestamp":"2026-09-20 23:38:45"}
{"code":"ENOTFOUND","environment":"production","errno":-3008,"hostname":"ultraviolet-oliveish-error-87927.db.redis.io","level":"error","message":"[notif-worker] Worker error: getaddrinfo ENOTFOUND ultraviolet-oliveish-error-87927.db.redis.io","service":"vtunova-api","stack":"Error: getaddrinfo ENOTFOUND ultraviolet-oliveish-error-87927.db.redis.io\n    at GetAddrInfoReqWrap.onlookupall [as oncomplete] (node:dns:122:26)","syscall":"getaddrinfo","timestamp":"2026-09-20 23:38:46"}
{"code":"ENOTFOUND","environment":"production","errno":-3008,"hostname":"ultraviolet-oliveish-error-87927.db.redis.io","level":"error","message":"Redis Client Error getaddrinfo ENOTFOUND ultraviolet-oliveish-error-87927.db.redis.io","service":"vtunova-api","stack":"Error: getaddrinfo ENOTFOUND ultraviolet-oliveish-error-87927.db.redis.io\n    at GetAddrInfoReqWrap.onlookupall [as oncomplete] (node:dns:122:26)","syscall":"getaddrinfo","timestamp":"2026-09-20 23:38:46"}
{"code":"ENOTFOUND","environment":"production","errno":-3008,"hostname":"ultraviolet-oliveish-error-87927.db.redis.io","level":"error","message":"[notif-worker] Worker error: getaddrinfo ENOTFOUND ultraviolet-oliveish-error-87927.db.redis.io","service":"vtunova-api","stack":"Error: getaddrinfo ENOTFOUND ultraviolet-oliveish-error-87927.db.redis.io\n    at GetAddrInfoReqWrap.onlookupall [as oncomplete] (node:dns:122:26)","syscall":"getaddrinfo","timestamp":"2026-09-20 23:38:46"}
{"code":"ENOTFOUND","environment":"production","errno":-3008,"hostname":"ultraviolet-oliveish-error-87927.db.redis.io","level":"error","message":"Redis Client Error getaddrinfo ENOTFOUND ultraviolet-oliveish-error-87927.db.redis.io","service":"vtunova-api","stack":"Error: getaddrinfo ENOTFOUND ultraviolet-oliveish-error-87927.db.redis.io\n    at GetAddrInfoReqWrap.onlookupall [as oncomplete] (node:dns:122:26)","syscall":"getaddrinfo","timestamp":"2026-09-20 23:38:46"}
{"environment":"production","level":"info","message":"Redis client connected","service":"vtunova-api","timestamp":"2026-09-20 23:38:48"}
{"environment":"production","level":"info","message":"Cache miss for key: user:6aafdfc1d13727f3d0cced82:profile","service":"vtunova-api","timestamp":"2026-09-20 23:45:24"}
{"environment":"production","level":"info","message":"Cache set for key: user:6aafdfc1d13727f3d0cced82:profile","service":"vtunova-api","timestamp":"2026-09-20 23:45:24"}
{"environment":"production","level":"info","message":"Cache hit for key: user:6aafdfc1d13727f3d0cced82:transactions","service":"vtunova-api","timestamp":"2026-09-20 23:45:26"}
{"environment":"production","level":"info","message":"Notification formatted for type: loginAlert","service":"vtunova-api","timestamp":"2026-09-20 23:45:27"}
{"environment":"production","level":"info","message":"Notification formatted for type: transaction","service":"vtunova-api","timestamp":"2026-09-20 23:45:27"}
{"environment":"production","level":"info","message":"Notification formatted for type: transaction","service":"vtunova-api","timestamp":"2026-09-20 23:45:27"}
{"environment":"production","level":"info","message":"Notification formatted for type: loginAlert","service":"vtunova-api","timestamp":"2026-09-20 23:45:27"}
{"environment":"production","level":"info","message":"Notification formatted for type: deposit","service":"vtunova-api","timestamp":"2026-09-20 23:45:27"}
{"environment":"production","level":"info","message":"Notification formatted for type: loginAlert","service":"vtunova-api","timestamp":"2026-09-20 23:45:27"}
{"environment":"production","level":"info","message":"Notification formatted for type: loginAlert","service":"vtunova-api","timestamp":"2026-09-20 23:45:27"}
{"environment":"production","level":"info","message":"Notification formatted for type: loginAlert","service":"vtunova-api","timestamp":"2026-09-20 23:45:27"}
{"environment":"production","level":"info","message":"Notification formatted for type: loginAlert","service":"vtunova-api","timestamp":"2026-09-20 23:45:27"}
{"environment":"production","level":"info","message":"Notification formatted for type: loginAlert","service":"vtunova-api","timestamp":"2026-09-20 23:45:27"}
{"environment":"production","level":"info","message":"Notification formatted for type: loginAlert","service":"vtunova-api","timestamp":"2026-09-20 23:45:27"}
{"environment":"production","level":"info","message":"Notification formatted for type: loginAlert","service":"vtunova-api","timestamp":"2026-09-20 23:45:27"}
{"environment":"production","level":"info","message":"Notification formatted for type: loginAlert","service":"vtunova-api","timestamp":"2026-09-20 23:45:27"}
{"environment":"production","level":"info","message":"Notification formatted for type: loginAlert","service":"vtunova-api","timestamp":"2026-09-20 23:45:27"}
{"environment":"production","level":"info","message":"Cache miss for key: user:6aafdfc1d13727f3d0cced82:notifications","service":"vtunova-api","timestamp":"2026-09-20 23:45:27"}
{"environment":"production","level":"info","message":"Cache set for key: user:6aafdfc1d13727f3d0cced82:notifications","service":"vtunova-api","timestamp":"2026-09-20 23:45:27"}
{"environment":"production","level":"info","message":"Cache hit for key: user:6aafdfc1d13727f3d0cced82:transactions","service":"vtunova-api","timestamp":"2026-09-20 23:45:28"}
{"environment":"production","level":"info","message":"Notification formatted for type: loginAlert","service":"vtunova-api","timestamp":"2026-09-20 23:45:29"}
{"environment":"production","level":"info","message":"Notification formatted for type: transaction","service":"vtunova-api","timestamp":"2026-09-20 23:45:29"}
{"environment":"production","level":"info","message":"Notification formatted for type: transaction","service":"vtunova-api","timestamp":"2026-09-20 23:45:29"}
{"environment":"production","level":"info","message":"Notification formatted for type: loginAlert","service":"vtunova-api","timestamp":"2026-09-20 23:45:29"}
{"environment":"production","level":"info","message":"Notification formatted for type: deposit","service":"vtunova-api","timestamp":"2026-09-20 23:45:29"}
{"environment":"production","level":"info","message":"Notification formatted for type: loginAlert","service":"vtunova-api","timestamp":"2026-09-20 23:45:29"}
{"environment":"production","level":"info","message":"Notification formatted for type: loginAlert","service":"vtunova-api","timestamp":"2026-09-20 23:45:29"}
{"environment":"production","level":"info","message":"Notification formatted for type: loginAlert","service":"vtunova-api","timestamp":"2026-09-20 23:45:29"}
{"environment":"production","level":"info","message":"Notification formatted for type: loginAlert","service":"vtunova-api","timestamp":"2026-09-20 23:45:29"}
{"environment":"production","level":"info","message":"Notification formatted for type: loginAlert","service":"vtunova-api","timestamp":"2026-09-20 23:45:29"}
{"environment":"production","level":"info","message":"Notification formatted for type: loginAlert","service":"vtunova-api","timestamp":"2026-09-20 23:45:29"}
{"environment":"production","level":"info","message":"Notification formatted for type: loginAlert","service":"vtunova-api","timestamp":"2026-09-20 23:45:29"}
{"environment":"production","level":"info","message":"Notification formatted for type: loginAlert","service":"vtunova-api","timestamp":"2026-09-20 23:45:29"}
{"environment":"production","level":"info","message":"Notification formatted for type: loginAlert","service":"vtunova-api","timestamp":"2026-09-20 23:45:29"}
{"environment":"production","level":"info","message":"Cache hit for key: user:6aafdfc1d13727f3d0cced82:notifications","service":"vtunova-api","timestamp":"2026-09-20 23:45:29"}
{"environment":"production","level":"info","message":"Email transport ready via smtp.gmail.com","service":"vtunova-api","timestamp":"2026-09-20 23:47:16"}
{"environment":"production","level":"error","message":"Redis Client Error Connection timeout","service":"vtunova-api","stack":"Error: Connection timeout\n    at Socket.onTimeout (C:\\Users\\HomePC\\VtuNova-Backend_v1\\node_modules\\@redis\\client\\dist\\lib\\client\\socket.js:282:46)\n    at Object.onceWrapper (node:events:622:28)\n    at Socket.emit (node:events:508:28)\n    at Socket._onTimeout (node:net:604:8)\n    at listOnTimeout (node:internal/timers:605:17)\n    at process.processTimers (node:internal/timers:541:7)","timestamp":"2026-09-20 23:47:53"}
{"environment":"production","level":"info","message":"Redis client connected","service":"vtunova-api","timestamp":"2026-09-20 23:47:53"}
{"environment":"production","level":"info","message":"Email transport ready via smtp.gmail.com","service":"vtunova-api","timestamp":"2026-09-20 23:47:57"}
{"environment":"production","level":"info","message":"Redis client connected","service":"vtunova-api","timestamp":"2026-09-20 23:48:02"}
{"environment":"production","level":"info","message":"Email transport ready via smtp.gmail.com","service":"vtunova-api","timestamp":"2026-09-20 23:48:06"}
{"environment":"production","level":"info","message":"Redis client connected","service":"vtunova-api","timestamp":"2026-09-20 23:48:10"}
{"environment":"production","level":"info","message":"Email transport ready via smtp.gmail.com","service":"vtunova-api","timestamp":"2026-09-20 23:48:30"}
{"environment":"production","level":"info","message":"Redis client connected","service":"vtunova-api","timestamp":"2026-09-20 23:48:34"}
{"environment":"production","level":"info","message":"Email transport ready via smtp.gmail.com","service":"vtunova-api","timestamp":"2026-09-20 23:48:47"}
{"environment":"production","level":"info","message":"Redis client connected","service":"vtunova-api","timestamp":"2026-09-20 23:48:52"}
{"environment":"production","level":"info","message":"SMTP connection veried","service":"vtunova-api","timestamp":"2026-09-20 23:48:56"}
{"environment":"production","level":"info","message":"Email listeners registered for 11 event type(s)","service":"vtunova-api","timestamp":"2026-09-20 23:48:56"}
{"environment":"production","level":"info","message":"Notification listeners registered for 14 event type(s)","service":"vtunova-api","timestamp":"2026-09-20 23:48:56"}
{"environment":"production","level":"info","message":"VtuNova Platform running on port 3000 [production]","service":"vtunova-api","timestamp":"2026-09-20 23:48:56"}
{"environment":"production","level":"info","message":"API Docs: http://localhost:3000/api","service":"vtunova-api","timestamp":"2026-09-20 23:48:56"}
{"environment":"production","level":"info","message":"Email transport ready via smtp.gmail.com","service":"vtunova-api","timestamp":"2026-09-20 23:49:11"}
{"environment":"production","level":"info","message":"Redis client connected","service":"vtunova-api","timestamp":"2026-09-20 23:49:21"}
{"environment":"production","level":"info","message":"SMTP connection veried","service":"vtunova-api","timestamp":"2026-09-20 23:49:25"}
{"environment":"production","level":"info","message":"Email listeners registered for 11 event type(s)","service":"vtunova-api","timestamp":"2026-09-20 23:49:25"}
{"environment":"production","level":"info","message":"Notification listeners registered for 14 event type(s)","service":"vtunova-api","timestamp":"2026-09-20 23:49:25"}
{"environment":"production","level":"info","message":"VtuNova Platform running on port 3000 [production]","service":"vtunova-api","timestamp":"2026-09-20 23:49:25"}
{"environment":"production","level":"info","message":"API Docs: http://localhost:3000/api","service":"vtunova-api","timestamp":"2026-09-20 23:49:25"}
{"environment":"production","level":"info","message":"Email transport ready via smtp.gmail.com","service":"vtunova-api","timestamp":"2026-09-20 23:49:33"}
{"environment":"production","level":"info","message":"Redis client connected","service":"vtunova-api","timestamp":"2026-09-20 23:49:37"}
{"environment":"production","level":"info","message":"SMTP connection veried","service":"vtunova-api","timestamp":"2026-09-20 23:49:39"}
{"environment":"production","level":"info","message":"Email listeners registered for 11 event type(s)","service":"vtunova-api","timestamp":"2026-09-20 23:49:39"}
{"environment":"production","level":"info","message":"Notification listeners registered for 14 event type(s)","service":"vtunova-api","timestamp":"2026-09-20 23:49:39"}
{"environment":"production","level":"info","message":"VtuNova Platform running on port 3000 [production]","service":"vtunova-api","timestamp":"2026-09-20 23:49:39"}
{"environment":"production","level":"info","message":"API Docs: http://localhost:3000/api","service":"vtunova-api","timestamp":"2026-09-20 23:49:39"}
{"environment":"production","level":"info","message":"Email transport ready via smtp.gmail.com","service":"vtunova-api","timestamp":"2026-09-20 23:49:48"}
{"environment":"production","level":"info","message":"Redis client connected","service":"vtunova-api","timestamp":"2026-09-20 23:49:52"}
{"environment":"production","level":"info","message":"SMTP connection veried","service":"vtunova-api","timestamp":"2026-09-20 23:49:53"}
{"environment":"production","level":"info","message":"Email listeners registered for 11 event type(s)","service":"vtunova-api","timestamp":"2026-09-20 23:49:53"}
{"environment":"production","level":"info","message":"Notification listeners registered for 14 event type(s)","service":"vtunova-api","timestamp":"2026-09-20 23:49:53"}
{"environment":"production","level":"info","message":"VtuNova Platform running on port 3000 [production]","service":"vtunova-api","timestamp":"2026-09-20 23:49:53"}
{"environment":"production","level":"info","message":"API Docs: http://localhost:3000/api","service":"vtunova-api","timestamp":"2026-09-20 23:49:53"}
{"environment":"production","level":"info","message":"Email transport ready via smtp.gmail.com","service":"vtunova-api","timestamp":"2026-09-20 23:50:00"}
{"environment":"production","level":"info","message":"Redis client connected","service":"vtunova-api","timestamp":"2026-09-20 23:50:03"}
{"environment":"production","level":"info","message":"SMTP connection veried","service":"vtunova-api","timestamp":"2026-09-20 23:50:05"}
{"environment":"production","level":"info","message":"Email listeners registered for 11 event type(s)","service":"vtunova-api","timestamp":"2026-09-20 23:50:05"}
{"environment":"production","level":"info","message":"Notification listeners registered for 14 event type(s)","service":"vtunova-api","timestamp":"2026-09-20 23:50:05"}
{"environment":"production","level":"info","message":"VtuNova Platform running on port 3000 [production]","service":"vtunova-api","timestamp":"2026-09-20 23:50:05"}
{"environment":"production","level":"info","message":"API Docs: http://localhost:3000/api","service":"vtunova-api","timestamp":"2026-09-20 23:50:05"}
{"environment":"production","level":"info","message":"Email transport ready via smtp.gmail.com","service":"vtunova-api","timestamp":"2026-09-20 23:50:09"}
{"environment":"production","level":"info","message":"Redis client connected","service":"vtunova-api","timestamp":"2026-09-20 23:50:14"}
{"environment":"production","level":"info","message":"Email transport ready via smtp.gmail.com","service":"vtunova-api","timestamp":"2026-09-20 23:50:17"}
{"environment":"production","level":"info","message":"Redis client connected","service":"vtunova-api","timestamp":"2026-09-20 23:50:21"}
{"environment":"production","level":"info","message":"Email transport ready via smtp.gmail.com","service":"vtunova-api","timestamp":"2026-09-20 23:50:30"}
{"environment":"production","level":"info","message":"Redis client connected","service":"vtunova-api","timestamp":"2026-09-20 23:50:34"}
{"environment":"production","level":"info","message":"SMTP connection veried","service":"vtunova-api","timestamp":"2026-09-20 23:50:36"}
{"environment":"production","level":"info","message":"Email listeners registered for 11 event type(s)","service":"vtunova-api","timestamp":"2026-09-20 23:50:36"}
{"environment":"production","level":"info","message":"Notification listeners registered for 14 event type(s)","service":"vtunova-api","timestamp":"2026-09-20 23:50:36"}
{"environment":"production","level":"info","message":"VtuNova Platform running on port 3000 [production]","service":"vtunova-api","timestamp":"2026-09-20 23:50:36"}
{"environment":"production","level":"info","message":"API Docs: http://localhost:3000/api","service":"vtunova-api","timestamp":"2026-09-20 23:50:36"}
{"environment":"production","level":"info","message":"Email transport ready via smtp.gmail.com","service":"vtunova-api","timestamp":"2026-09-20 23:51:01"}
{"environment":"production","level":"info","message":"Redis client connected","service":"vtunova-api","timestamp":"2026-09-20 23:51:05"}
{"environment":"production","level":"info","message":"SMTP connection veried","service":"vtunova-api","timestamp":"2026-09-20 23:51:09"}
{"environment":"production","level":"info","message":"Email listeners registered for 11 event type(s)","service":"vtunova-api","timestamp":"2026-09-20 23:51:09"}
{"environment":"production","level":"info","message":"Notification listeners registered for 14 event type(s)","service":"vtunova-api","timestamp":"2026-09-20 23:51:09"}
{"environment":"production","level":"info","message":"VtuNova Platform running on port 3000 [production]","service":"vtunova-api","timestamp":"2026-09-20 23:51:09"}
{"environment":"production","level":"info","message":"API Docs: http://localhost:3000/api","service":"vtunova-api","timestamp":"2026-09-20 23:51:09"}
{"environment":"production","level":"info","message":"Cache invalidated for key: user:6aafdfc1d13727f3d0cced82:profile","service":"vtunova-api","timestamp":"2026-09-20 23:52:28"}
{"environment":"production","level":"info","message":"User login notification queued successfully","service":"vtunova-api","timestamp":"2026-09-20 23:52:28"}
{"environment":"production","level":"info","message":"[email-worker] Processing job: loginAlert (id=234)","service":"vtunova-api","timestamp":"2026-09-20 23:52:28"}
{"environment":"production","level":"info","message":"[notif-worker] Processing job: loginAlert (id=246)","service":"vtunova-api","timestamp":"2026-09-20 23:52:28"}
{"environment":"production","level":"info","message":"[notif-worker] Job data: {\"userId\":\"6aafdfc1d13727f3d0cced82\",\"type\":\"security\",\"ip\":\"::1\",\"device\":\"Mozilla/5.0 (Windows NT 10.0; Win64; x64) AppleWebKit/537.36 (KHTML, like Gecko) Chrome/153.0.0.0 Safari/537.36\",\"category\":\"loginAlert\"}","service":"vtunova-api","timestamp":"2026-09-20 23:52:28"}
{"environment":"production","level":"info","message":"[notif-worker] Processing login alert for user 6aafdfc1d13727f3d0cced82","service":"vtunova-api","timestamp":"2026-09-20 23:52:28"}
{"environment":"production","level":"info","message":"Notification created:","service":"vtunova-api","timestamp":"2026-09-20 23:52:28"}
{"environment":"production","level":"info","message":"Cache invalidated for key: user:6aafdfc1d13727f3d0cced82:notifications","service":"vtunova-api","timestamp":"2026-09-20 23:52:29"}
{"environment":"production","level":"info","message":"[notif-worker] Job 246 completed successfully","service":"vtunova-api","timestamp":"2026-09-20 23:52:29"}
{"environment":"production","level":"info","message":"[email-worker] Job 234 completed","service":"vtunova-api","timestamp":"2026-09-20 23:52:32"}
{"environment":"production","level":"info","message":"Cache miss for key: user:6aafdfc1d13727f3d0cced82:profile","service":"vtunova-api","timestamp":"2026-09-20 23:52:32"}
{"environment":"production","level":"info","message":"Cache set for key: user:6aafdfc1d13727f3d0cced82:profile","service":"vtunova-api","timestamp":"2026-09-20 23:52:33"}
{"environment":"production","level":"info","message":"Cache hit for key: user:6aafdfc1d13727f3d0cced82:transactions","service":"vtunova-api","timestamp":"2026-09-20 23:52:34"}
{"environment":"production","level":"info","message":"Cache miss for key: user:6aafdfc1d13727f3d0cced82:notifications","service":"vtunova-api","timestamp":"2026-09-20 23:52:34"}
{"environment":"production","level":"info","message":"Cache set for key: user:6aafdfc1d13727f3d0cced82:notifications","service":"vtunova-api","timestamp":"2026-09-20 23:52:34"}
{"environment":"production","level":"info","message":"Cache hit for key: user:6aafdfc1d13727f3d0cced82:transactions","service":"vtunova-api","timestamp":"2026-09-20 23:52:35"}
{"environment":"production","level":"info","message":"Cache hit for key: user:6aafdfc1d13727f3d0cced82:notifications","service":"vtunova-api","timestamp":"2026-09-20 23:52:35"}
{"environment":"production","level":"info","message":"Cache invalidated for key: user:6aafdfc1d13727f3d0cced82:notifications","service":"vtunova-api","timestamp":"2026-09-20 23:52:45"}
{"environment":"production","level":"error","message":"Failed to invalidate cache for key: user:6aafdfc1d13727f3d0cced82:notifications","service":"vtunova-api","timestamp":"2026-09-20 23:52:45"}
{"environment":"production","level":"info","message":"Cache invalidated for key: user:6aafdfc1d13727f3d0cced82:transactions","service":"vtunova-api","timestamp":"2026-09-20 23:53:35"}
{"environment":"production","level":"info","message":"Cache invalidated for user 6aafdfc1d13727f3d0cced82","service":"vtunova-api","timestamp":"2026-09-20 23:53:35"}
{"environment":"production","level":"info","message":"Transaction saved to DB","service":"vtunova-api","timestamp":"2026-09-20 23:53:35"}
{"environment":"production","level":"info","message":"Airtime purchase notification queued successfully","service":"vtunova-api","timestamp":"2026-09-20 23:53:35"}
{"environment":"production","level":"info","message":"[notif-worker] Processing job: airtimePurchase (id=247)","service":"vtunova-api","timestamp":"2026-09-20 23:53:35"}
{"environment":"production","level":"info","message":"[notif-worker] Job data: {\"transactionId\":\"6ab063eead799060c7190b07\",\"userId\":\"6aafdfc1d13727f3d0cced82\",\"type\":\"transaction\",\"category\":\"airtime\",\"product_name\":\"Airtime\",\"amount\":200}","service":"vtunova-api","timestamp":"2026-09-20 23:53:35"}
{"environment":"production","level":"info","message":"job proccessing for user 6aafdfc1d13727f3d0cced82","service":"vtunova-api","timestamp":"2026-09-20 23:53:35"}
{"environment":"production","level":"info","message":"Notification created:","service":"vtunova-api","timestamp":"2026-09-20 23:53:35"}
{"environment":"production","level":"error","message":"Failed to invalidate cache for key: user:6aafdfc1d13727f3d0cced82:notifications","service":"vtunova-api","timestamp":"2026-09-20 23:53:36"}
{"environment":"production","level":"info","message":"[notif-worker] Job 247 completed successfully","service":"vtunova-api","timestamp":"2026-09-20 23:53:36"}
{"environment":"production","level":"info","message":"Cache hit for key: user:6aafdfc1d13727f3d0cced82:profile","service":"vtunova-api","timestamp":"2026-09-20 23:53:45"}
{"environment":"production","level":"info","message":"Cache miss for key: user:6aafdfc1d13727f3d0cced82:transactions","service":"vtunova-api","timestamp":"2026-09-20 23:53:46"}
{"environment":"production","level":"info","message":"Cache set for key: user:6aafdfc1d13727f3d0cced82:transactions","service":"vtunova-api","timestamp":"2026-09-20 23:53:46"}
{"environment":"production","level":"info","message":"Cache set for user 6aafdfc1d13727f3d0cced82","service":"vtunova-api","timestamp":"2026-09-20 23:53:46"}
{"environment":"production","level":"info","message":"Cache miss for key: user:6aafdfc1d13727f3d0cced82:notifications","service":"vtunova-api","timestamp":"2026-09-20 23:53:47"}
{"environment":"production","level":"info","message":"Cache set for key: user:6aafdfc1d13727f3d0cced82:notifications","service":"vtunova-api","timestamp":"2026-09-20 23:53:47"}
{"environment":"production","level":"info","message":"Cache hit for key: user:6aafdfc1d13727f3d0cced82:transactions","service":"vtunova-api","timestamp":"2026-09-20 23:53:47"}
{"environment":"production","level":"info","message":"Cache hit for key: user:6aafdfc1d13727f3d0cced82:notifications","service":"vtunova-api","timestamp":"2026-09-20 23:53:48"}
{"environment":"production","level":"info","message":"Cache invalidated for key: user:6aafdfc1d13727f3d0cced82:notifications","service":"vtunova-api","timestamp":"2026-09-20 23:53:49"}
{"environment":"production","level":"error","message":"Failed to invalidate cache for key: user:6aafdfc1d13727f3d0cced82:notifications","service":"vtunova-api","timestamp":"2026-09-20 23:53:49"}
{"environment":"production","level":"info","message":"Email transport ready via smtp.gmail.com","service":"vtunova-api","timestamp":"2026-09-20 23:55:41"}
{"environment":"production","level":"info","message":"Redis client connected","service":"vtunova-api","timestamp":"2026-09-20 23:55:44"}
{"environment":"production","level":"info","message":"SMTP connection veried","service":"vtunova-api","timestamp":"2026-09-20 23:55:55"}
{"environment":"production","level":"info","message":"Email listeners registered for 11 event type(s)","service":"vtunova-api","timestamp":"2026-09-20 23:55:55"}
{"environment":"production","level":"info","message":"Notification listeners registered for 14 event type(s)","service":"vtunova-api","timestamp":"2026-09-20 23:55:55"}
{"environment":"production","level":"info","message":"VtuNova Platform running on port 3000 [production]","service":"vtunova-api","timestamp":"2026-09-20 23:55:55"}
{"environment":"production","level":"info","message":"API Docs: http://localhost:3000/api","service":"vtunova-api","timestamp":"2026-09-20 23:55:55"}
{"environment":"production","level":"info","message":"Cache invalidated for key: user:6aafdfc1d13727f3d0cced82:transactions","service":"vtunova-api","timestamp":"2026-09-20 23:56:27"}
{"environment":"production","level":"info","message":"Cache invalidated for user 6aafdfc1d13727f3d0cced82","service":"vtunova-api","timestamp":"2026-09-20 23:56:27"}
{"environment":"production","level":"info","message":"Transaction saved to DB","service":"vtunova-api","timestamp":"2026-09-20 23:56:27"}
{"environment":"production","level":"info","message":"Transaction initialized: https://checkout.paystack.com/3yqqcknwqnkbduf","service":"vtunova-api","timestamp":"2026-09-20 23:56:27"}
{"environment":"production","level":"info","message":"Webhook received: charge.success for reference VTN-muaf12f9-UIC780XN","service":"vtunova-api","timestamp":"2026-09-20 23:56:35"}
{"environment":"production","level":"error","message":"Failed to invalidate cache for key: user:6aafdfc1d13727f3d0cced82:transactions","service":"vtunova-api","timestamp":"2026-09-20 23:56:35"}
{"environment":"production","level":"error","message":"Failed to invalidate cache for key: user:6ab0649b6a09f682cdd1cf14:transaction","service":"vtunova-api","timestamp":"2026-09-20 23:56:36"}
{"environment":"production","level":"info","message":"Cache invalidated for transaction 6ab0649b6a09f682cdd1cf14","service":"vtunova-api","timestamp":"2026-09-20 23:56:36"}
{"environment":"production","level":"info","message":"Webhook processed successfully","service":"vtunova-api","timestamp":"2026-09-20 23:56:36"}
{"environment":"production","level":"info","message":"Payment success notification queued for payment 6ab0649b6a09f682cdd1cf15","service":"vtunova-api","timestamp":"2026-09-20 23:56:36"}
{"environment":"production","level":"info","message":"[notif-worker] Processing job: createNotification (id=248)","service":"vtunova-api","timestamp":"2026-09-20 23:56:36"}
{"environment":"production","level":"info","message":"[notif-worker] Job data: {\"userId\":\"6aafdfc1d13727f3d0cced82\",\"transactionId\":\"6ab0649b6a09f682cdd1cf14\",\"amount\":1000,\"type\":\"deposit\",\"category\":\"deposit\",\"status\":\"success\",\"paymentId\":\"6ab0649b6a09f682cdd1cf15\"}","service":"vtunova-api","timestamp":"2026-09-20 23:56:36"}
{"environment":"production","level":"info","message":"[notif-worker] Creating notification for transaction 6ab0649b6a09f682cdd1cf14 and user 6aafdfc1d13727f3d0cced82","service":"vtunova-api","timestamp":"2026-09-20 23:56:36"}
{"environment":"production","level":"info","message":"Cache hit for key: user:6aafdfc1d13727f3d0cced82:profile","service":"vtunova-api","timestamp":"2026-09-20 23:56:37"}
{"environment":"production","level":"info","message":"Notification created:","service":"vtunova-api","timestamp":"2026-09-20 23:56:37"}
{"environment":"production","level":"error","message":"Failed to invalidate cache for key: user:6aafdfc1d13727f3d0cced82:notifications","service":"vtunova-api","timestamp":"2026-09-20 23:56:37"}
{"environment":"production","level":"info","message":"Cache invalidated for key: user:6aafdfc1d13727f3d0cced82:profile","service":"vtunova-api","timestamp":"2026-09-20 23:56:37"}
{"environment":"production","level":"info","message":"[notif-worker] Job 248 completed successfully","service":"vtunova-api","timestamp":"2026-09-20 23:56:38"}
{"environment":"production","level":"info","message":"Cache miss for key: user:6aafdfc1d13727f3d0cced82:transactions","service":"vtunova-api","timestamp":"2026-09-20 23:56:38"}
{"environment":"production","level":"info","message":"Cache set for key: user:6aafdfc1d13727f3d0cced82:transactions","service":"vtunova-api","timestamp":"2026-09-20 23:56:38"}
{"environment":"production","level":"info","message":"Cache set for user 6aafdfc1d13727f3d0cced82","service":"vtunova-api","timestamp":"2026-09-20 23:56:38"}
{"environment":"production","level":"info","message":"Cache miss for key: user:6aafdfc1d13727f3d0cced82:notifications","service":"vtunova-api","timestamp":"2026-09-20 23:56:38"}
{"environment":"production","level":"info","message":"Cache set for key: user:6aafdfc1d13727f3d0cced82:notifications","service":"vtunova-api","timestamp":"2026-09-20 23:56:38"}
{"environment":"production","level":"info","message":"Cache hit for key: user:6aafdfc1d13727f3d0cced82:transactions","service":"vtunova-api","timestamp":"2026-09-20 23:56:39"}
{"environment":"production","level":"info","message":"Cache hit for key: user:6aafdfc1d13727f3d0cced82:notifications","service":"vtunova-api","timestamp":"2026-09-20 23:56:39"}
{"environment":"production","level":"info","message":"Cache miss for key: user:6aafdfc1d13727f3d0cced82:profile","service":"vtunova-api","timestamp":"2026-09-20 23:56:45"}
{"environment":"production","level":"info","message":"Cache set for key: user:6aafdfc1d13727f3d0cced82:profile","service":"vtunova-api","timestamp":"2026-09-20 23:56:45"}
{"environment":"production","level":"info","message":"Cache hit for key: user:6aafdfc1d13727f3d0cced82:transactions","service":"vtunova-api","timestamp":"2026-09-20 23:56:46"}
{"environment":"production","level":"info","message":"Cache hit for key: user:6aafdfc1d13727f3d0cced82:notifications","service":"vtunova-api","timestamp":"2026-09-20 23:56:47"}
{"environment":"production","level":"info","message":"Cache hit for key: user:6aafdfc1d13727f3d0cced82:transactions","service":"vtunova-api","timestamp":"2026-09-20 23:56:47"}
{"environment":"production","level":"info","message":"Cache hit for key: user:6aafdfc1d13727f3d0cced82:notifications","service":"vtunova-api","timestamp":"2026-09-20 23:56:48"}
{"environment":"production","level":"info","message":"Cache invalidated for key: user:6aafdfc1d13727f3d0cced82:notifications","service":"vtunova-api","timestamp":"2026-09-20 23:56:51"}
{"environment":"production","level":"error","message":"Failed to invalidate cache for key: user:6aafdfc1d13727f3d0cced82:notifications","service":"vtunova-api","timestamp":"2026-09-20 23:56:51"}
{"environment":"production","level":"info","message":"Cache hit for key: user:6aafdfc1d13727f3d0cced82:transactions","service":"vtunova-api","timestamp":"2026-09-20 23:58:23"}
{"environment":"production","level":"info","message":"Cache miss for key: user:6aafdfc1d13727f3d0cced82:notifications","service":"vtunova-api","timestamp":"2026-09-20 23:58:23"}
{"environment":"production","level":"info","message":"Cache hit for key: user:6aafdfc1d13727f3d0cced82:transactions","service":"vtunova-api","timestamp":"2026-09-20 23:58:23"}
{"environment":"production","level":"info","message":"Cache set for key: user:6aafdfc1d13727f3d0cced82:notifications","service":"vtunova-api","timestamp":"2026-09-20 23:58:24"}
{"environment":"production","level":"info","message":"Cache hit for key: user:6aafdfc1d13727f3d0cced82:notifications","service":"vtunova-api","timestamp":"2026-09-20 23:58:24"}
{"environment":"production","level":"info","message":"Cache hit for key: user:6aafdfc1d13727f3d0cced82:profile","service":"vtunova-api","timestamp":"2026-09-20 23:58:30"}
{"environment":"production","level":"info","message":"Cache hit for key: user:6aafdfc1d13727f3d0cced82:transactions","service":"vtunova-api","timestamp":"2026-09-20 23:58:31"}
{"environment":"production","level":"info","message":"Cache hit for key: user:6aafdfc1d13727f3d0cced82:notifications","service":"vtunova-api","timestamp":"2026-09-20 23:58:31"}
{"environment":"production","level":"info","message":"Cache hit for key: user:6aafdfc1d13727f3d0cced82:transactions","service":"vtunova-api","timestamp":"2026-09-20 23:58:32"}
{"environment":"production","level":"info","message":"Cache hit for key: user:6aafdfc1d13727f3d0cced82:notifications","service":"vtunova-api","timestamp":"2026-09-20 23:58:32"}
{"environment":"production","level":"info","message":"Cache invalidated for key: user:6aafdfc1d13727f3d0cced82:transactions","service":"vtunova-api","timestamp":"2026-09-20 23:58:44"}
{"environment":"production","level":"info","message":"Cache invalidated for user 6aafdfc1d13727f3d0cced82","service":"vtunova-api","timestamp":"2026-09-20 23:58:44"}
{"environment":"production","level":"info","message":"Transaction saved to DB","service":"vtunova-api","timestamp":"2026-09-20 23:58:44"}
{"environment":"production","level":"info","message":"Transaction initialized: https://checkout.paystack.com/bjjtz5gd2yd8gl4","service":"vtunova-api","timestamp":"2026-09-20 23:58:44"}
{"environment":"production","level":"info","message":"Webhook received: charge.success for reference VTN-muaf40aa-2RGE835A","service":"vtunova-api","timestamp":"2026-09-20 23:58:52"}
{"environment":"production","level":"error","message":"Failed to invalidate cache for key: user:6aafdfc1d13727f3d0cced82:transactions","service":"vtunova-api","timestamp":"2026-09-20 23:58:53"}
{"environment":"production","level":"error","message":"Failed to invalidate cache for key: user:6ab065236a09f682cdd1cf17:transaction","service":"vtunova-api","timestamp":"2026-09-20 23:58:53"}
{"environment":"production","level":"info","message":"Cache invalidated for transaction 6ab065236a09f682cdd1cf17","service":"vtunova-api","timestamp":"2026-09-20 23:58:53"}
{"environment":"production","level":"info","message":"Webhook processed successfully","service":"vtunova-api","timestamp":"2026-09-20 23:58:53"}
{"environment":"production","level":"info","message":"Payment success notification queued for payment 6ab065246a09f682cdd1cf18","service":"vtunova-api","timestamp":"2026-09-20 23:58:53"}
{"environment":"production","level":"info","message":"[notif-worker] Processing job: createNotification (id=249)","service":"vtunova-api","timestamp":"2026-09-20 23:58:54"}
{"environment":"production","level":"info","message":"[notif-worker] Job data: {\"userId\":\"6aafdfc1d13727f3d0cced82\",\"transactionId\":\"6ab065236a09f682cdd1cf17\",\"amount\":1000,\"type\":\"deposit\",\"category\":\"deposit\",\"status\":\"success\",\"paymentId\":\"6ab065246a09f682cdd1cf18\"}","service":"vtunova-api","timestamp":"2026-09-20 23:58:54"}
{"environment":"production","level":"info","message":"[notif-worker] Creating notification for transaction 6ab065236a09f682cdd1cf17 and user 6aafdfc1d13727f3d0cced82","service":"vtunova-api","timestamp":"2026-09-20 23:58:54"}
{"environment":"production","level":"info","message":"Notification created:","service":"vtunova-api","timestamp":"2026-09-20 23:58:54"}
{"environment":"production","level":"info","message":"Cache hit for key: user:6aafdfc1d13727f3d0cced82:profile","service":"vtunova-api","timestamp":"2026-09-20 23:58:54"}
{"environment":"production","level":"info","message":"Cache invalidated for key: user:6aafdfc1d13727f3d0cced82:notifications","service":"vtunova-api","timestamp":"2026-09-20 23:58:54"}
{"environment":"production","level":"info","message":"Cache invalidated for key: user:6aafdfc1d13727f3d0cced82:profile","service":"vtunova-api","timestamp":"2026-09-20 23:58:55"}
{"environment":"production","level":"info","message":"[notif-worker] Job 249 completed successfully","service":"vtunova-api","timestamp":"2026-09-20 23:58:55"}
{"environment":"production","level":"info","message":"Cache miss for key: user:6aafdfc1d13727f3d0cced82:transactions","service":"vtunova-api","timestamp":"2026-09-20 23:58:55"}
{"environment":"production","level":"info","message":"Cache set for key: user:6aafdfc1d13727f3d0cced82:transactions","service":"vtunova-api","timestamp":"2026-09-20 23:58:56"}
{"environment":"production","level":"info","message":"Cache set for user 6aafdfc1d13727f3d0cced82","service":"vtunova-api","timestamp":"2026-09-20 23:58:56"}
{"environment":"production","level":"info","message":"Cache miss for key: user:6aafdfc1d13727f3d0cced82:notifications","service":"vtunova-api","timestamp":"2026-09-20 23:58:56"}
{"environment":"production","level":"info","message":"Cache set for key: user:6aafdfc1d13727f3d0cced82:notifications","service":"vtunova-api","timestamp":"2026-09-20 23:58:56"}
{"environment":"production","level":"info","message":"Cache hit for key: user:6aafdfc1d13727f3d0cced82:transactions","service":"vtunova-api","timestamp":"2026-09-20 23:58:57"}
{"environment":"production","level":"info","message":"Cache hit for key: user:6aafdfc1d13727f3d0cced82:notifications","service":"vtunova-api","timestamp":"2026-09-20 23:58:57"}
{"environment":"production","level":"info","message":"Cache invalidated for key: user:6aafdfc1d13727f3d0cced82:notifications","service":"vtunova-api","timestamp":"2026-09-20 23:59:13"}
{"environment":"production","level":"error","message":"Failed to invalidate cache for key: user:6aafdfc1d13727f3d0cced82:notifications","service":"vtunova-api","timestamp":"2026-09-20 23:59:13"}
{"environment":"production","level":"info","message":"Cache miss for key: user:6aafdfc1d13727f3d0cced82:profile","service":"vtunova-api","timestamp":"2026-09-20 23:59:20"}
{"environment":"production","level":"info","message":"Cache set for key: user:6aafdfc1d13727f3d0cced82:profile","service":"vtunova-api","timestamp":"2026-09-20 23:59:20"}
{"environment":"production","level":"error","message":"Failed to invalidate cache for key: user:6aafdfc1d13727f3d0cced82:notifications","service":"vtunova-api","timestamp":"2026-09-20 23:59:21"}
{"environment":"production","level":"error","message":"Failed to invalidate cache for key: user:6aafdfc1d13727f3d0cced82:notifications","service":"vtunova-api","timestamp":"2026-09-20 23:59:21"}
{"environment":"production","level":"info","message":"Cache hit for key: user:6aafdfc1d13727f3d0cced82:transactions","service":"vtunova-api","timestamp":"2026-09-20 23:59:21"}
{"environment":"production","level":"info","message":"Cache miss for key: user:6aafdfc1d13727f3d0cced82:notifications","service":"vtunova-api","timestamp":"2026-09-20 23:59:22"}
{"environment":"production","level":"info","message":"Cache set for key: user:6aafdfc1d13727f3d0cced82:notifications","service":"vtunova-api","timestamp":"2026-09-20 23:59:22"}
{"environment":"production","level":"info","message":"Cache hit for key: user:6aafdfc1d13727f3d0cced82:transactions","service":"vtunova-api","timestamp":"2026-09-20 23:59:23"}
{"environment":"production","level":"info","message":"Cache hit for key: user:6aafdfc1d13727f3d0cced82:notifications","service":"vtunova-api","timestamp":"2026-09-20 23:59:23"}
{"environment":"production","level":"info","message":"Email transport ready via smtp.gmail.com","service":"vtunova-api","timestamp":"2026-09-21 00:06:15"}
{"environment":"production","level":"info","message":"Redis client connected","service":"vtunova-api","timestamp":"2026-09-21 00:06:25"}
{"environment":"production","level":"info","message":"SMTP connection veried","service":"vtunova-api","timestamp":"2026-09-21 00:06:35"}
{"environment":"production","level":"info","message":"Email listeners registered for 11 event type(s)","service":"vtunova-api","timestamp":"2026-09-21 00:06:35"}
{"environment":"production","level":"info","message":"Notification listeners registered for 14 event type(s)","service":"vtunova-api","timestamp":"2026-09-21 00:06:35"}
{"environment":"production","level":"info","message":"VtuNova Platform running on port 3000 [production]","service":"vtunova-api","timestamp":"2026-09-21 00:06:35"}
{"environment":"production","level":"info","message":"API Docs: http://localhost:3000/api","service":"vtunova-api","timestamp":"2026-09-21 00:06:35"}
{"environment":"production","level":"info","message":"Email transport ready via smtp.gmail.com","service":"vtunova-api","timestamp":"2026-09-21 00:07:54"}
{"environment":"production","level":"info","message":"Redis client connected","service":"vtunova-api","timestamp":"2026-09-21 00:07:56"}
{"environment":"production","level":"info","message":"SMTP connection veried","service":"vtunova-api","timestamp":"2026-09-21 00:08:07"}
{"environment":"production","level":"info","message":"Email listeners registered for 11 event type(s)","service":"vtunova-api","timestamp":"2026-09-21 00:08:07"}
{"environment":"production","level":"info","message":"Notification listeners registered for 14 event type(s)","service":"vtunova-api","timestamp":"2026-09-21 00:08:07"}
{"environment":"production","level":"info","message":"VtuNova Platform running on port 3000 [production]","service":"vtunova-api","timestamp":"2026-09-21 00:08:07"}
{"environment":"production","level":"info","message":"API Docs: http://localhost:3000/api","service":"vtunova-api","timestamp":"2026-09-21 00:08:07"}
{"environment":"production","level":"info","message":"Cache hit for key: user:6aafdfc1d13727f3d0cced82:profile","service":"vtunova-api","timestamp":"2026-09-21 00:09:14"}
{"environment":"production","level":"info","message":"Cache invalidated for key: user:6aafdfc1d13727f3d0cced82:notifications","service":"vtunova-api","timestamp":"2026-09-21 00:09:15"}
{"environment":"production","level":"error","message":"Failed to invalidate cache for key: user:6aafdfc1d13727f3d0cced82:notifications","service":"vtunova-api","timestamp":"2026-09-21 00:09:15"}
{"environment":"production","level":"info","message":"Cache hit for key: user:6aafdfc1d13727f3d0cced82:transactions","service":"vtunova-api","timestamp":"2026-09-21 00:09:15"}
{"environment":"production","level":"info","message":"Cache miss for key: user:6aafdfc1d13727f3d0cced82:notifications","service":"vtunova-api","timestamp":"2026-09-21 00:09:16"}
{"environment":"production","level":"info","message":"Cache set for key: user:6aafdfc1d13727f3d0cced82:notifications","service":"vtunova-api","timestamp":"2026-09-21 00:09:16"}
{"environment":"production","level":"info","message":"Cache hit for key: user:6aafdfc1d13727f3d0cced82:transactions","service":"vtunova-api","timestamp":"2026-09-21 00:09:16"}
{"environment":"production","level":"info","message":"Cache hit for key: user:6aafdfc1d13727f3d0cced82:notifications","service":"vtunova-api","timestamp":"2026-09-21 00:09:17"}
{"environment":"production","level":"info","message":"Cache invalidated for key: user:6aafdfc1d13727f3d0cced82:notifications","service":"vtunova-api","timestamp":"2026-09-21 00:09:31"}
{"environment":"production","level":"error","message":"Failed to invalidate cache for key: user:6aafdfc1d13727f3d0cced82:notifications","service":"vtunova-api","timestamp":"2026-09-21 00:09:31"}
{"environment":"production","level":"error","message":"Failed to invalidate cache for key: user:6aafdfc1d13727f3d0cced82:notifications","service":"vtunova-api","timestamp":"2026-09-21 00:10:39"}
{"environment":"production","level":"error","message":"Failed to invalidate cache for key: user:6aafdfc1d13727f3d0cced82:notifications","service":"vtunova-api","timestamp":"2026-09-21 00:10:39"}
{"environment":"production","level":"info","message":"Clearing cache for user 6aafdfc1d13727f3d0cced82: deleted 2 key(s)","service":"vtunova-api","timestamp":"2026-09-21 00:10:41"}
{"environment":"production","level":"info","message":"Cache cleared for user 6aafdfc1d13727f3d0cced82","service":"vtunova-api","timestamp":"2026-09-21 00:10:41"}
{"environment":"production","level":"error","message":"Failed to invalidate cache for key: user:6aafdfc1d13727f3d0cced82:profile","service":"vtunova-api","timestamp":"2026-09-21 00:10:44"}
{"environment":"production","level":"info","message":"User login notification queued successfully","service":"vtunova-api","timestamp":"2026-09-21 00:10:44"}
{"environment":"production","level":"info","message":"[email-worker] Processing job: loginAlert (id=235)","service":"vtunova-api","timestamp":"2026-09-21 00:10:45"}
{"environment":"production","level":"info","message":"[notif-worker] Processing job: loginAlert (id=250)","service":"vtunova-api","timestamp":"2026-09-21 00:10:45"}
{"environment":"production","level":"info","message":"[notif-worker] Job data: {\"userId\":\"6aafdfc1d13727f3d0cced82\",\"type\":\"security\",\"ip\":\"::1\",\"device\":\"Mozilla/5.0 (Windows NT 10.0; Win64; x64) AppleWebKit/537.36 (KHTML, like Gecko) Chrome/153.0.0.0 Safari/537.36\",\"category\":\"loginAlert\"}","service":"vtunova-api","timestamp":"2026-09-21 00:10:45"}
{"environment":"production","level":"info","message":"[notif-worker] Processing login alert for user 6aafdfc1d13727f3d0cced82","service":"vtunova-api","timestamp":"2026-09-21 00:10:45"}
{"environment":"production","level":"info","message":"Notification created:","service":"vtunova-api","timestamp":"2026-09-21 00:10:45"}
{"environment":"production","level":"error","message":"Failed to invalidate cache for key: user:6aafdfc1d13727f3d0cced82:notifications","service":"vtunova-api","timestamp":"2026-09-21 00:10:45"}
{"environment":"production","level":"error","message":"Failed to invalidate cache for key: user:6aafdfc1d13727f3d0cced82:profile","service":"vtunova-api","timestamp":"2026-09-21 00:10:45"}
{"environment":"production","level":"info","message":"[notif-worker] Job 250 completed successfully","service":"vtunova-api","timestamp":"2026-09-21 00:10:46"}
{"environment":"production","level":"info","message":"[email-worker] Job 235 completed","service":"vtunova-api","timestamp":"2026-09-21 00:10:47"}
{"environment":"production","level":"error","message":"Failed to invalidate cache for key: user:6aafdfc1d13727f3d0cced82:notifications","service":"vtunova-api","timestamp":"2026-09-21 00:10:49"}
{"environment":"production","level":"error","message":"Failed to invalidate cache for key: user:6aafdfc1d13727f3d0cced82:notifications","service":"vtunova-api","timestamp":"2026-09-21 00:10:49"}
{"environment":"production","level":"info","message":"Cache miss for key: user:6aafdfc1d13727f3d0cced82:profile","service":"vtunova-api","timestamp":"2026-09-21 00:10:53"}
{"environment":"production","level":"info","message":"Cache set for key: user:6aafdfc1d13727f3d0cced82:profile","service":"vtunova-api","timestamp":"2026-09-21 00:10:53"}
{"environment":"production","level":"error","message":"Failed to invalidate cache for key: user:6aafdfc1d13727f3d0cced82:notifications","service":"vtunova-api","timestamp":"2026-09-21 00:10:54"}
{"environment":"production","level":"info","message":"Cache miss for key: user:6aafdfc1d13727f3d0cced82:transactions","service":"vtunova-api","timestamp":"2026-09-21 00:10:54"}
{"environment":"production","level":"error","message":"Failed to invalidate cache for key: user:6aafdfc1d13727f3d0cced82:notifications","service":"vtunova-api","timestamp":"2026-09-21 00:10:54"}
{"environment":"production","level":"info","message":"Cache set for key: user:6aafdfc1d13727f3d0cced82:transactions","service":"vtunova-api","timestamp":"2026-09-21 00:10:54"}
{"environment":"production","level":"info","message":"Cache set for user 6aafdfc1d13727f3d0cced82","service":"vtunova-api","timestamp":"2026-09-21 00:10:54"}
{"environment":"production","level":"info","message":"Cache miss for key: user:6aafdfc1d13727f3d0cced82:notifications","service":"vtunova-api","timestamp":"2026-09-21 00:10:54"}
{"environment":"production","level":"info","message":"Cache set for key: user:6aafdfc1d13727f3d0cced82:notifications","service":"vtunova-api","timestamp":"2026-09-21 00:10:55"}
{"environment":"production","level":"info","message":"Cache hit for key: user:6aafdfc1d13727f3d0cced82:transactions","service":"vtunova-api","timestamp":"2026-09-21 00:10:55"}
{"environment":"production","level":"info","message":"Cache hit for key: user:6aafdfc1d13727f3d0cced82:notifications","service":"vtunova-api","timestamp":"2026-09-21 00:10:55"}
{"environment":"production","level":"info","message":"Email transport ready via smtp.gmail.com","service":"vtunova-api","timestamp":"2026-09-21 00:14:46"}
{"environment":"production","level":"info","message":"Redis client connected","service":"vtunova-api","timestamp":"2026-09-21 00:14:51"}
{"environment":"production","level":"info","message":"SMTP connection veried","service":"vtunova-api","timestamp":"2026-09-21 00:15:01"}
{"environment":"production","level":"info","message":"Email listeners registered for 11 event type(s)","service":"vtunova-api","timestamp":"2026-09-21 00:15:01"}
{"environment":"production","level":"info","message":"Notification listeners registered for 14 event type(s)","service":"vtunova-api","timestamp":"2026-09-21 00:15:01"}
{"environment":"production","level":"info","message":"VtuNova Platform running on port 3000 [production]","service":"vtunova-api","timestamp":"2026-09-21 00:15:01"}
{"environment":"production","level":"info","message":"API Docs: http://localhost:3000/api","service":"vtunova-api","timestamp":"2026-09-21 00:15:01"}
{"environment":"production","level":"info","message":"Email transport ready via smtp.gmail.com","service":"vtunova-api","timestamp":"2026-09-21 00:16:29"}
{"environment":"production","level":"info","message":"Redis client connected","service":"vtunova-api","timestamp":"2026-09-21 00:16:31"}
{"environment":"production","level":"info","message":"SMTP connection veried","service":"vtunova-api","timestamp":"2026-09-21 00:16:41"}
{"environment":"production","level":"info","message":"Email listeners registered for 11 event type(s)","service":"vtunova-api","timestamp":"2026-09-21 00:16:41"}
{"environment":"production","level":"info","message":"Notification listeners registered for 14 event type(s)","service":"vtunova-api","timestamp":"2026-09-21 00:16:41"}
{"environment":"production","level":"info","message":"VtuNova Platform running on port 3000 [production]","service":"vtunova-api","timestamp":"2026-09-21 00:16:41"}
{"environment":"production","level":"info","message":"API Docs: http://localhost:3000/api","service":"vtunova-api","timestamp":"2026-09-21 00:16:41"}
{"environment":"production","level":"info","message":"Email transport ready via smtp.gmail.com","service":"vtunova-api","timestamp":"2026-09-21 00:17:15"}
{"environment":"production","level":"info","message":"Email transport ready via smtp.gmail.com","service":"vtunova-api","timestamp":"2026-09-21 00:17:23"}
{"environment":"production","level":"info","message":"Redis client connected","service":"vtunova-api","timestamp":"2026-09-21 00:17:29"}
{"environment":"production","level":"info","message":"SMTP connection veried","service":"vtunova-api","timestamp":"2026-09-21 00:17:34"}
{"environment":"production","level":"info","message":"Email listeners registered for 11 event type(s)","service":"vtunova-api","timestamp":"2026-09-21 00:17:34"}
{"environment":"production","level":"info","message":"Notification listeners registered for 14 event type(s)","service":"vtunova-api","timestamp":"2026-09-21 00:17:34"}
{"environment":"production","level":"info","message":"VtuNova Platform running on port 3000 [production]","service":"vtunova-api","timestamp":"2026-09-21 00:17:34"}
{"environment":"production","level":"info","message":"API Docs: http://localhost:3000/api","service":"vtunova-api","timestamp":"2026-09-21 00:17:34"}
{"environment":"production","level":"info","message":"Cache hit for key: user:6aafdfc1d13727f3d0cced82:profile","service":"vtunova-api","timestamp":"2026-09-21 00:17:43"}
{"environment":"production","level":"info","message":"Cache invalidated for key: user:6aafdfc1d13727f3d0cced82:notifications","service":"vtunova-api","timestamp":"2026-09-21 00:17:44"}
{"environment":"production","level":"info","message":"Cache hit for key: user:6aafdfc1d13727f3d0cced82:transactions","service":"vtunova-api","timestamp":"2026-09-21 00:17:44"}
{"environment":"production","level":"error","message":"Failed to invalidate cache for key: user:6aafdfc1d13727f3d0cced82:notifications","service":"vtunova-api","timestamp":"2026-09-21 00:17:44"}
{"environment":"production","level":"info","message":"Cache miss for key: user:6aafdfc1d13727f3d0cced82:notifications","service":"vtunova-api","timestamp":"2026-09-21 00:17:45"}
{"environment":"production","level":"info","message":"Cache set for key: user:6aafdfc1d13727f3d0cced82:notifications","service":"vtunova-api","timestamp":"2026-09-21 00:17:45"}
{"environment":"production","level":"info","message":"Cache hit for key: user:6aafdfc1d13727f3d0cced82:transactions","service":"vtunova-api","timestamp":"2026-09-21 00:17:45"}
{"environment":"production","level":"info","message":"Cache hit for key: user:6aafdfc1d13727f3d0cced82:notifications","service":"vtunova-api","timestamp":"2026-09-21 00:17:46"}
{"environment":"production","level":"info","message":"Clearing cache for user 6aafdfc1d13727f3d0cced82: deleted 3 key(s)","service":"vtunova-api","timestamp":"2026-09-21 00:17:50"}
{"environment":"production","level":"info","message":"Cache cleared for user 6aafdfc1d13727f3d0cced82","service":"vtunova-api","timestamp":"2026-09-21 00:17:50"}
{"environment":"production","level":"error","message":"Failed to invalidate cache for key: user:6aafdfc1d13727f3d0cced82:profile","service":"vtunova-api","timestamp":"2026-09-21 00:17:53"}
{"environment":"production","level":"info","message":"Cache miss for key: user:6aafdfc1d13727f3d0cced82:profile","service":"vtunova-api","timestamp":"2026-09-21 00:18:00"}
{"environment":"production","level":"info","message":"Cache set for key: user:6aafdfc1d13727f3d0cced82:profile","service":"vtunova-api","timestamp":"2026-09-21 00:18:00"}
{"environment":"production","level":"info","message":"Cache miss for key: user:6aafdfc1d13727f3d0cced82:transactions","service":"vtunova-api","timestamp":"2026-09-21 00:18:01"}
{"environment":"production","level":"info","message":"Cache set for key: user:6aafdfc1d13727f3d0cced82:transactions","service":"vtunova-api","timestamp":"2026-09-21 00:18:01"}
{"environment":"production","level":"info","message":"Cache set for user 6aafdfc1d13727f3d0cced82","service":"vtunova-api","timestamp":"2026-09-21 00:18:01"}
{"environment":"production","level":"info","message":"Cache miss for key: user:6aafdfc1d13727f3d0cced82:notifications","service":"vtunova-api","timestamp":"2026-09-21 00:18:02"}
{"environment":"production","level":"info","message":"Cache set for key: user:6aafdfc1d13727f3d0cced82:notifications","service":"vtunova-api","timestamp":"2026-09-21 00:18:02"}
{"environment":"production","level":"info","message":"Cache hit for key: user:6aafdfc1d13727f3d0cced82:transactions","service":"vtunova-api","timestamp":"2026-09-21 00:18:03"}
{"environment":"production","level":"info","message":"Cache hit for key: user:6aafdfc1d13727f3d0cced82:notifications","service":"vtunova-api","timestamp":"2026-09-21 00:18:03"}
{"environment":"production","level":"info","message":"Cache invalidated for key: user:6aafdfc1d13727f3d0cced82:notifications","service":"vtunova-api","timestamp":"2026-09-21 00:18:07"}
{"environment":"production","level":"error","message":"Failed to invalidate cache for key: user:6aafdfc1d13727f3d0cced82:notifications","service":"vtunova-api","timestamp":"2026-09-21 00:18:07"}
{"environment":"production","level":"info","message":"Email transport ready via smtp.gmail.com","service":"vtunova-api","timestamp":"2026-09-21 00:21:11"}
{"environment":"production","level":"info","message":"Redis client connected","service":"vtunova-api","timestamp":"2026-09-21 00:21:18"}
{"environment":"production","level":"info","message":"Email transport ready via smtp.gmail.com","service":"vtunova-api","timestamp":"2026-09-21 00:21:25"}
{"environment":"production","level":"info","message":"Redis client connected","service":"vtunova-api","timestamp":"2026-09-21 00:21:31"}
{"environment":"production","level":"info","message":"SMTP connection veried","service":"vtunova-api","timestamp":"2026-09-21 00:21:34"}
{"environment":"production","level":"info","message":"Email listeners registered for 11 event type(s)","service":"vtunova-api","timestamp":"2026-09-21 00:21:34"}
{"environment":"production","level":"info","message":"Notification listeners registered for 14 event type(s)","service":"vtunova-api","timestamp":"2026-09-21 00:21:34"}
{"environment":"production","level":"info","message":"VtuNova Platform running on port 3000 [production]","service":"vtunova-api","timestamp":"2026-09-21 00:21:34"}
{"environment":"production","level":"info","message":"API Docs: http://localhost:3000/api","service":"vtunova-api","timestamp":"2026-09-21 00:21:34"}
{"environment":"production","level":"info","message":"Email transport ready via smtp.gmail.com","service":"vtunova-api","timestamp":"2026-09-21 00:21:44"}
{"environment":"production","level":"info","message":"Redis client connected","service":"vtunova-api","timestamp":"2026-09-21 00:21:50"}
{"environment":"production","level":"info","message":"SMTP connection veried","service":"vtunova-api","timestamp":"2026-09-21 00:21:59"}
{"environment":"production","level":"info","message":"Email listeners registered for 11 event type(s)","service":"vtunova-api","timestamp":"2026-09-21 00:21:59"}
{"environment":"production","level":"info","message":"Notification listeners registered for 15 event type(s)","service":"vtunova-api","timestamp":"2026-09-21 00:21:59"}
{"environment":"production","level":"info","message":"VtuNova Platform running on port 3000 [production]","service":"vtunova-api","timestamp":"2026-09-21 00:21:59"}
{"environment":"production","level":"info","message":"API Docs: http://localhost:3000/api","service":"vtunova-api","timestamp":"2026-09-21 00:21:59"}
{"environment":"production","level":"info","message":"Email transport ready via smtp.gmail.com","service":"vtunova-api","timestamp":"2026-09-21 00:22:21"}
{"environment":"production","level":"info","message":"Redis client connected","service":"vtunova-api","timestamp":"2026-09-21 00:22:23"}
{"environment":"production","level":"info","message":"SMTP connection veried","service":"vtunova-api","timestamp":"2026-09-21 00:22:25"}
{"environment":"production","level":"info","message":"Email listeners registered for 11 event type(s)","service":"vtunova-api","timestamp":"2026-09-21 00:22:25"}
{"environment":"production","level":"info","message":"Notification listeners registered for 15 event type(s)","service":"vtunova-api","timestamp":"2026-09-21 00:22:25"}
{"environment":"production","level":"info","message":"VtuNova Platform running on port 3000 [production]","service":"vtunova-api","timestamp":"2026-09-21 00:22:25"}
{"environment":"production","level":"info","message":"API Docs: http://localhost:3000/api","service":"vtunova-api","timestamp":"2026-09-21 00:22:25"}
{"environment":"production","level":"info","message":"Clearing cache for user 6aafdfc1d13727f3d0cced82: deleted 2 key(s)","service":"vtunova-api","timestamp":"2026-09-21 00:22:34"}
{"environment":"production","level":"info","message":"Cache cleared for user 6aafdfc1d13727f3d0cced82","service":"vtunova-api","timestamp":"2026-09-21 00:22:34"}
{"environment":"production","level":"error","message":"Failed to invalidate cache for key: user:6aafdfc1d13727f3d0cced82:profile","service":"vtunova-api","timestamp":"2026-09-21 00:22:36"}
{"environment":"production","level":"info","message":"User login notification queued successfully","service":"vtunova-api","timestamp":"2026-09-21 00:22:37"}
{"environment":"production","level":"info","message":"[notif-worker] Processing job: loginAlert (id=251)","service":"vtunova-api","timestamp":"2026-09-21 00:22:37"}
{"environment":"production","level":"info","message":"[notif-worker] Job data: {\"userId\":\"6aafdfc1d13727f3d0cced82\",\"type\":\"security\",\"ip\":\"::1\",\"device\":\"Mozilla/5.0 (Windows NT 10.0; Win64; x64) AppleWebKit/537.36 (KHTML, like Gecko) Chrome/153.0.0.0 Safari/537.36\",\"category\":\"loginAlert\"}","service":"vtunova-api","timestamp":"2026-09-21 00:22:37"}
{"environment":"production","level":"info","message":"[notif-worker] Processing login alert for user 6aafdfc1d13727f3d0cced82","service":"vtunova-api","timestamp":"2026-09-21 00:22:37"}
{"environment":"production","level":"info","message":"Notification created:","service":"vtunova-api","timestamp":"2026-09-21 00:22:37"}
{"environment":"production","level":"error","message":"Failed to invalidate cache for key: user:6aafdfc1d13727f3d0cced82:notifications","service":"vtunova-api","timestamp":"2026-09-21 00:22:37"}
{"environment":"production","level":"error","message":"Failed to invalidate cache for key: user:6aafdfc1d13727f3d0cced82:profile","service":"vtunova-api","timestamp":"2026-09-21 00:22:38"}
{"environment":"production","level":"info","message":"[notif-worker] Job 251 completed successfully","service":"vtunova-api","timestamp":"2026-09-21 00:22:38"}
{"environment":"production","level":"info","message":"Cache miss for key: user:6aafdfc1d13727f3d0cced82:profile","service":"vtunova-api","timestamp":"2026-09-21 00:22:42"}
{"environment":"production","level":"info","message":"Cache set for key: user:6aafdfc1d13727f3d0cced82:profile","service":"vtunova-api","timestamp":"2026-09-21 00:22:42"}
{"environment":"production","level":"info","message":"Cache miss for key: user:6aafdfc1d13727f3d0cced82:transactions","service":"vtunova-api","timestamp":"2026-09-21 00:22:43"}
{"environment":"production","level":"info","message":"Cache set for key: user:6aafdfc1d13727f3d0cced82:transactions","service":"vtunova-api","timestamp":"2026-09-21 00:22:43"}
{"environment":"production","level":"info","message":"Cache set for user 6aafdfc1d13727f3d0cced82","service":"vtunova-api","timestamp":"2026-09-21 00:22:43"}
{"environment":"production","level":"info","message":"Cache miss for key: user:6aafdfc1d13727f3d0cced82:notifications","service":"vtunova-api","timestamp":"2026-09-21 00:22:44"}
{"environment":"production","level":"info","message":"Cache set for key: user:6aafdfc1d13727f3d0cced82:notifications","service":"vtunova-api","timestamp":"2026-09-21 00:22:44"}
{"environment":"production","level":"info","message":"Cache hit for key: user:6aafdfc1d13727f3d0cced82:transactions","service":"vtunova-api","timestamp":"2026-09-21 00:22:44"}
{"environment":"production","level":"info","message":"Cache hit for key: user:6aafdfc1d13727f3d0cced82:notifications","service":"vtunova-api","timestamp":"2026-09-21 00:22:45"}
{"environment":"production","level":"info","message":"Cache invalidated for key: user:6aafdfc1d13727f3d0cced82:notifications","service":"vtunova-api","timestamp":"2026-09-21 00:22:46"}
{"environment":"production","level":"error","message":"Failed to invalidate cache for key: user:6aafdfc1d13727f3d0cced82:notifications","service":"vtunova-api","timestamp":"2026-09-21 00:22:46"}
{"environment":"production","level":"info","message":"Email transport ready via smtp.gmail.com","service":"vtunova-api","timestamp":"2026-09-21 00:25:12"}
{"environment":"production","level":"info","message":"Redis client connected","service":"vtunova-api","timestamp":"2026-09-21 00:25:17"}
{"environment":"production","level":"info","message":"SMTP connection veried","service":"vtunova-api","timestamp":"2026-09-21 00:25:21"}
{"environment":"production","level":"info","message":"Email listeners registered for 11 event type(s)","service":"vtunova-api","timestamp":"2026-09-21 00:25:21"}
{"environment":"production","level":"info","message":"Notification listeners registered for 15 event type(s)","service":"vtunova-api","timestamp":"2026-09-21 00:25:21"}
{"environment":"production","level":"info","message":"VtuNova Platform running on port 3000 [production]","service":"vtunova-api","timestamp":"2026-09-21 00:25:22"}
{"environment":"production","level":"info","message":"API Docs: http://localhost:3000/api","service":"vtunova-api","timestamp":"2026-09-21 00:25:22"}
{"environment":"production","level":"info","message":"Email transport ready via smtp.gmail.com","service":"vtunova-api","timestamp":"2026-09-21 00:25:53"}
{"environment":"production","level":"info","message":"Redis client connected","service":"vtunova-api","timestamp":"2026-09-21 00:25:56"}
{"environment":"production","level":"info","message":"SMTP connection veried","service":"vtunova-api","timestamp":"2026-09-21 00:25:58"}
{"environment":"production","level":"info","message":"Email listeners registered for 11 event type(s)","service":"vtunova-api","timestamp":"2026-09-21 00:25:58"}
{"environment":"production","level":"info","message":"Notification listeners registered for 15 event type(s)","service":"vtunova-api","timestamp":"2026-09-21 00:25:58"}
{"environment":"production","level":"info","message":"VtuNova Platform running on port 3000 [production]","service":"vtunova-api","timestamp":"2026-09-21 00:25:58"}
{"environment":"production","level":"info","message":"API Docs: http://localhost:3000/api","service":"vtunova-api","timestamp":"2026-09-21 00:25:58"}
{"environment":"production","level":"info","message":"Clearing cache for user 6aafdfc1d13727f3d0cced82: deleted 2 key(s)","service":"vtunova-api","timestamp":"2026-09-21 00:26:02"}
{"environment":"production","level":"info","message":"Cache cleared for user 6aafdfc1d13727f3d0cced82","service":"vtunova-api","timestamp":"2026-09-21 00:26:02"}
{"environment":"production","level":"error","message":"Failed to invalidate cache for key: user:6aafdfc1d13727f3d0cced82:profile","service":"vtunova-api","timestamp":"2026-09-21 00:26:12"}
{"environment":"production","level":"info","message":"User login notification queued successfully","service":"vtunova-api","timestamp":"2026-09-21 00:26:13"}
{"environment":"production","level":"info","message":"[notif-worker] Processing job: loginAlert (id=252)","service":"vtunova-api","timestamp":"2026-09-21 00:26:13"}
{"environment":"production","level":"info","message":"[notif-worker] Job data: {\"userId\":\"6aafdfc1d13727f3d0cced82\",\"type\":\"security\",\"ip\":\"::1\",\"device\":\"Mozilla/5.0 (Windows NT 10.0; Win64; x64) AppleWebKit/537.36 (KHTML, like Gecko) Chrome/153.0.0.0 Safari/537.36\",\"category\":\"loginAlert\"}","service":"vtunova-api","timestamp":"2026-09-21 00:26:13"}
{"environment":"production","level":"info","message":"[notif-worker] Processing login alert for user 6aafdfc1d13727f3d0cced82","service":"vtunova-api","timestamp":"2026-09-21 00:26:13"}
{"environment":"production","level":"info","message":"[email-worker] Processing job: loginAlert (id=236)","service":"vtunova-api","timestamp":"2026-09-21 00:26:13"}
{"environment":"production","level":"info","message":"Notification created:","service":"vtunova-api","timestamp":"2026-09-21 00:26:13"}
{"environment":"production","level":"error","message":"Failed to invalidate cache for key: user:6aafdfc1d13727f3d0cced82:notifications","service":"vtunova-api","timestamp":"2026-09-21 00:26:13"}
{"environment":"production","level":"error","message":"Failed to invalidate cache for key: user:6aafdfc1d13727f3d0cced82:profile","service":"vtunova-api","timestamp":"2026-09-21 00:26:13"}
{"environment":"production","level":"info","message":"[notif-worker] Job 252 completed successfully","service":"vtunova-api","timestamp":"2026-09-21 00:26:14"}
{"environment":"production","level":"info","message":"[email-worker] Job 236 completed","service":"vtunova-api","timestamp":"2026-09-21 00:26:16"}
{"environment":"production","level":"info","message":"Cache miss for key: user:6aafdfc1d13727f3d0cced82:profile","service":"vtunova-api","timestamp":"2026-09-21 00:26:18"}
{"environment":"production","level":"info","message":"Cache set for key: user:6aafdfc1d13727f3d0cced82:profile","service":"vtunova-api","timestamp":"2026-09-21 00:26:18"}
{"environment":"production","level":"info","message":"Cache miss for key: user:6aafdfc1d13727f3d0cced82:transactions","service":"vtunova-api","timestamp":"2026-09-21 00:26:19"}
{"environment":"production","level":"info","message":"Cache set for key: user:6aafdfc1d13727f3d0cced82:transactions","service":"vtunova-api","timestamp":"2026-09-21 00:26:19"}
{"environment":"production","level":"info","message":"Cache set for user 6aafdfc1d13727f3d0cced82","service":"vtunova-api","timestamp":"2026-09-21 00:26:19"}
{"environment":"production","level":"info","message":"Cache miss for key: user:6aafdfc1d13727f3d0cced82:notifications","service":"vtunova-api","timestamp":"2026-09-21 00:26:20"}
{"environment":"production","level":"info","message":"Cache set for key: user:6aafdfc1d13727f3d0cced82:notifications","service":"vtunova-api","timestamp":"2026-09-21 00:26:20"}
{"environment":"production","level":"info","message":"Cache hit for key: user:6aafdfc1d13727f3d0cced82:transactions","service":"vtunova-api","timestamp":"2026-09-21 00:26:20"}
{"environment":"production","level":"info","message":"Cache hit for key: user:6aafdfc1d13727f3d0cced82:notifications","service":"vtunova-api","timestamp":"2026-09-21 00:26:21"}
{"environment":"production","level":"info","message":"Cache invalidated for key: user:6aafdfc1d13727f3d0cced82:notifications","service":"vtunova-api","timestamp":"2026-09-21 00:26:22"}
{"environment":"production","level":"error","message":"Failed to invalidate cache for key: user:6aafdfc1d13727f3d0cced82:notifications","service":"vtunova-api","timestamp":"2026-09-21 00:26:22"}
{"environment":"production","level":"error","message":"Failed to invalidate cache for key: user:6aafdfc1d13727f3d0cced82:notifications","service":"vtunova-api","timestamp":"2026-09-21 00:30:08"}
{"environment":"production","level":"error","message":"Failed to invalidate cache for key: user:6aafdfc1d13727f3d0cced82:notifications","service":"vtunova-api","timestamp":"2026-09-21 00:30:08"}
{"environment":"production","level":"info","message":"Email transport ready via smtp.gmail.com","service":"vtunova-api","timestamp":"2026-09-21 00:31:49"}
{"environment":"production","level":"info","message":"Email transport ready via smtp.gmail.com","service":"vtunova-api","timestamp":"2026-09-21 00:32:07"}
{"environment":"production","level":"info","message":"Redis client connected","service":"vtunova-api","timestamp":"2026-09-21 00:32:12"}
{"environment":"production","level":"info","message":"SMTP connection veried","service":"vtunova-api","timestamp":"2026-09-21 00:32:24"}
{"environment":"production","level":"info","message":"Email listeners registered for 11 event type(s)","service":"vtunova-api","timestamp":"2026-09-21 00:32:24"}
{"environment":"production","level":"info","message":"Notification listeners registered for 15 event type(s)","service":"vtunova-api","timestamp":"2026-09-21 00:32:24"}
{"environment":"production","level":"info","message":"VtuNova Platform running on port 3000 [production]","service":"vtunova-api","timestamp":"2026-09-21 00:32:24"}
{"environment":"production","level":"info","message":"API Docs: http://localhost:3000/api","service":"vtunova-api","timestamp":"2026-09-21 00:32:24"}
{"environment":"production","level":"info","message":"Email transport ready via smtp.gmail.com","service":"vtunova-api","timestamp":"2026-09-21 00:33:04"}
{"environment":"production","level":"info","message":"Email transport ready via smtp.gmail.com","service":"vtunova-api","timestamp":"2026-09-21 00:33:16"}
{"environment":"production","level":"info","message":"Redis client connected","service":"vtunova-api","timestamp":"2026-09-21 00:33:20"}
{"environment":"production","level":"info","message":"Email transport ready via smtp.gmail.com","service":"vtunova-api","timestamp":"2026-09-21 00:33:42"}
{"environment":"production","level":"info","message":"Redis client connected","service":"vtunova-api","timestamp":"2026-09-21 00:33:45"}
{"environment":"production","level":"info","message":"SMTP connection veried","service":"vtunova-api","timestamp":"2026-09-21 00:33:47"}
{"environment":"production","level":"info","message":"Email listeners registered for 11 event type(s)","service":"vtunova-api","timestamp":"2026-09-21 00:33:47"}
{"environment":"production","level":"info","message":"Notification listeners registered for 15 event type(s)","service":"vtunova-api","timestamp":"2026-09-21 00:33:47"}
{"environment":"production","level":"info","message":"VtuNova Platform running on port 3000 [production]","service":"vtunova-api","timestamp":"2026-09-21 00:33:47"}
{"environment":"production","level":"info","message":"API Docs: http://localhost:3000/api","service":"vtunova-api","timestamp":"2026-09-21 00:33:47"}
{"environment":"production","level":"info","message":"Email transport ready via smtp.gmail.com","service":"vtunova-api","timestamp":"2026-09-21 00:34:00"}
{"environment":"production","level":"info","message":"Redis client connected","service":"vtunova-api","timestamp":"2026-09-21 00:34:05"}
{"environment":"production","level":"info","message":"SMTP connection veried","service":"vtunova-api","timestamp":"2026-09-21 00:34:08"}
{"environment":"production","level":"info","message":"Email listeners registered for 11 event type(s)","service":"vtunova-api","timestamp":"2026-09-21 00:34:08"}
{"environment":"production","level":"info","message":"Notification listeners registered for 15 event type(s)","service":"vtunova-api","timestamp":"2026-09-21 00:34:08"}
{"environment":"production","level":"info","message":"VtuNova Platform running on port 3000 [production]","service":"vtunova-api","timestamp":"2026-09-21 00:34:08"}
{"environment":"production","level":"info","message":"API Docs: http://localhost:3000/api","service":"vtunova-api","timestamp":"2026-09-21 00:34:08"}
{"environment":"production","level":"info","message":"Clearing cache for user 6aafdfc1d13727f3d0cced82: deleted 2 key(s)","service":"vtunova-api","timestamp":"2026-09-21 00:34:18"}
{"environment":"production","level":"info","message":"Cache cleared for user 6aafdfc1d13727f3d0cced82","service":"vtunova-api","timestamp":"2026-09-21 00:34:18"}
{"environment":"production","level":"error","message":"Failed to invalidate cache for key: user:6aafdfc1d13727f3d0cced82:profile","service":"vtunova-api","timestamp":"2026-09-21 00:34:20"}
{"environment":"production","level":"info","message":"User login notification queued successfully","service":"vtunova-api","timestamp":"2026-09-21 00:34:20"}
{"environment":"production","level":"info","message":"[notif-worker] Processing job: loginAlert (id=253)","service":"vtunova-api","timestamp":"2026-09-21 00:34:21"}
{"environment":"production","level":"info","message":"[notif-worker] Job data: {\"userId\":\"6aafdfc1d13727f3d0cced82\",\"type\":\"security\",\"ip\":\"::1\",\"device\":\"Mozilla/5.0 (Windows NT 10.0; Win64; x64) AppleWebKit/537.36 (KHTML, like Gecko) Chrome/153.0.0.0 Safari/537.36\",\"category\":\"loginAlert\"}","service":"vtunova-api","timestamp":"2026-09-21 00:34:21"}
{"environment":"production","level":"info","message":"[notif-worker] Processing login alert for user 6aafdfc1d13727f3d0cced82","service":"vtunova-api","timestamp":"2026-09-21 00:34:21"}
{"environment":"production","level":"info","message":"[email-worker] Processing job: loginAlert (id=237)","service":"vtunova-api","timestamp":"2026-09-21 00:34:21"}
{"environment":"production","level":"info","message":"Notification created:","service":"vtunova-api","timestamp":"2026-09-21 00:34:21"}
{"environment":"production","level":"error","message":"Failed to invalidate cache for key: user:6aafdfc1d13727f3d0cced82:notifications","service":"vtunova-api","timestamp":"2026-09-21 00:34:21"}
{"environment":"production","level":"error","message":"Failed to invalidate cache for key: user:6aafdfc1d13727f3d0cced82:profile","service":"vtunova-api","timestamp":"2026-09-21 00:34:21"}
{"environment":"production","level":"info","message":"[notif-worker] Job 253 completed successfully","service":"vtunova-api","timestamp":"2026-09-21 00:34:22"}
{"environment":"production","level":"info","message":"[email-worker] Job 237 completed","service":"vtunova-api","timestamp":"2026-09-21 00:34:24"}
{"environment":"production","level":"info","message":"Cache miss for key: user:6aafdfc1d13727f3d0cced82:profile","service":"vtunova-api","timestamp":"2026-09-21 00:34:26"}
{"environment":"production","level":"info","message":"Cache set for key: user:6aafdfc1d13727f3d0cced82:profile","service":"vtunova-api","timestamp":"2026-09-21 00:34:26"}
{"environment":"production","level":"info","message":"Cache miss for key: user:6aafdfc1d13727f3d0cced82:transactions","service":"vtunova-api","timestamp":"2026-09-21 00:34:28"}
{"environment":"production","level":"info","message":"Cache set for key: user:6aafdfc1d13727f3d0cced82:transactions","service":"vtunova-api","timestamp":"2026-09-21 00:34:28"}
{"environment":"production","level":"info","message":"Cache set for user 6aafdfc1d13727f3d0cced82","service":"vtunova-api","timestamp":"2026-09-21 00:34:28"}
{"environment":"production","level":"info","message":"Cache miss for key: user:6aafdfc1d13727f3d0cced82:notifications","service":"vtunova-api","timestamp":"2026-09-21 00:34:28"}
{"environment":"production","level":"info","message":"Cache set for key: user:6aafdfc1d13727f3d0cced82:notifications","service":"vtunova-api","timestamp":"2026-09-21 00:34:28"}
{"environment":"production","level":"info","message":"Cache hit for key: user:6aafdfc1d13727f3d0cced82:transactions","service":"vtunova-api","timestamp":"2026-09-21 00:34:29"}
{"environment":"production","level":"info","message":"Cache hit for key: user:6aafdfc1d13727f3d0cced82:notifications","service":"vtunova-api","timestamp":"2026-09-21 00:34:29"}
{"environment":"production","level":"info","message":"Cache invalidated for key: user:6aafdfc1d13727f3d0cced82:notifications","service":"vtunova-api","timestamp":"2026-09-21 00:34:30"}
{"environment":"production","level":"error","message":"Failed to invalidate cache for key: user:6aafdfc1d13727f3d0cced82:notifications","service":"vtunova-api","timestamp":"2026-09-21 00:34:30"}
{"environment":"production","level":"info","message":"Email transport ready via smtp.gmail.com","service":"vtunova-api","timestamp":"2026-09-21 00:37:23"}
{"environment":"production","level":"info","message":"Email transport ready via smtp.gmail.com","service":"vtunova-api","timestamp":"2026-09-21 00:37:32"}
{"environment":"production","level":"info","message":"Redis client connected","service":"vtunova-api","timestamp":"2026-09-21 00:37:37"}
{"environment":"production","level":"info","message":"SMTP connection veried","service":"vtunova-api","timestamp":"2026-09-21 00:37:39"}
{"environment":"production","level":"info","message":"Email listeners registered for 11 event type(s)","service":"vtunova-api","timestamp":"2026-09-21 00:37:39"}
{"environment":"production","level":"info","message":"Notification listeners registered for 15 event type(s)","service":"vtunova-api","timestamp":"2026-09-21 00:37:39"}
{"environment":"production","level":"info","message":"VtuNova Platform running on port 3000 [production]","service":"vtunova-api","timestamp":"2026-09-21 00:37:39"}
{"environment":"production","level":"info","message":"API Docs: http://localhost:3000/api","service":"vtunova-api","timestamp":"2026-09-21 00:37:39"}
{"environment":"production","level":"info","message":"Clearing cache for user 6aafdfc1d13727f3d0cced82: deleted 2 key(s)","service":"vtunova-api","timestamp":"2026-09-21 00:38:00"}
{"environment":"production","level":"info","message":"Cache cleared for user 6aafdfc1d13727f3d0cced82","service":"vtunova-api","timestamp":"2026-09-21 00:38:00"}
{"environment":"production","level":"error","message":"Failed to invalidate cache for key: user:6aafdfc1d13727f3d0cced82:profile","service":"vtunova-api","timestamp":"2026-09-21 00:38:02"}
{"environment":"production","level":"info","message":"User login notification queued successfully","service":"vtunova-api","timestamp":"2026-09-21 00:38:02"}
{"environment":"production","level":"info","message":"[notif-worker] Processing job: loginAlert (id=254)","service":"vtunova-api","timestamp":"2026-09-21 00:38:03"}
{"environment":"production","level":"info","message":"[notif-worker] Job data: {\"userId\":\"6aafdfc1d13727f3d0cced82\",\"type\":\"security\",\"ip\":\"::1\",\"device\":\"Other 0.0.0\",\"category\":\"loginAlert\"}","service":"vtunova-api","timestamp":"2026-09-21 00:38:03"}
{"environment":"production","level":"info","message":"[notif-worker] Processing login alert for user 6aafdfc1d13727f3d0cced82","service":"vtunova-api","timestamp":"2026-09-21 00:38:03"}
{"environment":"production","level":"info","message":"Notification created:","service":"vtunova-api","timestamp":"2026-09-21 00:38:03"}
{"environment":"production","level":"error","message":"Failed to invalidate cache for key: user:6aafdfc1d13727f3d0cced82:notifications","service":"vtunova-api","timestamp":"2026-09-21 00:38:03"}
{"environment":"production","level":"error","message":"Failed to invalidate cache for key: user:6aafdfc1d13727f3d0cced82:profile","service":"vtunova-api","timestamp":"2026-09-21 00:38:03"}
{"environment":"production","level":"info","message":"[notif-worker] Job 254 completed successfully","service":"vtunova-api","timestamp":"2026-09-21 00:38:04"}
{"environment":"production","level":"info","message":"Cache miss for key: user:6aafdfc1d13727f3d0cced82:profile","service":"vtunova-api","timestamp":"2026-09-21 00:38:09"}
{"environment":"production","level":"info","message":"Cache set for key: user:6aafdfc1d13727f3d0cced82:profile","service":"vtunova-api","timestamp":"2026-09-21 00:38:09"}
{"environment":"production","level":"info","message":"Cache miss for key: user:6aafdfc1d13727f3d0cced82:transactions","service":"vtunova-api","timestamp":"2026-09-21 00:38:10"}
{"environment":"production","level":"info","message":"Cache set for key: user:6aafdfc1d13727f3d0cced82:transactions","service":"vtunova-api","timestamp":"2026-09-21 00:38:10"}
{"environment":"production","level":"info","message":"Cache set for user 6aafdfc1d13727f3d0cced82","service":"vtunova-api","timestamp":"2026-09-21 00:38:10"}
{"environment":"production","level":"info","message":"Cache miss for key: user:6aafdfc1d13727f3d0cced82:notifications","service":"vtunova-api","timestamp":"2026-09-21 00:38:11"}
{"environment":"production","level":"info","message":"Cache set for key: user:6aafdfc1d13727f3d0cced82:notifications","service":"vtunova-api","timestamp":"2026-09-21 00:38:11"}
{"environment":"production","level":"info","message":"Cache hit for key: user:6aafdfc1d13727f3d0cced82:transactions","service":"vtunova-api","timestamp":"2026-09-21 00:38:12"}
{"environment":"production","level":"info","message":"Cache hit for key: user:6aafdfc1d13727f3d0cced82:notifications","service":"vtunova-api","timestamp":"2026-09-21 00:38:12"}
{"environment":"production","level":"info","message":"Cache invalidated for key: user:6aafdfc1d13727f3d0cced82:notifications","service":"vtunova-api","timestamp":"2026-09-21 00:38:17"}
{"environment":"production","level":"error","message":"Failed to invalidate cache for key: user:6aafdfc1d13727f3d0cced82:notifications","service":"vtunova-api","timestamp":"2026-09-21 00:38:17"}
{"environment":"production","level":"error","message":"Failed to invalidate cache for key: user:6aafdfc1d13727f3d0cced82:notifications","service":"vtunova-api","timestamp":"2026-09-21 00:38:29"}
{"environment":"production","level":"info","message":"Email transport ready via smtp.gmail.com","service":"vtunova-api","timestamp":"2026-09-21 00:39:26"}
{"environment":"production","level":"info","message":"Redis client connected","service":"vtunova-api","timestamp":"2026-09-21 00:39:30"}
{"environment":"production","level":"info","message":"SMTP connection veried","service":"vtunova-api","timestamp":"2026-09-21 00:39:40"}
{"environment":"production","level":"info","message":"Email listeners registered for 11 event type(s)","service":"vtunova-api","timestamp":"2026-09-21 00:39:40"}
{"environment":"production","level":"info","message":"Notification listeners registered for 15 event type(s)","service":"vtunova-api","timestamp":"2026-09-21 00:39:40"}
{"environment":"production","level":"info","message":"VtuNova Platform running on port 3000 [production]","service":"vtunova-api","timestamp":"2026-09-21 00:39:40"}
{"environment":"production","level":"info","message":"API Docs: http://localhost:3000/api","service":"vtunova-api","timestamp":"2026-09-21 00:39:40"}
{"environment":"production","level":"info","message":"Email transport ready via smtp.gmail.com","service":"vtunova-api","timestamp":"2026-09-21 00:40:28"}
{"environment":"production","level":"info","message":"Email transport ready via smtp.gmail.com","service":"vtunova-api","timestamp":"2026-09-21 00:40:54"}
{"environment":"production","level":"info","message":"Redis client connected","service":"vtunova-api","timestamp":"2026-09-21 00:40:58"}
{"environment":"production","level":"info","message":"SMTP connection veried","service":"vtunova-api","timestamp":"2026-09-21 00:41:03"}
{"environment":"production","level":"info","message":"Email listeners registered for 11 event type(s)","service":"vtunova-api","timestamp":"2026-09-21 00:41:03"}
{"environment":"production","level":"info","message":"Notification listeners registered for 15 event type(s)","service":"vtunova-api","timestamp":"2026-09-21 00:41:03"}
{"environment":"production","level":"info","message":"VtuNova Platform running on port 3000 [production]","service":"vtunova-api","timestamp":"2026-09-21 00:41:03"}
{"environment":"production","level":"info","message":"API Docs: http://localhost:3000/api","service":"vtunova-api","timestamp":"2026-09-21 00:41:03"}
{"environment":"production","level":"info","message":"Email transport ready via smtp.gmail.com","service":"vtunova-api","timestamp":"2026-09-21 00:41:59"}
{"environment":"production","level":"info","message":"Redis client connected","service":"vtunova-api","timestamp":"2026-09-21 00:42:03"}
{"environment":"production","level":"info","message":"Email transport ready via smtp.gmail.com","service":"vtunova-api","timestamp":"2026-09-21 00:42:18"}
{"environment":"production","level":"info","message":"Redis client connected","service":"vtunova-api","timestamp":"2026-09-21 00:42:21"}
{"environment":"production","level":"info","message":"SMTP connection veried","service":"vtunova-api","timestamp":"2026-09-21 00:42:23"}
{"environment":"production","level":"info","message":"Email listeners registered for 11 event type(s)","service":"vtunova-api","timestamp":"2026-09-21 00:42:23"}
{"environment":"production","level":"info","message":"Notification listeners registered for 15 event type(s)","service":"vtunova-api","timestamp":"2026-09-21 00:42:23"}
{"environment":"production","level":"info","message":"VtuNova Platform running on port 3000 [production]","service":"vtunova-api","timestamp":"2026-09-21 00:42:23"}
{"environment":"production","level":"info","message":"API Docs: http://localhost:3000/api","service":"vtunova-api","timestamp":"2026-09-21 00:42:23"}
{"environment":"production","level":"info","message":"Email transport ready via smtp.gmail.com","service":"vtunova-api","timestamp":"2026-09-21 00:42:29"}
{"environment":"production","level":"info","message":"Redis client connected","service":"vtunova-api","timestamp":"2026-09-21 00:42:32"}
{"environment":"production","level":"info","message":"SMTP connection veried","service":"vtunova-api","timestamp":"2026-09-21 00:42:34"}
{"environment":"production","level":"info","message":"Email listeners registered for 11 event type(s)","service":"vtunova-api","timestamp":"2026-09-21 00:42:34"}
{"environment":"production","level":"info","message":"Notification listeners registered for 15 event type(s)","service":"vtunova-api","timestamp":"2026-09-21 00:42:34"}
{"environment":"production","level":"info","message":"VtuNova Platform running on port 3000 [production]","service":"vtunova-api","timestamp":"2026-09-21 00:42:34"}
{"environment":"production","level":"info","message":"API Docs: http://localhost:3000/api","service":"vtunova-api","timestamp":"2026-09-21 00:42:34"}
{"environment":"production","level":"info","message":"Email transport ready via smtp.gmail.com","service":"vtunova-api","timestamp":"2026-09-21 00:44:44"}
{"environment":"production","level":"info","message":"Redis client connected","service":"vtunova-api","timestamp":"2026-09-21 00:44:48"}
{"environment":"production","level":"info","message":"SMTP connection veried","service":"vtunova-api","timestamp":"2026-09-21 00:44:53"}
{"environment":"production","level":"info","message":"Email listeners registered for 11 event type(s)","service":"vtunova-api","timestamp":"2026-09-21 00:44:53"}
{"environment":"production","level":"info","message":"Notification listeners registered for 15 event type(s)","service":"vtunova-api","timestamp":"2026-09-21 00:44:53"}
{"environment":"production","level":"info","message":"VtuNova Platform running on port 3000 [production]","service":"vtunova-api","timestamp":"2026-09-21 00:44:53"}
{"environment":"production","level":"info","message":"API Docs: http://localhost:3000/api","service":"vtunova-api","timestamp":"2026-09-21 00:44:53"}
{"environment":"production","level":"info","message":"Email transport ready via smtp.gmail.com","service":"vtunova-api","timestamp":"2026-09-21 00:45:15"}
{"environment":"production","level":"info","message":"Redis client connected","service":"vtunova-api","timestamp":"2026-09-21 00:45:21"}
{"environment":"production","level":"info","message":"SMTP connection veried","service":"vtunova-api","timestamp":"2026-09-21 00:45:23"}
{"environment":"production","level":"info","message":"Email listeners registered for 11 event type(s)","service":"vtunova-api","timestamp":"2026-09-21 00:45:23"}
{"environment":"production","level":"info","message":"Notification listeners registered for 15 event type(s)","service":"vtunova-api","timestamp":"2026-09-21 00:45:23"}
{"environment":"production","level":"info","message":"VtuNova Platform running on port 3000 [production]","service":"vtunova-api","timestamp":"2026-09-21 00:45:23"}
{"environment":"production","level":"info","message":"API Docs: http://localhost:3000/api","service":"vtunova-api","timestamp":"2026-09-21 00:45:23"}
{"environment":"production","level":"info","message":"Clearing cache for user 6aafdfc1d13727f3d0cced82: deleted 2 key(s)","service":"vtunova-api","timestamp":"2026-09-21 00:45:27"}
{"environment":"production","level":"info","message":"Cache cleared for user 6aafdfc1d13727f3d0cced82","service":"vtunova-api","timestamp":"2026-09-21 00:45:27"}
{"environment":"production","level":"info","message":"Cache miss for key: user:6aafdfc1d13727f3d0cced82:profile","service":"vtunova-api","timestamp":"2026-09-21 00:45:31"}
{"environment":"production","level":"info","message":"Cache set for key: user:6aafdfc1d13727f3d0cced82:profile","service":"vtunova-api","timestamp":"2026-09-21 00:45:31"}
{"environment":"production","level":"info","message":"Cache miss for key: user:6aafdfc1d13727f3d0cced82:transactions","service":"vtunova-api","timestamp":"2026-09-21 00:45:32"}
{"environment":"production","level":"info","message":"Cache set for key: user:6aafdfc1d13727f3d0cced82:transactions","service":"vtunova-api","timestamp":"2026-09-21 00:45:33"}
{"environment":"production","level":"info","message":"Cache set for user 6aafdfc1d13727f3d0cced82","service":"vtunova-api","timestamp":"2026-09-21 00:45:33"}
{"environment":"production","level":"info","message":"Cache miss for key: user:6aafdfc1d13727f3d0cced82:notifications","service":"vtunova-api","timestamp":"2026-09-21 00:45:33"}
{"environment":"production","level":"info","message":"Cache set for key: user:6aafdfc1d13727f3d0cced82:notifications","service":"vtunova-api","timestamp":"2026-09-21 00:45:33"}
{"environment":"production","level":"info","message":"Cache hit for key: user:6aafdfc1d13727f3d0cced82:transactions","service":"vtunova-api","timestamp":"2026-09-21 00:45:34"}
{"environment":"production","level":"info","message":"Cache hit for key: user:6aafdfc1d13727f3d0cced82:notifications","service":"vtunova-api","timestamp":"2026-09-21 00:45:34"}
{"environment":"production","level":"info","message":"Cache invalidated for key: user:6aafdfc1d13727f3d0cced82:profile","service":"vtunova-api","timestamp":"2026-09-21 00:45:35"}
{"environment":"production","level":"info","message":"User login notification queued successfully","service":"vtunova-api","timestamp":"2026-09-21 00:45:35"}
{"environment":"production","level":"info","message":"[notif-worker] Processing job: loginAlert (id=255)","service":"vtunova-api","timestamp":"2026-09-21 00:45:36"}
{"environment":"production","level":"info","message":"[notif-worker] Job data: {\"userId\":\"6aafdfc1d13727f3d0cced82\",\"type\":\"security\",\"ip\":\"::1\",\"device\":\"Windows 10 PC\",\"category\":\"loginAlert\"}","service":"vtunova-api","timestamp":"2026-09-21 00:45:36"}
{"environment":"production","level":"info","message":"[notif-worker] Processing login alert for user 6aafdfc1d13727f3d0cced82","service":"vtunova-api","timestamp":"2026-09-21 00:45:36"}
{"environment":"production","level":"info","message":"Notification created:","service":"vtunova-api","timestamp":"2026-09-21 00:45:36"}
{"environment":"production","level":"info","message":"Cache invalidated for key: user:6aafdfc1d13727f3d0cced82:notifications","service":"vtunova-api","timestamp":"2026-09-21 00:45:36"}
{"environment":"production","level":"error","message":"Failed to invalidate cache for key: user:6aafdfc1d13727f3d0cced82:profile","service":"vtunova-api","timestamp":"2026-09-21 00:45:36"}
{"environment":"production","level":"info","message":"[notif-worker] Job 255 completed successfully","service":"vtunova-api","timestamp":"2026-09-21 00:45:37"}
{"environment":"production","level":"info","message":"Cache miss for key: user:6aafdfc1d13727f3d0cced82:profile","service":"vtunova-api","timestamp":"2026-09-21 00:45:41"}
{"environment":"production","level":"info","message":"Cache set for key: user:6aafdfc1d13727f3d0cced82:profile","service":"vtunova-api","timestamp":"2026-09-21 00:45:41"}
{"environment":"production","level":"info","message":"Cache hit for key: user:6aafdfc1d13727f3d0cced82:transactions","service":"vtunova-api","timestamp":"2026-09-21 00:45:42"}
{"environment":"production","level":"info","message":"Cache miss for key: user:6aafdfc1d13727f3d0cced82:notifications","service":"vtunova-api","timestamp":"2026-09-21 00:45:43"}
{"environment":"production","level":"info","message":"Cache set for key: user:6aafdfc1d13727f3d0cced82:notifications","service":"vtunova-api","timestamp":"2026-09-21 00:45:43"}
{"environment":"production","level":"info","message":"Cache hit for key: user:6aafdfc1d13727f3d0cced82:transactions","service":"vtunova-api","timestamp":"2026-09-21 00:45:43"}
{"environment":"production","level":"info","message":"Cache hit for key: user:6aafdfc1d13727f3d0cced82:notifications","service":"vtunova-api","timestamp":"2026-09-21 00:45:44"}
{"environment":"production","level":"info","message":"Cache invalidated for key: user:6aafdfc1d13727f3d0cced82:notifications","service":"vtunova-api","timestamp":"2026-09-21 00:45:47"}
{"environment":"production","level":"error","message":"Failed to invalidate cache for key: user:6aafdfc1d13727f3d0cced82:notifications","service":"vtunova-api","timestamp":"2026-09-21 00:45:47"}
{"environment":"production","level":"info","message":"Cache hit for key: user:6aafdfc1d13727f3d0cced82:profile","service":"vtunova-api","timestamp":"2026-09-21 00:47:12"}
{"environment":"production","level":"error","message":"Failed to invalidate cache for key: user:6aafdfc1d13727f3d0cced82:notifications","service":"vtunova-api","timestamp":"2026-09-21 00:47:13"}
{"environment":"production","level":"error","message":"Failed to invalidate cache for key: user:6aafdfc1d13727f3d0cced82:notifications","service":"vtunova-api","timestamp":"2026-09-21 00:47:13"}
{"environment":"production","level":"info","message":"Cache hit for key: user:6aafdfc1d13727f3d0cced82:transactions","service":"vtunova-api","timestamp":"2026-09-21 00:47:14"}
{"environment":"production","level":"info","message":"Cache miss for key: user:6aafdfc1d13727f3d0cced82:notifications","service":"vtunova-api","timestamp":"2026-09-21 00:47:14"}
{"environment":"production","level":"info","message":"Cache set for key: user:6aafdfc1d13727f3d0cced82:notifications","service":"vtunova-api","timestamp":"2026-09-21 00:47:14"}
{"environment":"production","level":"info","message":"Cache hit for key: user:6aafdfc1d13727f3d0cced82:transactions","service":"vtunova-api","timestamp":"2026-09-21 00:47:15"}
{"environment":"production","level":"info","message":"Cache hit for key: user:6aafdfc1d13727f3d0cced82:notifications","service":"vtunova-api","timestamp":"2026-09-21 00:47:15"}
{"environment":"production","level":"info","message":"Clearing cache for user 6aafdfc1d13727f3d0cced82: deleted 3 key(s)","service":"vtunova-api","timestamp":"2026-09-21 00:47:23"}
{"environment":"production","level":"info","message":"Cache cleared for user 6aafdfc1d13727f3d0cced82","service":"vtunova-api","timestamp":"2026-09-21 00:47:23"}
{"environment":"production","level":"error","message":"Failed to invalidate cache for key: user:6aafdfc1d13727f3d0cced82:profile","service":"vtunova-api","timestamp":"2026-09-21 00:47:26"}
{"environment":"production","level":"info","message":"User login notification queued successfully","service":"vtunova-api","timestamp":"2026-09-21 00:47:26"}
{"environment":"production","level":"info","message":"[notif-worker] Processing job: loginAlert (id=256)","service":"vtunova-api","timestamp":"2026-09-21 00:47:26"}
{"environment":"production","level":"info","message":"[notif-worker] Job data: {\"userId\":\"6aafdfc1d13727f3d0cced82\",\"type\":\"security\",\"ip\":\"::1\",\"device\":\"Windows 10 PC\",\"category\":\"loginAlert\"}","service":"vtunova-api","timestamp":"2026-09-21 00:47:26"}
{"environment":"production","level":"info","message":"[notif-worker] Processing login alert for user 6aafdfc1d13727f3d0cced82","service":"vtunova-api","timestamp":"2026-09-21 00:47:26"}
{"environment":"production","level":"info","message":"Notification created:","service":"vtunova-api","timestamp":"2026-09-21 00:47:26"}
{"environment":"production","level":"error","message":"Failed to invalidate cache for key: user:6aafdfc1d13727f3d0cced82:notifications","service":"vtunova-api","timestamp":"2026-09-21 00:47:26"}
{"environment":"production","level":"error","message":"Failed to invalidate cache for key: user:6aafdfc1d13727f3d0cced82:profile","service":"vtunova-api","timestamp":"2026-09-21 00:47:26"}
{"environment":"production","level":"info","message":"[notif-worker] Job 256 completed successfully","service":"vtunova-api","timestamp":"2026-09-21 00:47:27"}
{"environment":"production","level":"info","message":"Cache miss for key: user:6aafdfc1d13727f3d0cced82:profile","service":"vtunova-api","timestamp":"2026-09-21 00:47:31"}
{"environment":"production","level":"info","message":"Cache set for key: user:6aafdfc1d13727f3d0cced82:profile","service":"vtunova-api","timestamp":"2026-09-21 00:47:31"}
{"environment":"production","level":"info","message":"Cache miss for key: user:6aafdfc1d13727f3d0cced82:transactions","service":"vtunova-api","timestamp":"2026-09-21 00:47:32"}
{"environment":"production","level":"info","message":"Cache set for key: user:6aafdfc1d13727f3d0cced82:transactions","service":"vtunova-api","timestamp":"2026-09-21 00:47:33"}
{"environment":"production","level":"info","message":"Cache set for user 6aafdfc1d13727f3d0cced82","service":"vtunova-api","timestamp":"2026-09-21 00:47:33"}
{"environment":"production","level":"info","message":"Cache miss for key: user:6aafdfc1d13727f3d0cced82:notifications","service":"vtunova-api","timestamp":"2026-09-21 00:47:33"}
{"environment":"production","level":"info","message":"Cache set for key: user:6aafdfc1d13727f3d0cced82:notifications","service":"vtunova-api","timestamp":"2026-09-21 00:47:33"}
{"environment":"production","level":"info","message":"Cache hit for key: user:6aafdfc1d13727f3d0cced82:transactions","service":"vtunova-api","timestamp":"2026-09-21 00:47:34"}
{"environment":"production","level":"info","message":"Cache hit for key: user:6aafdfc1d13727f3d0cced82:notifications","service":"vtunova-api","timestamp":"2026-09-21 00:47:34"}
{"environment":"production","level":"info","message":"Cache invalidated for key: user:6aafdfc1d13727f3d0cced82:notifications","service":"vtunova-api","timestamp":"2026-09-21 00:47:35"}
{"environment":"production","level":"error","message":"Failed to invalidate cache for key: user:6aafdfc1d13727f3d0cced82:notifications","service":"vtunova-api","timestamp":"2026-09-21 00:47:35"}
{"environment":"production","level":"info","message":"Cache invalidated for key: user:6aafdfc1d13727f3d0cced82:transactions","service":"vtunova-api","timestamp":"2026-09-21 00:48:25"}
{"environment":"production","level":"info","message":"Cache invalidated for user 6aafdfc1d13727f3d0cced82","service":"vtunova-api","timestamp":"2026-09-21 00:48:25"}
{"environment":"production","level":"info","message":"Transaction saved to DB","service":"vtunova-api","timestamp":"2026-09-21 00:48:25"}
{"environment":"production","level":"info","message":"Airtime purchase notification queued successfully","service":"vtunova-api","timestamp":"2026-09-21 00:48:25"}
{"environment":"production","level":"info","message":"[notif-worker] Processing job: airtimePurchase (id=257)","service":"vtunova-api","timestamp":"2026-09-21 00:48:26"}
{"environment":"production","level":"info","message":"[notif-worker] Job data: {\"transactionId\":\"6ab070c9f460e2f0d9701ea6\",\"userId\":\"6aafdfc1d13727f3d0cced82\",\"type\":\"transaction\",\"category\":\"airtime\",\"product_name\":\"Airtime\",\"amount\":500}","service":"vtunova-api","timestamp":"2026-09-21 00:48:26"}
{"environment":"production","level":"info","message":"job proccessing for user 6aafdfc1d13727f3d0cced82","service":"vtunova-api","timestamp":"2026-09-21 00:48:26"}
{"environment":"production","level":"info","message":"Notification created:","service":"vtunova-api","timestamp":"2026-09-21 00:48:26"}
{"environment":"production","level":"error","message":"Failed to invalidate cache for key: user:6aafdfc1d13727f3d0cced82:notifications","service":"vtunova-api","timestamp":"2026-09-21 00:48:26"}
{"environment":"production","level":"info","message":"Cache invalidated for key: user:6aafdfc1d13727f3d0cced82:profile","service":"vtunova-api","timestamp":"2026-09-21 00:48:26"}
{"environment":"production","level":"info","message":"[notif-worker] Job 257 completed successfully","service":"vtunova-api","timestamp":"2026-09-21 00:48:27"}
{"environment":"production","level":"info","message":"Cache miss for key: user:6aafdfc1d13727f3d0cced82:profile","service":"vtunova-api","timestamp":"2026-09-21 00:48:31"}
{"environment":"production","level":"info","message":"Cache set for key: user:6aafdfc1d13727f3d0cced82:profile","service":"vtunova-api","timestamp":"2026-09-21 00:48:31"}
{"environment":"production","level":"info","message":"Cache miss for key: user:6aafdfc1d13727f3d0cced82:transactions","service":"vtunova-api","timestamp":"2026-09-21 00:48:32"}
{"environment":"production","level":"info","message":"Cache set for key: user:6aafdfc1d13727f3d0cced82:transactions","service":"vtunova-api","timestamp":"2026-09-21 00:48:32"}
{"environment":"production","level":"info","message":"Cache set for user 6aafdfc1d13727f3d0cced82","service":"vtunova-api","timestamp":"2026-09-21 00:48:32"}
{"environment":"production","level":"info","message":"Cache miss for key: user:6aafdfc1d13727f3d0cced82:notifications","service":"vtunova-api","timestamp":"2026-09-21 00:48:33"}
{"environment":"production","level":"info","message":"Cache set for key: user:6aafdfc1d13727f3d0cced82:notifications","service":"vtunova-api","timestamp":"2026-09-21 00:48:33"}
{"environment":"production","level":"info","message":"Cache hit for key: user:6aafdfc1d13727f3d0cced82:transactions","service":"vtunova-api","timestamp":"2026-09-21 00:48:33"}
{"environment":"production","level":"info","message":"Cache hit for key: user:6aafdfc1d13727f3d0cced82:notifications","service":"vtunova-api","timestamp":"2026-09-21 00:48:34"}
{"environment":"production","level":"info","message":"Cache invalidated for key: user:6aafdfc1d13727f3d0cced82:notifications","service":"vtunova-api","timestamp":"2026-09-21 00:48:35"}
{"environment":"production","level":"error","message":"Failed to invalidate cache for key: user:6aafdfc1d13727f3d0cced82:notifications","service":"vtunova-api","timestamp":"2026-09-21 00:48:35"}
{"environment":"production","level":"info","message":"Email transport ready via smtp.gmail.com","service":"vtunova-api","timestamp":"2026-09-21 00:50:31"}
{"environment":"production","level":"info","message":"Redis client connected","service":"vtunova-api","timestamp":"2026-09-21 00:50:35"}
{"environment":"production","level":"info","message":"Email transport ready via smtp.gmail.com","service":"vtunova-api","timestamp":"2026-09-21 00:50:45"}
{"environment":"production","level":"info","message":"Redis client connected","service":"vtunova-api","timestamp":"2026-09-21 00:50:48"}
{"environment":"production","level":"info","message":"SMTP connection veried","service":"vtunova-api","timestamp":"2026-09-21 00:50:50"}
{"environment":"production","level":"info","message":"Email listeners registered for 11 event type(s)","service":"vtunova-api","timestamp":"2026-09-21 00:50:50"}
{"environment":"production","level":"info","message":"Notification listeners registered for 15 event type(s)","service":"vtunova-api","timestamp":"2026-09-21 00:50:50"}
{"environment":"production","level":"info","message":"VtuNova Platform running on port 3000 [production]","service":"vtunova-api","timestamp":"2026-09-21 00:50:50"}
{"environment":"production","level":"info","message":"API Docs: http://localhost:3000/api","service":"vtunova-api","timestamp":"2026-09-21 00:50:50"}
{"environment":"production","level":"info","message":"Email transport ready via smtp.gmail.com","service":"vtunova-api","timestamp":"2026-09-21 00:50:54"}
{"environment":"production","level":"info","message":"Redis client connected","service":"vtunova-api","timestamp":"2026-09-21 00:50:57"}
{"environment":"production","level":"info","message":"SMTP connection veried","service":"vtunova-api","timestamp":"2026-09-21 00:50:58"}
{"environment":"production","level":"info","message":"Email listeners registered for 11 event type(s)","service":"vtunova-api","timestamp":"2026-09-21 00:50:58"}
{"environment":"production","level":"info","message":"Notification listeners registered for 15 event type(s)","service":"vtunova-api","timestamp":"2026-09-21 00:50:58"}
{"environment":"production","level":"info","message":"VtuNova Platform running on port 3000 [production]","service":"vtunova-api","timestamp":"2026-09-21 00:50:58"}
{"environment":"production","level":"info","message":"API Docs: http://localhost:3000/api","service":"vtunova-api","timestamp":"2026-09-21 00:50:58"}
{"environment":"production","level":"info","message":"Email transport ready via smtp.gmail.com","service":"vtunova-api","timestamp":"2026-09-21 00:51:19"}
{"environment":"production","level":"info","message":"Redis client connected","service":"vtunova-api","timestamp":"2026-09-21 00:51:22"}
{"environment":"production","level":"info","message":"SMTP connection veried","service":"vtunova-api","timestamp":"2026-09-21 00:51:24"}
{"environment":"production","level":"info","message":"Email listeners registered for 11 event type(s)","service":"vtunova-api","timestamp":"2026-09-21 00:51:24"}
{"environment":"production","level":"info","message":"Notification listeners registered for 15 event type(s)","service":"vtunova-api","timestamp":"2026-09-21 00:51:24"}
{"environment":"production","level":"info","message":"VtuNova Platform running on port 3000 [production]","service":"vtunova-api","timestamp":"2026-09-21 00:51:24"}
{"environment":"production","level":"info","message":"API Docs: http://localhost:3000/api","service":"vtunova-api","timestamp":"2026-09-21 00:51:24"}
{"environment":"production","level":"info","message":"Email transport ready via smtp.gmail.com","service":"vtunova-api","timestamp":"2026-09-21 00:51:31"}
{"environment":"production","level":"info","message":"Redis client connected","service":"vtunova-api","timestamp":"2026-09-21 00:51:36"}
{"environment":"production","level":"info","message":"SMTP connection veried","service":"vtunova-api","timestamp":"2026-09-21 00:51:40"}
{"environment":"production","level":"info","message":"Email listeners registered for 11 event type(s)","service":"vtunova-api","timestamp":"2026-09-21 00:51:40"}
{"environment":"production","level":"info","message":"Notification listeners registered for 15 event type(s)","service":"vtunova-api","timestamp":"2026-09-21 00:51:40"}
{"environment":"production","level":"info","message":"VtuNova Platform running on port 3000 [production]","service":"vtunova-api","timestamp":"2026-09-21 00:51:40"}
{"environment":"production","level":"info","message":"API Docs: http://localhost:3000/api","service":"vtunova-api","timestamp":"2026-09-21 00:51:40"}
{"environment":"production","level":"info","message":"Cache hit for key: user:6aafdfc1d13727f3d0cced82:profile","service":"vtunova-api","timestamp":"2026-09-21 00:52:41"}
{"environment":"production","level":"error","message":"Failed to invalidate cache for key: user:6aafdfc1d13727f3d0cced82:notifications","service":"vtunova-api","timestamp":"2026-09-21 00:52:43"}
{"environment":"production","level":"error","message":"Failed to invalidate cache for key: user:6aafdfc1d13727f3d0cced82:notifications","service":"vtunova-api","timestamp":"2026-09-21 00:52:43"}
{"environment":"production","level":"info","message":"Cache hit for key: user:6aafdfc1d13727f3d0cced82:transactions","service":"vtunova-api","timestamp":"2026-09-21 00:52:43"}
{"environment":"production","level":"info","message":"Cache miss for key: user:6aafdfc1d13727f3d0cced82:notifications","service":"vtunova-api","timestamp":"2026-09-21 00:52:43"}
{"environment":"production","level":"info","message":"Cache set for key: user:6aafdfc1d13727f3d0cced82:notifications","service":"vtunova-api","timestamp":"2026-09-21 00:52:43"}
{"environment":"production","level":"info","message":"Cache hit for key: user:6aafdfc1d13727f3d0cced82:transactions","service":"vtunova-api","timestamp":"2026-09-21 00:52:44"}
{"environment":"production","level":"info","message":"Cache hit for key: user:6aafdfc1d13727f3d0cced82:notifications","service":"vtunova-api","timestamp":"2026-09-21 00:52:44"}
{"environment":"production","level":"info","message":"Email transport ready via smtp.gmail.com","service":"vtunova-api","timestamp":"2026-09-21 00:53:21"}
{"environment":"production","level":"info","message":"Redis client connected","service":"vtunova-api","timestamp":"2026-09-21 00:53:25"}
{"environment":"production","level":"info","message":"SMTP connection veried","service":"vtunova-api","timestamp":"2026-09-21 00:53:30"}
{"environment":"production","level":"info","message":"Email listeners registered for 11 event type(s)","service":"vtunova-api","timestamp":"2026-09-21 00:53:30"}
{"environment":"production","level":"info","message":"Notification listeners registered for 15 event type(s)","service":"vtunova-api","timestamp":"2026-09-21 00:53:30"}
{"environment":"production","level":"info","message":"VtuNova Platform running on port 3000 [production]","service":"vtunova-api","timestamp":"2026-09-21 00:53:30"}
{"environment":"production","level":"info","message":"API Docs: http://localhost:3000/api","service":"vtunova-api","timestamp":"2026-09-21 00:53:30"}
{"environment":"production","level":"info","message":"Cache hit for key: user:6aafdfc1d13727f3d0cced82:profile","service":"vtunova-api","timestamp":"2026-09-21 00:53:48"}
{"environment":"production","level":"info","message":"Cache hit for key: user:6aafdfc1d13727f3d0cced82:transactions","service":"vtunova-api","timestamp":"2026-09-21 00:53:49"}
{"environment":"production","level":"info","message":"Cache invalidated for key: user:6aafdfc1d13727f3d0cced82:notifications","service":"vtunova-api","timestamp":"2026-09-21 00:53:49"}
{"environment":"production","level":"error","message":"Failed to invalidate cache for key: user:6aafdfc1d13727f3d0cced82:notifications","service":"vtunova-api","timestamp":"2026-09-21 00:53:49"}
{"environment":"production","level":"info","message":"Cache miss for key: user:6aafdfc1d13727f3d0cced82:notifications","service":"vtunova-api","timestamp":"2026-09-21 00:53:49"}
{"environment":"production","level":"info","message":"Cache set for key: user:6aafdfc1d13727f3d0cced82:notifications","service":"vtunova-api","timestamp":"2026-09-21 00:53:49"}
{"environment":"production","level":"info","message":"Cache hit for key: user:6aafdfc1d13727f3d0cced82:transactions","service":"vtunova-api","timestamp":"2026-09-21 00:53:50"}
{"environment":"production","level":"info","message":"Cache hit for key: user:6aafdfc1d13727f3d0cced82:notifications","service":"vtunova-api","timestamp":"2026-09-21 00:53:50"}
{"environment":"production","level":"info","message":"SIGINT received. Shutting down gracefully...","service":"vtunova-api","timestamp":"2026-09-21 00:55:22"}
{"environment":"production","level":"info","message":"Email transport ready via smtp.gmail.com","service":"vtunova-api","timestamp":"2026-09-21 15:40:35"}
{"environment":"production","level":"error","message":"Redis Client Error Connection timeout","service":"vtunova-api","stack":"Error: Connection timeout\n    at Socket.onTimeout (C:\\Users\\HomePC\\VtuNova-Backend_v1\\node_modules\\@redis\\client\\dist\\lib\\client\\socket.js:282:46)\n    at Object.onceWrapper (node:events:622:28)\n    at Socket.emit (node:events:508:28)\n    at Socket._onTimeout (node:net:604:8)\n    at listOnTimeout (node:internal/timers:605:17)\n    at process.processTimers (node:internal/timers:541:7)","timestamp":"2026-09-21 15:41:04"}
{"environment":"production","level":"error","message":"Redis Client Error Connection timeout","service":"vtunova-api","stack":"Error: Connection timeout\n    at Socket.onTimeout (C:\\Users\\HomePC\\VtuNova-Backend_v1\\node_modules\\@redis\\client\\dist\\lib\\client\\socket.js:282:46)\n    at Object.onceWrapper (node:events:622:28)\n    at Socket.emit (node:events:508:28)\n    at Socket._onTimeout (node:net:604:8)\n    at listOnTimeout (node:internal/timers:605:17)\n    at process.processTimers (node:internal/timers:541:7)","timestamp":"2026-09-21 15:41:09"}
{"code":"ETIMEDOUT","environment":"production","errorno":"ETIMEDOUT","level":"error","message":"[notif-worker] Worker error: connect ETIMEDOUT","service":"vtunova-api","stack":"Error: connect ETIMEDOUT\n    at Socket.<anonymous> (C:\\Users\\HomePC\\VtuNova-Backend_v1\\node_modules\\ioredis\\built\\Redis.js:196:41)\n    at Object.onceWrapper (node:events:622:28)\n    at Socket.emit (node:events:508:28)\n    at Socket._onTimeout (node:net:604:8)\n    at listOnTimeout (node:internal/timers:605:17)\n    at process.processTimers (node:internal/timers:541:7)","syscall":"connect","timestamp":"2026-09-21 15:41:14"}
{"code":"ETIMEDOUT","environment":"production","errorno":"ETIMEDOUT","level":"error","message":"[notif-worker] Worker error: connect ETIMEDOUT","service":"vtunova-api","stack":"Error: connect ETIMEDOUT\n    at Socket.<anonymous> (C:\\Users\\HomePC\\VtuNova-Backend_v1\\node_modules\\ioredis\\built\\Redis.js:196:41)\n    at Object.onceWrapper (node:events:622:28)\n    at Socket.emit (node:events:508:28)\n    at Socket._onTimeout (node:net:604:8)\n    at listOnTimeout (node:internal/timers:605:17)\n    at process.processTimers (node:internal/timers:541:7)","syscall":"connect","timestamp":"2026-09-21 15:41:14"}
{"environment":"production","level":"error","message":"Redis Client Error Connection timeout","service":"vtunova-api","stack":"Error: Connection timeout\n    at Socket.onTimeout (C:\\Users\\HomePC\\VtuNova-Backend_v1\\node_modules\\@redis\\client\\dist\\lib\\client\\socket.js:282:46)\n    at Object.onceWrapper (node:events:622:28)\n    at Socket.emit (node:events:508:28)\n    at Socket._onTimeout (node:net:604:8)\n    at listOnTimeout (node:internal/timers:605:17)\n    at process.processTimers (node:internal/timers:541:7)","timestamp":"2026-09-21 15:41:14"}
{"environment":"production","level":"error","message":"Redis Client Error Connection timeout","service":"vtunova-api","stack":"Error: Connection timeout\n    at Socket.onTimeout (C:\\Users\\HomePC\\VtuNova-Backend_v1\\node_modules\\@redis\\client\\dist\\lib\\client\\socket.js:282:46)\n    at Object.onceWrapper (node:events:622:28)\n    at Socket.emit (node:events:508:28)\n    at Socket._onTimeout (node:net:604:8)\n    at listOnTimeout (node:internal/timers:605:17)\n    at process.processTimers (node:internal/timers:541:7)","timestamp":"2026-09-21 15:41:20"}
{"code":"ETIMEDOUT","environment":"production","errorno":"ETIMEDOUT","level":"error","message":"[notif-worker] Worker error: connect ETIMEDOUT","service":"vtunova-api","stack":"Error: connect ETIMEDOUT\n    at Socket.<anonymous> (C:\\Users\\HomePC\\VtuNova-Backend_v1\\node_modules\\ioredis\\built\\Redis.js:196:41)\n    at Object.onceWrapper (node:events:622:28)\n    at Socket.emit (node:events:508:28)\n    at Socket._onTimeout (node:net:604:8)\n    at listOnTimeout (node:internal/timers:605:17)\n    at process.processTimers (node:internal/timers:541:7)","syscall":"connect","timestamp":"2026-09-21 15:41:25"}
{"code":"ETIMEDOUT","environment":"production","errorno":"ETIMEDOUT","level":"error","message":"[notif-worker] Worker error: connect ETIMEDOUT","service":"vtunova-api","stack":"Error: connect ETIMEDOUT\n    at Socket.<anonymous> (C:\\Users\\HomePC\\VtuNova-Backend_v1\\node_modules\\ioredis\\built\\Redis.js:196:41)\n    at Object.onceWrapper (node:events:622:28)\n    at Socket.emit (node:events:508:28)\n    at Socket._onTimeout (node:net:604:8)\n    at listOnTimeout (node:internal/timers:605:17)\n    at process.processTimers (node:internal/timers:541:7)","syscall":"connect","timestamp":"2026-09-21 15:41:25"}
{"environment":"production","level":"error","message":"Redis Client Error Connection timeout","service":"vtunova-api","stack":"Error: Connection timeout\n    at Socket.onTimeout (C:\\Users\\HomePC\\VtuNova-Backend_v1\\node_modules\\@redis\\client\\dist\\lib\\client\\socket.js:282:46)\n    at Object.onceWrapper (node:events:622:28)\n    at Socket.emit (node:events:508:28)\n    at Socket._onTimeout (node:net:604:8)\n    at listOnTimeout (node:internal/timers:605:17)\n    at process.processTimers (node:internal/timers:541:7)","timestamp":"2026-09-21 15:41:25"}
{"environment":"production","level":"error","message":"Redis Client Error Connection timeout","service":"vtunova-api","stack":"Error: Connection timeout\n    at Socket.onTimeout (C:\\Users\\HomePC\\VtuNova-Backend_v1\\node_modules\\@redis\\client\\dist\\lib\\client\\socket.js:282:46)\n    at Object.onceWrapper (node:events:622:28)\n    at Socket.emit (node:events:508:28)\n    at Socket._onTimeout (node:net:604:8)\n    at listOnTimeout (node:internal/timers:605:17)\n    at process.processTimers (node:internal/timers:541:7)","timestamp":"2026-09-21 15:41:31"}
{"environment":"production","level":"info","message":"Email transport ready via smtp.gmail.com","service":"vtunova-api","timestamp":"2026-09-21 19:19:54"}
{"environment":"production","level":"info","message":"Redis client connected","service":"vtunova-api","timestamp":"2026-09-21 19:19:58"}
{"environment":"production","level":"info","message":"SMTP connection veried","service":"vtunova-api","timestamp":"2026-09-21 19:20:04"}
{"environment":"production","level":"info","message":"Email listeners registered for 11 event type(s)","service":"vtunova-api","timestamp":"2026-09-21 19:20:04"}
{"environment":"production","level":"info","message":"Notification listeners registered for 15 event type(s)","service":"vtunova-api","timestamp":"2026-09-21 19:20:04"}
{"environment":"production","level":"info","message":"VtuNova Platform running on port 3000 [production]","service":"vtunova-api","timestamp":"2026-09-21 19:20:05"}
{"environment":"production","level":"info","message":"API Docs: http://localhost:3000/api","service":"vtunova-api","timestamp":"2026-09-21 19:20:05"}
{"environment":"production","level":"info","message":"Cache invalidated for key: user:6aafdfc1d13727f3d0cced82:notifications","service":"vtunova-api","timestamp":"2026-09-21 19:21:05"}
{"environment":"production","level":"error","message":"Failed to invalidate cache for key: user:6aafdfc1d13727f3d0cced82:notifications","service":"vtunova-api","timestamp":"2026-09-21 19:21:06"}
{"environment":"production","level":"info","message":"Cache hit for key: user:6aafdfc1d13727f3d0cced82:transactions","service":"vtunova-api","timestamp":"2026-09-21 19:21:06"}
{"environment":"production","level":"info","message":"Cache miss for key: user:6aafdfc1d13727f3d0cced82:notifications","service":"vtunova-api","timestamp":"2026-09-21 19:21:06"}
{"environment":"production","level":"info","message":"Cache set for key: user:6aafdfc1d13727f3d0cced82:notifications","service":"vtunova-api","timestamp":"2026-09-21 19:21:06"}
{"environment":"production","level":"info","message":"Cache hit for key: user:6aafdfc1d13727f3d0cced82:transactions","service":"vtunova-api","timestamp":"2026-09-21 19:21:07"}
{"environment":"production","level":"info","message":"Cache hit for key: user:6aafdfc1d13727f3d0cced82:notifications","service":"vtunova-api","timestamp":"2026-09-21 19:21:07"}
{"environment":"production","level":"info","message":"Cache hit for key: user:6aafdfc1d13727f3d0cced82:profile","service":"vtunova-api","timestamp":"2026-09-21 19:21:29"}
{"environment":"production","level":"info","message":"Cache invalidated for key: user:6aafdfc1d13727f3d0cced82:notifications","service":"vtunova-api","timestamp":"2026-09-21 19:21:31"}
{"environment":"production","level":"error","message":"Failed to invalidate cache for key: user:6aafdfc1d13727f3d0cced82:notifications","service":"vtunova-api","timestamp":"2026-09-21 19:21:31"}
{"environment":"production","level":"info","message":"Cache hit for key: user:6aafdfc1d13727f3d0cced82:transactions","service":"vtunova-api","timestamp":"2026-09-21 19:21:31"}
{"environment":"production","level":"info","message":"Cache miss for key: user:6aafdfc1d13727f3d0cced82:notifications","service":"vtunova-api","timestamp":"2026-09-21 19:21:31"}
{"environment":"production","level":"info","message":"Cache set for key: user:6aafdfc1d13727f3d0cced82:notifications","service":"vtunova-api","timestamp":"2026-09-21 19:21:31"}
{"environment":"production","level":"info","message":"Cache hit for key: user:6aafdfc1d13727f3d0cced82:transactions","service":"vtunova-api","timestamp":"2026-09-21 19:21:32"}
{"environment":"production","level":"info","message":"Cache hit for key: user:6aafdfc1d13727f3d0cced82:notifications","service":"vtunova-api","timestamp":"2026-09-21 19:21:33"}
{"environment":"production","level":"info","message":"Cache hit for key: user:6aafdfc1d13727f3d0cced82:profile","service":"vtunova-api","timestamp":"2026-09-21 19:25:59"}
{"environment":"production","level":"info","message":"Cache invalidated for key: user:6aafdfc1d13727f3d0cced82:notifications","service":"vtunova-api","timestamp":"2026-09-21 19:26:00"}
{"environment":"production","level":"error","message":"Failed to invalidate cache for key: user:6aafdfc1d13727f3d0cced82:notifications","service":"vtunova-api","timestamp":"2026-09-21 19:26:01"}
{"environment":"production","level":"info","message":"Cache hit for key: user:6aafdfc1d13727f3d0cced82:transactions","service":"vtunova-api","timestamp":"2026-09-21 19:26:01"}
{"environment":"production","level":"info","message":"Cache miss for key: user:6aafdfc1d13727f3d0cced82:notifications","service":"vtunova-api","timestamp":"2026-09-21 19:26:01"}
{"environment":"production","level":"info","message":"Cache set for key: user:6aafdfc1d13727f3d0cced82:notifications","service":"vtunova-api","timestamp":"2026-09-21 19:26:01"}
{"environment":"production","level":"info","message":"Cache hit for key: user:6aafdfc1d13727f3d0cced82:transactions","service":"vtunova-api","timestamp":"2026-09-21 19:26:02"}
{"environment":"production","level":"info","message":"Cache hit for key: user:6aafdfc1d13727f3d0cced82:notifications","service":"vtunova-api","timestamp":"2026-09-21 19:26:02"}
{"environment":"production","level":"info","message":"Cache hit for key: user:6aafdfc1d13727f3d0cced82:profile","service":"vtunova-api","timestamp":"2026-09-21 19:29:44"}
{"environment":"production","level":"info","message":"Cache invalidated for key: user:6aafdfc1d13727f3d0cced82:notifications","service":"vtunova-api","timestamp":"2026-09-21 19:29:45"}
{"environment":"production","level":"error","message":"Failed to invalidate cache for key: user:6aafdfc1d13727f3d0cced82:notifications","service":"vtunova-api","timestamp":"2026-09-21 19:29:45"}
{"environment":"production","level":"info","message":"Cache hit for key: user:6aafdfc1d13727f3d0cced82:transactions","service":"vtunova-api","timestamp":"2026-09-21 19:29:45"}
{"environment":"production","level":"info","message":"Cache miss for key: user:6aafdfc1d13727f3d0cced82:notifications","service":"vtunova-api","timestamp":"2026-09-21 19:29:46"}
{"environment":"production","level":"info","message":"Cache set for key: user:6aafdfc1d13727f3d0cced82:notifications","service":"vtunova-api","timestamp":"2026-09-21 19:29:46"}
{"environment":"production","level":"info","message":"Cache hit for key: user:6aafdfc1d13727f3d0cced82:transactions","service":"vtunova-api","timestamp":"2026-09-21 19:29:47"}
{"environment":"production","level":"info","message":"Cache hit for key: user:6aafdfc1d13727f3d0cced82:notifications","service":"vtunova-api","timestamp":"2026-09-21 19:29:47"}
{"environment":"production","level":"info","message":"Cache hit for key: user:6aafdfc1d13727f3d0cced82:profile","service":"vtunova-api","timestamp":"2026-09-21 19:30:09"}
{"environment":"production","level":"info","message":"Cache hit for key: user:6aafdfc1d13727f3d0cced82:transactions","service":"vtunova-api","timestamp":"2026-09-21 19:30:10"}
{"environment":"production","level":"info","message":"Cache invalidated for key: user:6aafdfc1d13727f3d0cced82:notifications","service":"vtunova-api","timestamp":"2026-09-21 19:30:10"}
{"environment":"production","level":"error","message":"Failed to invalidate cache for key: user:6aafdfc1d13727f3d0cced82:notifications","service":"vtunova-api","timestamp":"2026-09-21 19:30:10"}
{"environment":"production","level":"info","message":"Cache miss for key: user:6aafdfc1d13727f3d0cced82:notifications","service":"vtunova-api","timestamp":"2026-09-21 19:30:11"}
{"environment":"production","level":"info","message":"Cache set for key: user:6aafdfc1d13727f3d0cced82:notifications","service":"vtunova-api","timestamp":"2026-09-21 19:30:11"}
{"environment":"production","level":"info","message":"Cache hit for key: user:6aafdfc1d13727f3d0cced82:transactions","service":"vtunova-api","timestamp":"2026-09-21 19:30:11"}
{"environment":"production","level":"info","message":"Cache hit for key: user:6aafdfc1d13727f3d0cced82:notifications","service":"vtunova-api","timestamp":"2026-09-21 19:30:12"}
{"environment":"production","level":"info","message":"Clearing cache for user 6aafdfc1d13727f3d0cced82: deleted 3 key(s)","service":"vtunova-api","timestamp":"2026-09-21 19:30:19"}
{"environment":"production","level":"info","message":"Cache cleared for user 6aafdfc1d13727f3d0cced82","service":"vtunova-api","timestamp":"2026-09-21 19:30:19"}
{"environment":"production","level":"error","message":"Failed to invalidate cache for key: user:6aafdfc1d13727f3d0cced82:profile","service":"vtunova-api","timestamp":"2026-09-21 19:30:24"}
{"environment":"production","level":"info","message":"User login notification queued successfully","service":"vtunova-api","timestamp":"2026-09-21 19:30:24"}
{"environment":"production","level":"info","message":"[notif-worker] Processing job: loginAlert (id=258)","service":"vtunova-api","timestamp":"2026-09-21 19:30:25"}
{"environment":"production","level":"info","message":"[notif-worker] Job data: {\"userId\":\"6aafdfc1d13727f3d0cced82\",\"type\":\"security\",\"ip\":\"::1\",\"device\":\"Windows 10 PC\",\"category\":\"loginAlert\"}","service":"vtunova-api","timestamp":"2026-09-21 19:30:25"}
{"environment":"production","level":"info","message":"[notif-worker] Processing login alert for user 6aafdfc1d13727f3d0cced82","service":"vtunova-api","timestamp":"2026-09-21 19:30:25"}
{"environment":"production","level":"info","message":"Notification created:","service":"vtunova-api","timestamp":"2026-09-21 19:30:25"}
{"environment":"production","level":"error","message":"Failed to invalidate cache for key: user:6aafdfc1d13727f3d0cced82:notifications","service":"vtunova-api","timestamp":"2026-09-21 19:30:25"}
{"environment":"production","level":"error","message":"Failed to invalidate cache for key: user:6aafdfc1d13727f3d0cced82:profile","service":"vtunova-api","timestamp":"2026-09-21 19:30:26"}
{"environment":"production","level":"info","message":"[notif-worker] Job 258 completed successfully","service":"vtunova-api","timestamp":"2026-09-21 19:30:26"}
{"environment":"production","level":"error","message":"Failed to invalidate cache for key: user:6aafdfc1d13727f3d0cced82:notifications","service":"vtunova-api","timestamp":"2026-09-21 19:30:32"}
{"environment":"production","level":"error","message":"Failed to invalidate cache for key: user:6aafdfc1d13727f3d0cced82:notifications","service":"vtunova-api","timestamp":"2026-09-21 19:30:32"}
{"environment":"production","level":"info","message":"Cache miss for key: user:6aafdfc1d13727f3d0cced82:profile","service":"vtunova-api","timestamp":"2026-09-21 19:30:36"}
{"environment":"production","level":"info","message":"Cache set for key: user:6aafdfc1d13727f3d0cced82:profile","service":"vtunova-api","timestamp":"2026-09-21 19:30:36"}
{"environment":"production","level":"info","message":"Cache miss for key: user:6aafdfc1d13727f3d0cced82:transactions","service":"vtunova-api","timestamp":"2026-09-21 19:30:37"}
{"environment":"production","level":"error","message":"Failed to invalidate cache for key: user:6aafdfc1d13727f3d0cced82:notifications","service":"vtunova-api","timestamp":"2026-09-21 19:30:37"}
{"environment":"production","level":"error","message":"Failed to invalidate cache for key: user:6aafdfc1d13727f3d0cced82:notifications","service":"vtunova-api","timestamp":"2026-09-21 19:30:37"}
{"environment":"production","level":"info","message":"Cache set for key: user:6aafdfc1d13727f3d0cced82:transactions","service":"vtunova-api","timestamp":"2026-09-21 19:30:37"}
{"environment":"production","level":"info","message":"Cache set for user 6aafdfc1d13727f3d0cced82","service":"vtunova-api","timestamp":"2026-09-21 19:30:37"}
{"environment":"production","level":"info","message":"Cache miss for key: user:6aafdfc1d13727f3d0cced82:notifications","service":"vtunova-api","timestamp":"2026-09-21 19:30:38"}
{"environment":"production","level":"info","message":"Cache set for key: user:6aafdfc1d13727f3d0cced82:notifications","service":"vtunova-api","timestamp":"2026-09-21 19:30:38"}
{"environment":"production","level":"info","message":"Cache hit for key: user:6aafdfc1d13727f3d0cced82:transactions","service":"vtunova-api","timestamp":"2026-09-21 19:30:39"}
{"environment":"production","level":"info","message":"Cache hit for key: user:6aafdfc1d13727f3d0cced82:notifications","service":"vtunova-api","timestamp":"2026-09-21 19:30:39"}
{"environment":"production","level":"info","message":"Cache hit for key: user:6aafdfc1d13727f3d0cced82:profile","service":"vtunova-api","timestamp":"2026-09-21 19:36:43"}
{"environment":"production","level":"info","message":"Cache hit for key: user:6aafdfc1d13727f3d0cced82:transactions","service":"vtunova-api","timestamp":"2026-09-21 19:36:44"}
{"environment":"production","level":"info","message":"Cache invalidated for key: user:6aafdfc1d13727f3d0cced82:notifications","service":"vtunova-api","timestamp":"2026-09-21 19:36:44"}
{"environment":"production","level":"error","message":"Failed to invalidate cache for key: user:6aafdfc1d13727f3d0cced82:notifications","service":"vtunova-api","timestamp":"2026-09-21 19:36:44"}
{"environment":"production","level":"info","message":"Cache miss for key: user:6aafdfc1d13727f3d0cced82:notifications","service":"vtunova-api","timestamp":"2026-09-21 19:36:45"}
{"environment":"production","level":"info","message":"Cache set for key: user:6aafdfc1d13727f3d0cced82:notifications","service":"vtunova-api","timestamp":"2026-09-21 19:36:45"}
{"environment":"production","level":"info","message":"Cache hit for key: user:6aafdfc1d13727f3d0cced82:transactions","service":"vtunova-api","timestamp":"2026-09-21 19:36:45"}
{"environment":"production","level":"info","message":"Cache hit for key: user:6aafdfc1d13727f3d0cced82:notifications","service":"vtunova-api","timestamp":"2026-09-21 19:36:46"}
{"environment":"production","level":"info","message":"Cache invalidated for key: user:6aafdfc1d13727f3d0cced82:notifications","service":"vtunova-api","timestamp":"2026-09-21 19:43:37"}
{"environment":"production","level":"error","message":"Failed to invalidate cache for key: user:6aafdfc1d13727f3d0cced82:notifications","service":"vtunova-api","timestamp":"2026-09-21 19:43:37"}
{"environment":"production","level":"info","message":"Cache hit for key: user:6aafdfc1d13727f3d0cced82:transactions","service":"vtunova-api","timestamp":"2026-09-21 19:43:37"}
{"environment":"production","level":"info","message":"Cache miss for key: user:6aafdfc1d13727f3d0cced82:notifications","service":"vtunova-api","timestamp":"2026-09-21 19:43:37"}
{"environment":"production","level":"info","message":"Cache set for key: user:6aafdfc1d13727f3d0cced82:notifications","service":"vtunova-api","timestamp":"2026-09-21 19:43:38"}
{"environment":"production","level":"info","message":"Cache hit for key: user:6aafdfc1d13727f3d0cced82:transactions","service":"vtunova-api","timestamp":"2026-09-21 19:43:38"}
{"environment":"production","level":"info","message":"Cache hit for key: user:6aafdfc1d13727f3d0cced82:notifications","service":"vtunova-api","timestamp":"2026-09-21 19:43:39"}
{"environment":"production","level":"info","message":"Cache hit for key: user:6aafdfc1d13727f3d0cced82:profile","service":"vtunova-api","timestamp":"2026-09-21 19:44:00"}
{"environment":"production","level":"info","message":"Cache invalidated for key: user:6aafdfc1d13727f3d0cced82:notifications","service":"vtunova-api","timestamp":"2026-09-21 19:44:02"}
{"environment":"production","level":"error","message":"Failed to invalidate cache for key: user:6aafdfc1d13727f3d0cced82:notifications","service":"vtunova-api","timestamp":"2026-09-21 19:44:02"}
{"environment":"production","level":"info","message":"Cache hit for key: user:6aafdfc1d13727f3d0cced82:transactions","service":"vtunova-api","timestamp":"2026-09-21 19:44:02"}
{"environment":"production","level":"info","message":"Cache miss for key: user:6aafdfc1d13727f3d0cced82:notifications","service":"vtunova-api","timestamp":"2026-09-21 19:44:02"}
{"environment":"production","level":"info","message":"Cache set for key: user:6aafdfc1d13727f3d0cced82:notifications","service":"vtunova-api","timestamp":"2026-09-21 19:44:03"}
{"environment":"production","level":"info","message":"Cache hit for key: user:6aafdfc1d13727f3d0cced82:transactions","service":"vtunova-api","timestamp":"2026-09-21 19:44:03"}
{"environment":"production","level":"info","message":"Cache hit for key: user:6aafdfc1d13727f3d0cced82:notifications","service":"vtunova-api","timestamp":"2026-09-21 19:44:04"}
{"environment":"production","level":"info","message":"Cache hit for key: user:6aafdfc1d13727f3d0cced82:profile","service":"vtunova-api","timestamp":"2026-09-21 19:46:15"}
{"environment":"production","level":"info","message":"Cache invalidated for key: user:6aafdfc1d13727f3d0cced82:notifications","service":"vtunova-api","timestamp":"2026-09-21 19:46:17"}
{"environment":"production","level":"error","message":"Failed to invalidate cache for key: user:6aafdfc1d13727f3d0cced82:notifications","service":"vtunova-api","timestamp":"2026-09-21 19:46:17"}
{"environment":"production","level":"info","message":"Cache hit for key: user:6aafdfc1d13727f3d0cced82:transactions","service":"vtunova-api","timestamp":"2026-09-21 19:46:17"}
{"environment":"production","level":"info","message":"Cache miss for key: user:6aafdfc1d13727f3d0cced82:notifications","service":"vtunova-api","timestamp":"2026-09-21 19:46:18"}
{"environment":"production","level":"info","message":"Cache set for key: user:6aafdfc1d13727f3d0cced82:notifications","service":"vtunova-api","timestamp":"2026-09-21 19:46:18"}
{"environment":"production","level":"info","message":"Cache hit for key: user:6aafdfc1d13727f3d0cced82:transactions","service":"vtunova-api","timestamp":"2026-09-21 19:46:18"}
{"environment":"production","level":"info","message":"Cache hit for key: user:6aafdfc1d13727f3d0cced82:notifications","service":"vtunova-api","timestamp":"2026-09-21 19:46:19"}
{"environment":"production","level":"info","message":"Cache hit for key: user:6aafdfc1d13727f3d0cced82:profile","service":"vtunova-api","timestamp":"2026-09-21 19:46:33"}
{"environment":"production","level":"info","message":"Cache invalidated for key: user:6aafdfc1d13727f3d0cced82:notifications","service":"vtunova-api","timestamp":"2026-09-21 19:46:41"}
{"environment":"production","level":"info","message":"Cache hit for key: user:6aafdfc1d13727f3d0cced82:transactions","service":"vtunova-api","timestamp":"2026-09-21 19:46:41"}
{"environment":"production","level":"error","message":"Failed to invalidate cache for key: user:6aafdfc1d13727f3d0cced82:notifications","service":"vtunova-api","timestamp":"2026-09-21 19:46:41"}
{"environment":"production","level":"info","message":"Cache miss for key: user:6aafdfc1d13727f3d0cced82:notifications","service":"vtunova-api","timestamp":"2026-09-21 19:46:41"}
{"environment":"production","level":"info","message":"Cache set for key: user:6aafdfc1d13727f3d0cced82:notifications","service":"vtunova-api","timestamp":"2026-09-21 19:46:42"}
{"environment":"production","level":"info","message":"Cache hit for key: user:6aafdfc1d13727f3d0cced82:transactions","service":"vtunova-api","timestamp":"2026-09-21 19:46:42"}
{"environment":"production","level":"info","message":"Cache hit for key: user:6aafdfc1d13727f3d0cced82:notifications","service":"vtunova-api","timestamp":"2026-09-21 19:46:43"}
{"environment":"production","level":"info","message":"Cache invalidated for key: user:6aafdfc1d13727f3d0cced82:notifications","service":"vtunova-api","timestamp":"2026-09-21 19:46:57"}
{"environment":"production","level":"error","message":"Failed to invalidate cache for key: user:6aafdfc1d13727f3d0cced82:notifications","service":"vtunova-api","timestamp":"2026-09-21 19:46:57"}
{"environment":"production","level":"info","message":"Cache hit for key: user:6aafdfc1d13727f3d0cced82:profile","service":"vtunova-api","timestamp":"2026-09-21 19:47:03"}
{"environment":"production","level":"error","message":"Failed to invalidate cache for key: user:6aafdfc1d13727f3d0cced82:notifications","service":"vtunova-api","timestamp":"2026-09-21 19:47:04"}
{"environment":"production","level":"info","message":"Cache hit for key: user:6aafdfc1d13727f3d0cced82:transactions","service":"vtunova-api","timestamp":"2026-09-21 19:47:05"}
{"environment":"production","level":"error","message":"Failed to invalidate cache for key: user:6aafdfc1d13727f3d0cced82:notifications","service":"vtunova-api","timestamp":"2026-09-21 19:47:05"}
{"environment":"production","level":"info","message":"Cache miss for key: user:6aafdfc1d13727f3d0cced82:notifications","service":"vtunova-api","timestamp":"2026-09-21 19:47:05"}
{"environment":"production","level":"info","message":"Cache set for key: user:6aafdfc1d13727f3d0cced82:notifications","service":"vtunova-api","timestamp":"2026-09-21 19:47:06"}
{"environment":"production","level":"info","message":"Cache hit for key: user:6aafdfc1d13727f3d0cced82:transactions","service":"vtunova-api","timestamp":"2026-09-21 19:47:07"}
{"environment":"production","level":"info","message":"Cache hit for key: user:6aafdfc1d13727f3d0cced82:notifications","service":"vtunova-api","timestamp":"2026-09-21 19:47:08"}
{"environment":"production","level":"info","message":"Cache hit for key: user:6aafdfc1d13727f3d0cced82:profile","service":"vtunova-api","timestamp":"2026-09-21 19:57:30"}
{"environment":"production","level":"info","message":"Cache invalidated for key: user:6aafdfc1d13727f3d0cced82:notifications","service":"vtunova-api","timestamp":"2026-09-21 19:57:31"}
{"environment":"production","level":"error","message":"Failed to invalidate cache for key: user:6aafdfc1d13727f3d0cced82:notifications","service":"vtunova-api","timestamp":"2026-09-21 19:57:31"}
{"environment":"production","level":"info","message":"Cache hit for key: user:6aafdfc1d13727f3d0cced82:transactions","service":"vtunova-api","timestamp":"2026-09-21 19:57:31"}
{"environment":"production","level":"info","message":"Cache miss for key: user:6aafdfc1d13727f3d0cced82:notifications","service":"vtunova-api","timestamp":"2026-09-21 19:57:32"}
{"environment":"production","level":"info","message":"Cache set for key: user:6aafdfc1d13727f3d0cced82:notifications","service":"vtunova-api","timestamp":"2026-09-21 19:57:32"}
{"environment":"production","level":"info","message":"Cache hit for key: user:6aafdfc1d13727f3d0cced82:transactions","service":"vtunova-api","timestamp":"2026-09-21 19:57:33"}
{"environment":"production","level":"info","message":"Cache hit for key: user:6aafdfc1d13727f3d0cced82:notifications","service":"vtunova-api","timestamp":"2026-09-21 19:57:33"}
{"environment":"production","level":"info","message":"Cache invalidated for key: user:6aafdfc1d13727f3d0cced82:notifications","service":"vtunova-api","timestamp":"2026-09-21 19:59:10"}
{"environment":"production","level":"info","message":"Cache hit for key: user:6aafdfc1d13727f3d0cced82:transactions","service":"vtunova-api","timestamp":"2026-09-21 19:59:10"}
{"environment":"production","level":"error","message":"Failed to invalidate cache for key: user:6aafdfc1d13727f3d0cced82:notifications","service":"vtunova-api","timestamp":"2026-09-21 19:59:10"}
{"environment":"production","level":"info","message":"Cache miss for key: user:6aafdfc1d13727f3d0cced82:notifications","service":"vtunova-api","timestamp":"2026-09-21 19:59:11"}
{"environment":"production","level":"info","message":"Cache set for key: user:6aafdfc1d13727f3d0cced82:notifications","service":"vtunova-api","timestamp":"2026-09-21 19:59:11"}
{"environment":"production","level":"info","message":"Cache hit for key: user:6aafdfc1d13727f3d0cced82:transactions","service":"vtunova-api","timestamp":"2026-09-21 19:59:12"}
{"environment":"production","level":"info","message":"Cache hit for key: user:6aafdfc1d13727f3d0cced82:notifications","service":"vtunova-api","timestamp":"2026-09-21 19:59:13"}
{"environment":"production","level":"info","message":"Cache hit for key: user:6aafdfc1d13727f3d0cced82:profile","service":"vtunova-api","timestamp":"2026-09-21 19:59:22"}
{"environment":"production","level":"info","message":"Cache invalidated for key: user:6aafdfc1d13727f3d0cced82:notifications","service":"vtunova-api","timestamp":"2026-09-21 19:59:25"}
{"environment":"production","level":"info","message":"Cache hit for key: user:6aafdfc1d13727f3d0cced82:transactions","service":"vtunova-api","timestamp":"2026-09-21 19:59:25"}
{"environment":"production","level":"error","message":"Failed to invalidate cache for key: user:6aafdfc1d13727f3d0cced82:notifications","service":"vtunova-api","timestamp":"2026-09-21 19:59:25"}
{"environment":"production","level":"info","message":"Cache miss for key: user:6aafdfc1d13727f3d0cced82:notifications","service":"vtunova-api","timestamp":"2026-09-21 19:59:25"}
{"environment":"production","level":"info","message":"Cache set for key: user:6aafdfc1d13727f3d0cced82:notifications","service":"vtunova-api","timestamp":"2026-09-21 19:59:25"}
{"environment":"production","level":"info","message":"Cache hit for key: user:6aafdfc1d13727f3d0cced82:transactions","service":"vtunova-api","timestamp":"2026-09-21 19:59:26"}
{"environment":"production","level":"info","message":"Cache hit for key: user:6aafdfc1d13727f3d0cced82:notifications","service":"vtunova-api","timestamp":"2026-09-21 19:59:27"}
{"environment":"production","level":"info","message":"Cache invalidated for key: user:6aafdfc1d13727f3d0cced82:notifications","service":"vtunova-api","timestamp":"2026-09-21 20:04:59"}
{"environment":"production","level":"error","message":"Failed to invalidate cache for key: user:6aafdfc1d13727f3d0cced82:notifications","service":"vtunova-api","timestamp":"2026-09-21 20:04:59"}
{"environment":"production","level":"info","message":"Cache hit for key: user:6aafdfc1d13727f3d0cced82:transactions","service":"vtunova-api","timestamp":"2026-09-21 20:04:59"}
{"environment":"production","level":"info","message":"Cache miss for key: user:6aafdfc1d13727f3d0cced82:notifications","service":"vtunova-api","timestamp":"2026-09-21 20:04:59"}
{"environment":"production","level":"info","message":"Cache set for key: user:6aafdfc1d13727f3d0cced82:notifications","service":"vtunova-api","timestamp":"2026-09-21 20:05:00"}
{"environment":"production","level":"info","message":"Cache hit for key: user:6aafdfc1d13727f3d0cced82:profile","service":"vtunova-api","timestamp":"2026-09-21 20:05:01"}
{"environment":"production","level":"info","message":"Cache invalidated for key: user:6aafdfc1d13727f3d0cced82:notifications","service":"vtunova-api","timestamp":"2026-09-21 20:05:03"}
{"environment":"production","level":"info","message":"Cache hit for key: user:6aafdfc1d13727f3d0cced82:transactions","service":"vtunova-api","timestamp":"2026-09-21 20:05:03"}
{"environment":"production","level":"error","message":"Failed to invalidate cache for key: user:6aafdfc1d13727f3d0cced82:notifications","service":"vtunova-api","timestamp":"2026-09-21 20:05:03"}
{"environment":"production","level":"info","message":"Cache miss for key: user:6aafdfc1d13727f3d0cced82:notifications","service":"vtunova-api","timestamp":"2026-09-21 20:05:03"}
{"environment":"production","level":"info","message":"Cache set for key: user:6aafdfc1d13727f3d0cced82:notifications","service":"vtunova-api","timestamp":"2026-09-21 20:05:04"}
{"environment":"production","level":"info","message":"Cache hit for key: user:6aafdfc1d13727f3d0cced82:transactions","service":"vtunova-api","timestamp":"2026-09-21 20:05:04"}
{"environment":"production","level":"info","message":"Cache hit for key: user:6aafdfc1d13727f3d0cced82:notifications","service":"vtunova-api","timestamp":"2026-09-21 20:05:05"}
{"environment":"production","level":"info","message":"Email transport ready via smtp.gmail.com","service":"vtunova-api","timestamp":"2026-09-21 20:07:57"}
{"environment":"production","level":"error","message":"Redis Client Error Connection timeout","service":"vtunova-api","stack":"Error: Connection timeout\n    at Socket.onTimeout (C:\\Users\\HomePC\\VtuNova-Backend_v1\\node_modules\\@redis\\client\\dist\\lib\\client\\socket.js:282:46)\n    at Object.onceWrapper (node:events:622:28)\n    at Socket.emit (node:events:508:28)\n    at Socket._onTimeout (node:net:604:8)\n    at listOnTimeout (node:internal/timers:605:17)\n    at process.processTimers (node:internal/timers:541:7)","timestamp":"2026-09-21 20:08:32"}
{"environment":"production","level":"info","message":"Redis client connected","service":"vtunova-api","timestamp":"2026-09-21 20:08:32"}
{"environment":"production","level":"info","message":"SMTP connection veried","service":"vtunova-api","timestamp":"2026-09-21 20:08:42"}
{"environment":"production","level":"info","message":"Email listeners registered for 11 event type(s)","service":"vtunova-api","timestamp":"2026-09-21 20:08:42"}
{"environment":"production","level":"info","message":"Notification listeners registered for 15 event type(s)","service":"vtunova-api","timestamp":"2026-09-21 20:08:42"}
{"environment":"production","level":"info","message":"VtuNova Platform running on port 3000 [production]","service":"vtunova-api","timestamp":"2026-09-21 20:08:42"}
{"environment":"production","level":"info","message":"API Docs: http://localhost:3000/api","service":"vtunova-api","timestamp":"2026-09-21 20:08:42"}
{"environment":"production","level":"info","message":"Cache hit for key: user:6aafdfc1d13727f3d0cced82:profile","service":"vtunova-api","timestamp":"2026-09-21 20:09:10"}
{"environment":"production","level":"info","message":"Cache invalidated for key: user:6aafdfc1d13727f3d0cced82:notifications","service":"vtunova-api","timestamp":"2026-09-21 20:09:22"}
{"environment":"production","level":"error","message":"Failed to invalidate cache for key: user:6aafdfc1d13727f3d0cced82:notifications","service":"vtunova-api","timestamp":"2026-09-21 20:09:22"}
{"environment":"production","level":"info","message":"Cache hit for key: user:6aafdfc1d13727f3d0cced82:transactions","service":"vtunova-api","timestamp":"2026-09-21 20:09:22"}
{"environment":"production","level":"info","message":"Cache miss for key: user:6aafdfc1d13727f3d0cced82:notifications","service":"vtunova-api","timestamp":"2026-09-21 20:09:23"}
{"environment":"production","level":"info","message":"Cache set for key: user:6aafdfc1d13727f3d0cced82:notifications","service":"vtunova-api","timestamp":"2026-09-21 20:09:23"}
{"environment":"production","level":"info","message":"Cache hit for key: user:6aafdfc1d13727f3d0cced82:transactions","service":"vtunova-api","timestamp":"2026-09-21 20:09:23"}
{"environment":"production","level":"info","message":"Cache hit for key: user:6aafdfc1d13727f3d0cced82:notifications","service":"vtunova-api","timestamp":"2026-09-21 20:09:24"}
{"environment":"production","level":"info","message":"Email transport ready via smtp.gmail.com","service":"vtunova-api","timestamp":"2026-09-21 22:56:58"}
{"environment":"production","level":"error","message":"Redis Client Error Connection timeout","service":"vtunova-api","stack":"Error: Connection timeout\n    at Socket.onTimeout (C:\\Users\\HomePC\\VtuNova-Backend_v1\\node_modules\\@redis\\client\\dist\\lib\\client\\socket.js:282:46)\n    at Object.onceWrapper (node:events:622:28)\n    at Socket.emit (node:events:508:28)\n    at Socket._onTimeout (node:net:604:8)\n    at listOnTimeout (node:internal/timers:605:17)\n    at process.processTimers (node:internal/timers:541:7)","timestamp":"2026-09-21 22:57:26"}
{"environment":"production","level":"info","message":"Redis client connected","service":"vtunova-api","timestamp":"2026-09-21 22:57:26"}
{"environment":"production","level":"info","message":"SMTP connection veried","service":"vtunova-api","timestamp":"2026-09-21 22:57:36"}
{"environment":"production","level":"info","message":"Email listeners registered for 11 event type(s)","service":"vtunova-api","timestamp":"2026-09-21 22:57:36"}
{"environment":"production","level":"info","message":"Notification listeners registered for 15 event type(s)","service":"vtunova-api","timestamp":"2026-09-21 22:57:36"}
{"environment":"production","level":"info","message":"VtuNova Platform running on port 3000 [production]","service":"vtunova-api","timestamp":"2026-09-21 22:57:37"}
{"environment":"production","level":"info","message":"API Docs: http://localhost:3000/api","service":"vtunova-api","timestamp":"2026-09-21 22:57:37"}
{"environment":"production","level":"info","message":"Cache hit for key: user:6aafdfc1d13727f3d0cced82:profile","service":"vtunova-api","timestamp":"2026-09-21 23:00:07"}
{"environment":"production","level":"info","message":"Cache hit for key: user:6aafdfc1d13727f3d0cced82:transactions","service":"vtunova-api","timestamp":"2026-09-21 23:00:10"}
{"environment":"production","level":"info","message":"Cache hit for key: user:6aafdfc1d13727f3d0cced82:notifications","service":"vtunova-api","timestamp":"2026-09-21 23:00:10"}
{"environment":"production","level":"info","message":"Cache hit for key: user:6aafdfc1d13727f3d0cced82:transactions","service":"vtunova-api","timestamp":"2026-09-21 23:00:11"}
{"environment":"production","level":"info","message":"Cache hit for key: user:6aafdfc1d13727f3d0cced82:notifications","service":"vtunova-api","timestamp":"2026-09-21 23:00:11"}
{"environment":"production","level":"info","message":"Cache invalidated for key: user:6aafdfc1d13727f3d0cced82:profile","service":"vtunova-api","timestamp":"2026-09-21 23:03:01"}
{"environment":"production","level":"info","message":"User login notification queued successfully","service":"vtunova-api","timestamp":"2026-09-21 23:03:03"}
{"environment":"production","level":"info","message":"[notif-worker] Processing job: loginAlert (id=259)","service":"vtunova-api","timestamp":"2026-09-21 23:03:03"}
{"environment":"production","level":"info","message":"[notif-worker] Job data: {\"userId\":\"6aafdfc1d13727f3d0cced82\",\"type\":\"security\",\"ip\":\"::1\",\"device\":\"Windows 10 PC\",\"category\":\"loginAlert\"}","service":"vtunova-api","timestamp":"2026-09-21 23:03:03"}
{"environment":"production","level":"info","message":"[notif-worker] Processing login alert for user 6aafdfc1d13727f3d0cced82","service":"vtunova-api","timestamp":"2026-09-21 23:03:03"}
{"environment":"production","level":"info","message":"Notification created:","service":"vtunova-api","timestamp":"2026-09-21 23:03:04"}
{"environment":"production","level":"info","message":"Cache invalidated for key: user:6aafdfc1d13727f3d0cced82:notifications","service":"vtunova-api","timestamp":"2026-09-21 23:03:04"}
{"environment":"production","level":"error","message":"Failed to invalidate cache for key: user:6aafdfc1d13727f3d0cced82:profile","service":"vtunova-api","timestamp":"2026-09-21 23:03:04"}
{"environment":"production","level":"info","message":"[notif-worker] Job 259 completed successfully","service":"vtunova-api","timestamp":"2026-09-21 23:03:05"}
{"environment":"production","level":"error","message":"Failed to invalidate cache for key: user:6aafdfc1d13727f3d0cced82:notifications","service":"vtunova-api","timestamp":"2026-09-21 23:03:07"}
{"environment":"production","level":"error","message":"Failed to invalidate cache for key: user:6aafdfc1d13727f3d0cced82:notifications","service":"vtunova-api","timestamp":"2026-09-21 23:03:07"}
{"environment":"production","level":"info","message":"Cache miss for key: user:6aafdfc1d13727f3d0cced82:profile","service":"vtunova-api","timestamp":"2026-09-21 23:03:21"}
{"environment":"production","level":"info","message":"Cache set for key: user:6aafdfc1d13727f3d0cced82:profile","service":"vtunova-api","timestamp":"2026-09-21 23:03:22"}
{"environment":"production","level":"error","message":"Failed to invalidate cache for key: user:6aafdfc1d13727f3d0cced82:notifications","service":"vtunova-api","timestamp":"2026-09-21 23:03:23"}
{"environment":"production","level":"error","message":"Failed to invalidate cache for key: user:6aafdfc1d13727f3d0cced82:notifications","service":"vtunova-api","timestamp":"2026-09-21 23:03:23"}
{"environment":"production","level":"info","message":"Cache hit for key: user:6aafdfc1d13727f3d0cced82:transactions","service":"vtunova-api","timestamp":"2026-09-21 23:03:24"}
{"environment":"production","level":"info","message":"Cache miss for key: user:6aafdfc1d13727f3d0cced82:notifications","service":"vtunova-api","timestamp":"2026-09-21 23:03:24"}
{"environment":"production","level":"info","message":"Cache set for key: user:6aafdfc1d13727f3d0cced82:notifications","service":"vtunova-api","timestamp":"2026-09-21 23:03:25"}
{"environment":"production","level":"info","message":"Cache hit for key: user:6aafdfc1d13727f3d0cced82:transactions","service":"vtunova-api","timestamp":"2026-09-21 23:03:26"}
{"environment":"production","level":"info","message":"Cache hit for key: user:6aafdfc1d13727f3d0cced82:notifications","service":"vtunova-api","timestamp":"2026-09-21 23:03:27"}
{"environment":"production","level":"info","message":"Cache hit for key: user:6aafdfc1d13727f3d0cced82:profile","service":"vtunova-api","timestamp":"2026-09-21 23:03:49"}
{"environment":"production","level":"info","message":"Cache hit for key: user:6aafdfc1d13727f3d0cced82:transactions","service":"vtunova-api","timestamp":"2026-09-21 23:03:50"}
{"environment":"production","level":"info","message":"Cache invalidated for key: user:6aafdfc1d13727f3d0cced82:notifications","service":"vtunova-api","timestamp":"2026-09-21 23:03:50"}
{"environment":"production","level":"error","message":"Failed to invalidate cache for key: user:6aafdfc1d13727f3d0cced82:notifications","service":"vtunova-api","timestamp":"2026-09-21 23:03:50"}
{"environment":"production","level":"info","message":"Cache miss for key: user:6aafdfc1d13727f3d0cced82:notifications","service":"vtunova-api","timestamp":"2026-09-21 23:03:50"}
{"environment":"production","level":"info","message":"Cache set for key: user:6aafdfc1d13727f3d0cced82:notifications","service":"vtunova-api","timestamp":"2026-09-21 23:03:51"}
{"environment":"production","level":"info","message":"Cache hit for key: user:6aafdfc1d13727f3d0cced82:transactions","service":"vtunova-api","timestamp":"2026-09-21 23:03:51"}
{"environment":"production","level":"info","message":"Cache hit for key: user:6aafdfc1d13727f3d0cced82:notifications","service":"vtunova-api","timestamp":"2026-09-21 23:03:52"}
{"environment":"production","level":"info","message":"Email transport ready via smtp.gmail.com","service":"vtunova-api","timestamp":"2026-09-21 23:05:55"}
{"environment":"production","level":"info","message":"Redis client connected","service":"vtunova-api","timestamp":"2026-09-21 23:06:00"}
{"environment":"production","level":"info","message":"SMTP connection veried","service":"vtunova-api","timestamp":"2026-09-21 23:06:11"}
{"environment":"production","level":"info","message":"Email listeners registered for 11 event type(s)","service":"vtunova-api","timestamp":"2026-09-21 23:06:11"}
{"environment":"production","level":"info","message":"Notification listeners registered for 15 event type(s)","service":"vtunova-api","timestamp":"2026-09-21 23:06:11"}
{"environment":"production","level":"info","message":"VtuNova Platform running on port 3000 [production]","service":"vtunova-api","timestamp":"2026-09-21 23:06:11"}
{"environment":"production","level":"info","message":"API Docs: http://localhost:3000/api","service":"vtunova-api","timestamp":"2026-09-21 23:06:11"}
{"environment":"production","level":"info","message":"Cache hit for key: user:6aafdfc1d13727f3d0cced82:profile","service":"vtunova-api","timestamp":"2026-09-21 23:07:54"}
{"environment":"production","level":"info","message":"Cache invalidated for key: user:6aafdfc1d13727f3d0cced82:notifications","service":"vtunova-api","timestamp":"2026-09-21 23:07:56"}
{"environment":"production","level":"error","message":"Failed to invalidate cache for key: user:6aafdfc1d13727f3d0cced82:notifications","service":"vtunova-api","timestamp":"2026-09-21 23:07:56"}
{"environment":"production","level":"info","message":"Cache hit for key: user:6aafdfc1d13727f3d0cced82:transactions","service":"vtunova-api","timestamp":"2026-09-21 23:07:56"}
{"environment":"production","level":"info","message":"Cache miss for key: user:6aafdfc1d13727f3d0cced82:notifications","service":"vtunova-api","timestamp":"2026-09-21 23:07:56"}
{"environment":"production","level":"info","message":"Cache set for key: user:6aafdfc1d13727f3d0cced82:notifications","service":"vtunova-api","timestamp":"2026-09-21 23:07:57"}
{"environment":"production","level":"info","message":"Cache hit for key: user:6aafdfc1d13727f3d0cced82:transactions","service":"vtunova-api","timestamp":"2026-09-21 23:07:58"}
{"environment":"production","level":"info","message":"Cache hit for key: user:6aafdfc1d13727f3d0cced82:notifications","service":"vtunova-api","timestamp":"2026-09-21 23:07:58"}
{"environment":"production","level":"info","message":"Email transport ready via smtp.gmail.com","service":"vtunova-api","timestamp":"2026-09-21 23:08:59"}
{"environment":"production","level":"info","message":"Redis client connected","service":"vtunova-api","timestamp":"2026-09-21 23:09:03"}
{"environment":"production","level":"info","message":"SMTP connection veried","service":"vtunova-api","timestamp":"2026-09-21 23:09:09"}
{"environment":"production","level":"info","message":"Email listeners registered for 11 event type(s)","service":"vtunova-api","timestamp":"2026-09-21 23:09:09"}
{"environment":"production","level":"info","message":"Notification listeners registered for 15 event type(s)","service":"vtunova-api","timestamp":"2026-09-21 23:09:09"}
{"environment":"production","level":"info","message":"VtuNova Platform running on port 3000 [production]","service":"vtunova-api","timestamp":"2026-09-21 23:09:09"}
{"environment":"production","level":"info","message":"API Docs: http://localhost:3000/api","service":"vtunova-api","timestamp":"2026-09-21 23:09:09"}
{"environment":"production","level":"info","message":"Cache hit for key: user:6aafdfc1d13727f3d0cced82:profile","service":"vtunova-api","timestamp":"2026-09-21 23:09:33"}
{"environment":"production","level":"info","message":"Cache invalidated for key: user:6aafdfc1d13727f3d0cced82:notifications","service":"vtunova-api","timestamp":"2026-09-21 23:09:34"}
{"environment":"production","level":"info","message":"Cache hit for key: user:6aafdfc1d13727f3d0cced82:transactions","service":"vtunova-api","timestamp":"2026-09-21 23:09:34"}
{"environment":"production","level":"error","message":"Failed to invalidate cache for key: user:6aafdfc1d13727f3d0cced82:notifications","service":"vtunova-api","timestamp":"2026-09-21 23:09:34"}
{"environment":"production","level":"info","message":"Cache miss for key: user:6aafdfc1d13727f3d0cced82:notifications","service":"vtunova-api","timestamp":"2026-09-21 23:09:35"}
{"environment":"production","level":"info","message":"Cache set for key: user:6aafdfc1d13727f3d0cced82:notifications","service":"vtunova-api","timestamp":"2026-09-21 23:09:35"}
{"environment":"production","level":"info","message":"Cache hit for key: user:6aafdfc1d13727f3d0cced82:transactions","service":"vtunova-api","timestamp":"2026-09-21 23:09:35"}
{"environment":"production","level":"info","message":"Cache hit for key: user:6aafdfc1d13727f3d0cced82:notifications","service":"vtunova-api","timestamp":"2026-09-21 23:09:36"}
{"environment":"production","level":"info","message":"Cache invalidated for key: user:6aafdfc1d13727f3d0cced82:notifications","service":"vtunova-api","timestamp":"2026-09-21 23:09:43"}
{"environment":"production","level":"info","message":"Cache hit for key: user:6aafdfc1d13727f3d0cced82:profile","service":"vtunova-api","timestamp":"2026-09-21 23:09:52"}
{"environment":"production","level":"error","message":"Failed to invalidate cache for key: user:6aafdfc1d13727f3d0cced82:notifications","service":"vtunova-api","timestamp":"2026-09-21 23:09:53"}
{"environment":"production","level":"error","message":"Failed to invalidate cache for key: user:6aafdfc1d13727f3d0cced82:notifications","service":"vtunova-api","timestamp":"2026-09-21 23:09:53"}
{"environment":"production","level":"info","message":"Cache hit for key: user:6aafdfc1d13727f3d0cced82:transactions","service":"vtunova-api","timestamp":"2026-09-21 23:09:53"}
{"environment":"production","level":"info","message":"Cache miss for key: user:6aafdfc1d13727f3d0cced82:notifications","service":"vtunova-api","timestamp":"2026-09-21 23:09:53"}
{"environment":"production","level":"info","message":"Cache set for key: user:6aafdfc1d13727f3d0cced82:notifications","service":"vtunova-api","timestamp":"2026-09-21 23:09:53"}
{"environment":"production","level":"info","message":"Cache hit for key: user:6aafdfc1d13727f3d0cced82:transactions","service":"vtunova-api","timestamp":"2026-09-21 23:09:54"}
{"environment":"production","level":"info","message":"Cache hit for key: user:6aafdfc1d13727f3d0cced82:notifications","service":"vtunova-api","timestamp":"2026-09-21 23:09:54"}
{"environment":"production","level":"info","message":"Cache invalidated for key: user:6aafdfc1d13727f3d0cced82:notifications","service":"vtunova-api","timestamp":"2026-09-21 23:11:04"}
{"environment":"production","level":"error","message":"Failed to invalidate cache for key: user:6aafdfc1d13727f3d0cced82:notifications","service":"vtunova-api","timestamp":"2026-09-21 23:11:04"}
{"environment":"production","level":"info","message":"Cache hit for key: user:6aafdfc1d13727f3d0cced82:transactions","service":"vtunova-api","timestamp":"2026-09-21 23:11:04"}
{"environment":"production","level":"info","message":"Cache miss for key: user:6aafdfc1d13727f3d0cced82:notifications","service":"vtunova-api","timestamp":"2026-09-21 23:11:05"}
{"environment":"production","level":"info","message":"Cache set for key: user:6aafdfc1d13727f3d0cced82:notifications","service":"vtunova-api","timestamp":"2026-09-21 23:11:05"}
{"environment":"production","level":"info","message":"Cache hit for key: user:6aafdfc1d13727f3d0cced82:transactions","service":"vtunova-api","timestamp":"2026-09-21 23:11:06"}
{"environment":"production","level":"info","message":"Cache hit for key: user:6aafdfc1d13727f3d0cced82:notifications","service":"vtunova-api","timestamp":"2026-09-21 23:11:06"}
{"environment":"production","level":"info","message":"Cache invalidated for key: user:6aafdfc1d13727f3d0cced82:notifications","service":"vtunova-api","timestamp":"2026-09-21 23:11:09"}
{"environment":"production","level":"error","message":"Failed to invalidate cache for key: user:6aafdfc1d13727f3d0cced82:notifications","service":"vtunova-api","timestamp":"2026-09-21 23:11:09"}
{"environment":"production","level":"error","message":"Failed to invalidate cache for key: user:6aafdfc1d13727f3d0cced82:notifications","service":"vtunova-api","timestamp":"2026-09-21 23:13:00"}
{"environment":"production","level":"error","message":"Failed to invalidate cache for key: user:6aafdfc1d13727f3d0cced82:notifications","service":"vtunova-api","timestamp":"2026-09-21 23:13:00"}
{"environment":"production","level":"info","message":"Email transport ready via smtp.gmail.com","service":"vtunova-api","timestamp":"2026-09-21 23:13:58"}
{"environment":"production","level":"info","message":"Redis client connected","service":"vtunova-api","timestamp":"2026-09-21 23:14:02"}
{"environment":"production","level":"info","message":"SMTP connection veried","service":"vtunova-api","timestamp":"2026-09-21 23:14:12"}
{"environment":"production","level":"info","message":"Email listeners registered for 11 event type(s)","service":"vtunova-api","timestamp":"2026-09-21 23:14:12"}
{"environment":"production","level":"info","message":"Notification listeners registered for 15 event type(s)","service":"vtunova-api","timestamp":"2026-09-21 23:14:12"}
{"environment":"production","level":"info","message":"VtuNova Platform running on port 3000 [production]","service":"vtunova-api","timestamp":"2026-09-21 23:14:12"}
{"environment":"production","level":"info","message":"API Docs: http://localhost:3000/api","service":"vtunova-api","timestamp":"2026-09-21 23:14:12"}
{"environment":"production","level":"info","message":"Email transport ready via smtp.gmail.com","service":"vtunova-api","timestamp":"2026-09-21 23:14:36"}
{"environment":"production","level":"info","message":"Redis client connected","service":"vtunova-api","timestamp":"2026-09-21 23:14:40"}
{"environment":"production","level":"info","message":"SMTP connection veried","service":"vtunova-api","timestamp":"2026-09-21 23:14:42"}
{"environment":"production","level":"info","message":"Email listeners registered for 11 event type(s)","service":"vtunova-api","timestamp":"2026-09-21 23:14:42"}
{"environment":"production","level":"info","message":"Notification listeners registered for 15 event type(s)","service":"vtunova-api","timestamp":"2026-09-21 23:14:42"}
{"environment":"production","level":"info","message":"VtuNova Platform running on port 3000 [production]","service":"vtunova-api","timestamp":"2026-09-21 23:14:42"}
{"environment":"production","level":"info","message":"API Docs: http://localhost:3000/api","service":"vtunova-api","timestamp":"2026-09-21 23:14:42"}
{"environment":"production","level":"info","message":"Email transport ready via smtp.gmail.com","service":"vtunova-api","timestamp":"2026-09-21 23:14:46"}
{"environment":"production","level":"info","message":"Email transport ready via smtp.gmail.com","service":"vtunova-api","timestamp":"2026-09-21 23:15:20"}
{"environment":"production","level":"info","message":"Redis client connected","service":"vtunova-api","timestamp":"2026-09-21 23:15:27"}
{"environment":"production","level":"info","message":"SMTP connection veried","service":"vtunova-api","timestamp":"2026-09-21 23:15:32"}
{"environment":"production","level":"info","message":"Email listeners registered for 11 event type(s)","service":"vtunova-api","timestamp":"2026-09-21 23:15:32"}
{"environment":"production","level":"info","message":"Notification listeners registered for 15 event type(s)","service":"vtunova-api","timestamp":"2026-09-21 23:15:32"}
{"environment":"production","level":"info","message":"VtuNova Platform running on port 3000 [production]","service":"vtunova-api","timestamp":"2026-09-21 23:15:32"}
{"environment":"production","level":"info","message":"API Docs: http://localhost:3000/api","service":"vtunova-api","timestamp":"2026-09-21 23:15:32"}
{"environment":"production","level":"info","message":"Cache hit for key: user:6aafdfc1d13727f3d0cced82:transactions","service":"vtunova-api","timestamp":"2026-09-21 23:16:22"}
{"environment":"production","level":"error","message":"Failed to invalidate cache for key: user:6aafdfc1d13727f3d0cced82:notifications","service":"vtunova-api","timestamp":"2026-09-21 23:16:22"}
{"environment":"production","level":"error","message":"Failed to invalidate cache for key: user:6aafdfc1d13727f3d0cced82:notifications","service":"vtunova-api","timestamp":"2026-09-21 23:16:22"}
{"environment":"production","level":"info","message":"Cache miss for key: user:6aafdfc1d13727f3d0cced82:notifications","service":"vtunova-api","timestamp":"2026-09-21 23:16:22"}
{"environment":"production","level":"info","message":"Cache set for key: user:6aafdfc1d13727f3d0cced82:notifications","service":"vtunova-api","timestamp":"2026-09-21 23:16:23"}
{"environment":"production","level":"info","message":"Cache hit for key: user:6aafdfc1d13727f3d0cced82:transactions","service":"vtunova-api","timestamp":"2026-09-21 23:16:23"}
{"environment":"production","level":"info","message":"Cache hit for key: user:6aafdfc1d13727f3d0cced82:notifications","service":"vtunova-api","timestamp":"2026-09-21 23:16:23"}
{"environment":"production","level":"info","message":"Cache hit for key: user:6aafdfc1d13727f3d0cced82:profile","service":"vtunova-api","timestamp":"2026-09-21 23:16:51"}
{"environment":"production","level":"info","message":"Cache invalidated for key: user:6aafdfc1d13727f3d0cced82:notifications","service":"vtunova-api","timestamp":"2026-09-21 23:16:52"}
{"environment":"production","level":"error","message":"Failed to invalidate cache for key: user:6aafdfc1d13727f3d0cced82:notifications","service":"vtunova-api","timestamp":"2026-09-21 23:16:52"}
{"environment":"production","level":"info","message":"Cache hit for key: user:6aafdfc1d13727f3d0cced82:transactions","service":"vtunova-api","timestamp":"2026-09-21 23:16:52"}
{"environment":"production","level":"info","message":"Cache miss for key: user:6aafdfc1d13727f3d0cced82:notifications","service":"vtunova-api","timestamp":"2026-09-21 23:16:53"}
{"environment":"production","level":"info","message":"Cache set for key: user:6aafdfc1d13727f3d0cced82:notifications","service":"vtunova-api","timestamp":"2026-09-21 23:16:53"}
{"environment":"production","level":"info","message":"Cache hit for key: user:6aafdfc1d13727f3d0cced82:transactions","service":"vtunova-api","timestamp":"2026-09-21 23:16:53"}
{"environment":"production","level":"info","message":"Cache hit for key: user:6aafdfc1d13727f3d0cced82:notifications","service":"vtunova-api","timestamp":"2026-09-21 23:16:54"}
{"environment":"production","level":"info","message":"Cache invalidated for key: user:6aafdfc1d13727f3d0cced82:notifications","service":"vtunova-api","timestamp":"2026-09-21 23:16:59"}
{"environment":"production","level":"info","message":"Notification deleted: 6ab177c1f1dddc9ef1a59eea","service":"vtunova-api","timestamp":"2026-09-21 23:16:59"}
{"environment":"production","level":"info","message":"Cache hit for key: user:6aafdfc1d13727f3d0cced82:profile","service":"vtunova-api","timestamp":"2026-09-21 23:18:47"}
{"environment":"production","level":"error","message":"Failed to invalidate cache for key: user:6aafdfc1d13727f3d0cced82:notifications","service":"vtunova-api","timestamp":"2026-09-21 23:18:51"}
{"environment":"production","level":"error","message":"Failed to invalidate cache for key: user:6aafdfc1d13727f3d0cced82:notifications","service":"vtunova-api","timestamp":"2026-09-21 23:18:51"}
{"environment":"production","level":"info","message":"Cache hit for key: user:6aafdfc1d13727f3d0cced82:transactions","service":"vtunova-api","timestamp":"2026-09-21 23:18:51"}
{"environment":"production","level":"info","message":"Cache miss for key: user:6aafdfc1d13727f3d0cced82:notifications","service":"vtunova-api","timestamp":"2026-09-21 23:18:51"}
{"environment":"production","level":"info","message":"Cache set for key: user:6aafdfc1d13727f3d0cced82:notifications","service":"vtunova-api","timestamp":"2026-09-21 23:18:52"}
{"environment":"production","level":"info","message":"Cache hit for key: user:6aafdfc1d13727f3d0cced82:transactions","service":"vtunova-api","timestamp":"2026-09-21 23:18:54"}
{"environment":"production","level":"info","message":"Cache hit for key: user:6aafdfc1d13727f3d0cced82:notifications","service":"vtunova-api","timestamp":"2026-09-21 23:18:57"}
{"environment":"production","level":"info","message":"Cache hit for key: user:6aafdfc1d13727f3d0cced82:profile","service":"vtunova-api","timestamp":"2026-09-21 23:22:52"}
{"environment":"production","level":"info","message":"Cache hit for key: user:6aafdfc1d13727f3d0cced82:transactions","service":"vtunova-api","timestamp":"2026-09-21 23:22:54"}
{"environment":"production","level":"info","message":"Cache invalidated for key: user:6aafdfc1d13727f3d0cced82:notifications","service":"vtunova-api","timestamp":"2026-09-21 23:22:54"}
{"environment":"production","level":"error","message":"Failed to invalidate cache for key: user:6aafdfc1d13727f3d0cced82:notifications","service":"vtunova-api","timestamp":"2026-09-21 23:22:54"}
{"environment":"production","level":"info","message":"Cache miss for key: user:6aafdfc1d13727f3d0cced82:notifications","service":"vtunova-api","timestamp":"2026-09-21 23:22:55"}
{"environment":"production","level":"info","message":"Cache set for key: user:6aafdfc1d13727f3d0cced82:notifications","service":"vtunova-api","timestamp":"2026-09-21 23:22:55"}
{"environment":"production","level":"info","message":"Clearing cache for user 6aafdfc1d13727f3d0cced82: deleted 3 key(s)","service":"vtunova-api","timestamp":"2026-09-21 23:23:01"}
{"environment":"production","level":"info","message":"Cache cleared for user 6aafdfc1d13727f3d0cced82","service":"vtunova-api","timestamp":"2026-09-21 23:23:01"}
{"environment":"production","level":"error","message":"Failed to invalidate cache for key: user:6aafdfc1d13727f3d0cced82:profile","service":"vtunova-api","timestamp":"2026-09-21 23:23:05"}
{"environment":"production","level":"info","message":"User login notification queued successfully","service":"vtunova-api","timestamp":"2026-09-21 23:23:05"}
{"environment":"production","level":"info","message":"[notif-worker] Processing job: loginAlert (id=260)","service":"vtunova-api","timestamp":"2026-09-21 23:23:06"}
{"environment":"production","level":"info","message":"[notif-worker] Job data: {\"userId\":\"6aafdfc1d13727f3d0cced82\",\"type\":\"security\",\"ip\":\"::1\",\"device\":\"Windows 10 PC\",\"category\":\"loginAlert\"}","service":"vtunova-api","timestamp":"2026-09-21 23:23:06"}
{"environment":"production","level":"info","message":"[notif-worker] Processing login alert for user 6aafdfc1d13727f3d0cced82","service":"vtunova-api","timestamp":"2026-09-21 23:23:06"}
{"environment":"production","level":"info","message":"Notification created:","service":"vtunova-api","timestamp":"2026-09-21 23:23:06"}
{"environment":"production","level":"error","message":"Failed to invalidate cache for key: user:6aafdfc1d13727f3d0cced82:notifications","service":"vtunova-api","timestamp":"2026-09-21 23:23:06"}
{"environment":"production","level":"error","message":"Failed to invalidate cache for key: user:6aafdfc1d13727f3d0cced82:profile","service":"vtunova-api","timestamp":"2026-09-21 23:23:06"}
{"environment":"production","level":"info","message":"[notif-worker] Job 260 completed successfully","service":"vtunova-api","timestamp":"2026-09-21 23:23:07"}
{"environment":"production","level":"info","message":"Cache miss for key: user:6aafdfc1d13727f3d0cced82:profile","service":"vtunova-api","timestamp":"2026-09-21 23:23:17"}
{"environment":"production","level":"info","message":"Cache set for key: user:6aafdfc1d13727f3d0cced82:profile","service":"vtunova-api","timestamp":"2026-09-21 23:23:17"}
{"environment":"production","level":"info","message":"Cache miss for key: user:6aafdfc1d13727f3d0cced82:transactions","service":"vtunova-api","timestamp":"2026-09-21 23:23:18"}
{"environment":"production","level":"info","message":"Cache set for key: user:6aafdfc1d13727f3d0cced82:transactions","service":"vtunova-api","timestamp":"2026-09-21 23:23:19"}
{"environment":"production","level":"info","message":"Cache set for user 6aafdfc1d13727f3d0cced82","service":"vtunova-api","timestamp":"2026-09-21 23:23:19"}
{"environment":"production","level":"info","message":"Cache miss for key: user:6aafdfc1d13727f3d0cced82:notifications","service":"vtunova-api","timestamp":"2026-09-21 23:23:19"}
{"environment":"production","level":"info","message":"Cache set for key: user:6aafdfc1d13727f3d0cced82:notifications","service":"vtunova-api","timestamp":"2026-09-21 23:23:19"}
{"environment":"production","level":"info","message":"Cache invalidated for key: user:6aafdfc1d13727f3d0cced82:notifications","service":"vtunova-api","timestamp":"2026-09-21 23:25:04"}
{"environment":"production","level":"error","message":"Failed to invalidate cache for key: user:6aafdfc1d13727f3d0cced82:notifications","service":"vtunova-api","timestamp":"2026-09-21 23:25:04"}
{"environment":"production","level":"info","message":"Clearing cache for user 6aafdfc1d13727f3d0cced82: deleted 2 key(s)","service":"vtunova-api","timestamp":"2026-09-21 23:25:12"}
{"environment":"production","level":"info","message":"Cache cleared for user 6aafdfc1d13727f3d0cced82","service":"vtunova-api","timestamp":"2026-09-21 23:25:12"}
{"environment":"production","level":"info","message":"User login notification queued successfully","service":"vtunova-api","timestamp":"2026-09-21 23:25:15"}
{"environment":"production","level":"error","message":"Failed to invalidate cache for key: user:6aafdfc1d13727f3d0cced82:profile","service":"vtunova-api","timestamp":"2026-09-21 23:25:15"}
{"environment":"production","level":"info","message":"[notif-worker] Processing job: loginAlert (id=261)","service":"vtunova-api","timestamp":"2026-09-21 23:25:15"}
{"environment":"production","level":"info","message":"[notif-worker] Job data: {\"userId\":\"6aafdfc1d13727f3d0cced82\",\"type\":\"security\",\"ip\":\"::1\",\"device\":\"Windows 10 PC\",\"category\":\"loginAlert\"}","service":"vtunova-api","timestamp":"2026-09-21 23:25:15"}
{"environment":"production","level":"info","message":"[notif-worker] Processing login alert for user 6aafdfc1d13727f3d0cced82","service":"vtunova-api","timestamp":"2026-09-21 23:25:15"}
{"environment":"production","level":"info","message":"Notification created:","service":"vtunova-api","timestamp":"2026-09-21 23:25:15"}
{"environment":"production","level":"error","message":"Failed to invalidate cache for key: user:6aafdfc1d13727f3d0cced82:notifications","service":"vtunova-api","timestamp":"2026-09-21 23:25:16"}
{"environment":"production","level":"error","message":"Failed to invalidate cache for key: user:6aafdfc1d13727f3d0cced82:profile","service":"vtunova-api","timestamp":"2026-09-21 23:25:16"}
{"environment":"production","level":"info","message":"[notif-worker] Job 261 completed successfully","service":"vtunova-api","timestamp":"2026-09-21 23:25:16"}
{"environment":"production","level":"error","message":"Failed to invalidate cache for key: user:6aafdfc1d13727f3d0cced82:notifications","service":"vtunova-api","timestamp":"2026-09-21 23:25:20"}
{"environment":"production","level":"error","message":"Failed to invalidate cache for key: user:6aafdfc1d13727f3d0cced82:notifications","service":"vtunova-api","timestamp":"2026-09-21 23:25:20"}
{"environment":"production","level":"info","message":"Cache miss for key: user:6aafdfc1d13727f3d0cced82:profile","service":"vtunova-api","timestamp":"2026-09-21 23:25:30"}
{"environment":"production","level":"info","message":"Cache set for key: user:6aafdfc1d13727f3d0cced82:profile","service":"vtunova-api","timestamp":"2026-09-21 23:25:30"}
{"environment":"production","level":"error","message":"Failed to invalidate cache for key: user:6aafdfc1d13727f3d0cced82:notifications","service":"vtunova-api","timestamp":"2026-09-21 23:25:32"}
{"environment":"production","level":"info","message":"Cache miss for key: user:6aafdfc1d13727f3d0cced82:transactions","service":"vtunova-api","timestamp":"2026-09-21 23:25:32"}
{"environment":"production","level":"error","message":"Failed to invalidate cache for key: user:6aafdfc1d13727f3d0cced82:notifications","service":"vtunova-api","timestamp":"2026-09-21 23:25:32"}
{"environment":"production","level":"info","message":"Cache set for key: user:6aafdfc1d13727f3d0cced82:transactions","service":"vtunova-api","timestamp":"2026-09-21 23:25:32"}
{"environment":"production","level":"info","message":"Cache set for user 6aafdfc1d13727f3d0cced82","service":"vtunova-api","timestamp":"2026-09-21 23:25:32"}
{"environment":"production","level":"info","message":"Cache miss for key: user:6aafdfc1d13727f3d0cced82:notifications","service":"vtunova-api","timestamp":"2026-09-21 23:25:32"}
{"environment":"production","level":"info","message":"Cache set for key: user:6aafdfc1d13727f3d0cced82:notifications","service":"vtunova-api","timestamp":"2026-09-21 23:25:33"}
{"environment":"production","level":"info","message":"Cache invalidated for key: user:6aafdfc1d13727f3d0cced82:notifications","service":"vtunova-api","timestamp":"2026-09-21 23:26:43"}
{"environment":"production","level":"error","message":"Failed to invalidate cache for key: user:6aafdfc1d13727f3d0cced82:notifications","service":"vtunova-api","timestamp":"2026-09-21 23:26:43"}
{"environment":"production","level":"info","message":"Cache hit for key: user:6aafdfc1d13727f3d0cced82:transactions","service":"vtunova-api","timestamp":"2026-09-21 23:26:43"}
{"environment":"production","level":"info","message":"Cache miss for key: user:6aafdfc1d13727f3d0cced82:notifications","service":"vtunova-api","timestamp":"2026-09-21 23:26:44"}
{"environment":"production","level":"info","message":"Cache set for key: user:6aafdfc1d13727f3d0cced82:notifications","service":"vtunova-api","timestamp":"2026-09-21 23:26:44"}
{"environment":"production","level":"info","message":"Cache hit for key: user:6aafdfc1d13727f3d0cced82:transactions","service":"vtunova-api","timestamp":"2026-09-21 23:26:46"}
{"environment":"production","level":"info","message":"Cache invalidated for key: user:6aafdfc1d13727f3d0cced82:notifications","service":"vtunova-api","timestamp":"2026-09-21 23:26:46"}
{"environment":"production","level":"error","message":"Failed to invalidate cache for key: user:6aafdfc1d13727f3d0cced82:notifications","service":"vtunova-api","timestamp":"2026-09-21 23:26:46"}
{"environment":"production","level":"info","message":"Cache miss for key: user:6aafdfc1d13727f3d0cced82:notifications","service":"vtunova-api","timestamp":"2026-09-21 23:26:47"}
{"environment":"production","level":"info","message":"Cache set for key: user:6aafdfc1d13727f3d0cced82:notifications","service":"vtunova-api","timestamp":"2026-09-21 23:26:47"}
{"environment":"production","level":"info","message":"Cache invalidated for key: user:6aafdfc1d13727f3d0cced82:notifications","service":"vtunova-api","timestamp":"2026-09-21 23:27:02"}
{"environment":"production","level":"error","message":"Failed to invalidate cache for key: user:6aafdfc1d13727f3d0cced82:notifications","service":"vtunova-api","timestamp":"2026-09-21 23:27:02"}
{"environment":"production","level":"info","message":"Cache hit for key: user:6aafdfc1d13727f3d0cced82:transactions","service":"vtunova-api","timestamp":"2026-09-21 23:27:02"}
{"environment":"production","level":"info","message":"Cache miss for key: user:6aafdfc1d13727f3d0cced82:notifications","service":"vtunova-api","timestamp":"2026-09-21 23:27:03"}
{"environment":"production","level":"info","message":"Cache set for key: user:6aafdfc1d13727f3d0cced82:notifications","service":"vtunova-api","timestamp":"2026-09-21 23:27:03"}
{"environment":"production","level":"info","message":"Cache invalidated for key: user:6aafdfc1d13727f3d0cced82:notifications","service":"vtunova-api","timestamp":"2026-09-21 23:28:45"}
{"environment":"production","level":"error","message":"Failed to invalidate cache for key: user:6aafdfc1d13727f3d0cced82:notifications","service":"vtunova-api","timestamp":"2026-09-21 23:28:45"}
{"environment":"production","level":"info","message":"Cache hit for key: user:6aafdfc1d13727f3d0cced82:transactions","service":"vtunova-api","timestamp":"2026-09-21 23:28:45"}
{"environment":"production","level":"info","message":"Cache miss for key: user:6aafdfc1d13727f3d0cced82:notifications","service":"vtunova-api","timestamp":"2026-09-21 23:28:46"}
{"environment":"production","level":"info","message":"Cache set for key: user:6aafdfc1d13727f3d0cced82:notifications","service":"vtunova-api","timestamp":"2026-09-21 23:28:46"}
{"environment":"production","level":"info","message":"Clearing cache for user 6aafdfc1d13727f3d0cced82: deleted 3 key(s)","service":"vtunova-api","timestamp":"2026-09-21 23:47:12"}
{"environment":"production","level":"info","message":"Cache cleared for user 6aafdfc1d13727f3d0cced82","service":"vtunova-api","timestamp":"2026-09-21 23:47:12"}
{"environment":"production","level":"info","message":"User login notification queued successfully","service":"vtunova-api","timestamp":"2026-09-21 23:47:15"}
{"environment":"production","level":"error","message":"Failed to invalidate cache for key: user:6aafdfc1d13727f3d0cced82:profile","service":"vtunova-api","timestamp":"2026-09-21 23:47:15"}
{"environment":"production","level":"info","message":"[notif-worker] Processing job: loginAlert (id=262)","service":"vtunova-api","timestamp":"2026-09-21 23:47:15"}
{"environment":"production","level":"info","message":"[notif-worker] Job data: {\"userId\":\"6aafdfc1d13727f3d0cced82\",\"type\":\"security\",\"ip\":\"::1\",\"device\":\"Windows 10 PC\",\"category\":\"loginAlert\"}","service":"vtunova-api","timestamp":"2026-09-21 23:47:15"}
{"environment":"production","level":"info","message":"[notif-worker] Processing login alert for user 6aafdfc1d13727f3d0cced82","service":"vtunova-api","timestamp":"2026-09-21 23:47:15"}
{"environment":"production","level":"info","message":"Notification created:","service":"vtunova-api","timestamp":"2026-09-21 23:47:15"}
{"environment":"production","level":"error","message":"Failed to invalidate cache for key: user:6aafdfc1d13727f3d0cced82:notifications","service":"vtunova-api","timestamp":"2026-09-21 23:47:15"}
{"environment":"production","level":"error","message":"Failed to invalidate cache for key: user:6aafdfc1d13727f3d0cced82:profile","service":"vtunova-api","timestamp":"2026-09-21 23:47:16"}
{"environment":"production","level":"info","message":"[notif-worker] Job 262 completed successfully","service":"vtunova-api","timestamp":"2026-09-21 23:47:16"}
{"environment":"production","level":"info","message":"Cache miss for key: user:6aafdfc1d13727f3d0cced82:profile","service":"vtunova-api","timestamp":"2026-09-21 23:47:24"}
{"environment":"production","level":"info","message":"Cache set for key: user:6aafdfc1d13727f3d0cced82:profile","service":"vtunova-api","timestamp":"2026-09-21 23:47:24"}
{"environment":"production","level":"info","message":"Cache miss for key: user:6aafdfc1d13727f3d0cced82:transactions","service":"vtunova-api","timestamp":"2026-09-21 23:47:25"}
{"environment":"production","level":"info","message":"Cache set for key: user:6aafdfc1d13727f3d0cced82:transactions","service":"vtunova-api","timestamp":"2026-09-21 23:47:25"}
{"environment":"production","level":"info","message":"Cache set for user 6aafdfc1d13727f3d0cced82","service":"vtunova-api","timestamp":"2026-09-21 23:47:25"}
{"environment":"production","level":"info","message":"Cache miss for key: user:6aafdfc1d13727f3d0cced82:notifications","service":"vtunova-api","timestamp":"2026-09-21 23:47:26"}
{"environment":"production","level":"info","message":"Cache set for key: user:6aafdfc1d13727f3d0cced82:notifications","service":"vtunova-api","timestamp":"2026-09-21 23:47:26"}
{"environment":"production","level":"info","message":"Clearing cache for user 6aafdfc1d13727f3d0cced82: deleted 3 key(s)","service":"vtunova-api","timestamp":"2026-09-21 23:47:28"}
{"environment":"production","level":"info","message":"Cache cleared for user 6aafdfc1d13727f3d0cced82","service":"vtunova-api","timestamp":"2026-09-21 23:47:28"}
{"environment":"production","level":"info","message":"Cache miss for key: user:6aafdfc1d13727f3d0cced82:profile","service":"vtunova-api","timestamp":"2026-09-21 23:47:34"}
{"environment":"production","level":"info","message":"Cache set for key: user:6aafdfc1d13727f3d0cced82:profile","service":"vtunova-api","timestamp":"2026-09-21 23:47:34"}
{"environment":"production","level":"info","message":"Cache miss for key: user:6aafdfc1d13727f3d0cced82:transactions","service":"vtunova-api","timestamp":"2026-09-21 23:47:35"}
{"environment":"production","level":"info","message":"Cache set for key: user:6aafdfc1d13727f3d0cced82:transactions","service":"vtunova-api","timestamp":"2026-09-21 23:47:36"}
{"environment":"production","level":"info","message":"Cache set for user 6aafdfc1d13727f3d0cced82","service":"vtunova-api","timestamp":"2026-09-21 23:47:36"}
{"environment":"production","level":"info","message":"Cache miss for key: user:6aafdfc1d13727f3d0cced82:notifications","service":"vtunova-api","timestamp":"2026-09-21 23:47:36"}
{"environment":"production","level":"info","message":"Cache set for key: user:6aafdfc1d13727f3d0cced82:notifications","service":"vtunova-api","timestamp":"2026-09-21 23:47:36"}
{"environment":"production","level":"info","message":"User login notification queued successfully","service":"vtunova-api","timestamp":"2026-09-21 23:47:40"}
{"environment":"production","level":"info","message":"Cache invalidated for key: user:6aafdfc1d13727f3d0cced82:profile","service":"vtunova-api","timestamp":"2026-09-21 23:47:40"}
{"environment":"production","level":"info","message":"[notif-worker] Processing job: loginAlert (id=263)","service":"vtunova-api","timestamp":"2026-09-21 23:47:40"}
{"environment":"production","level":"info","message":"[notif-worker] Job data: {\"userId\":\"6aafdfc1d13727f3d0cced82\",\"type\":\"security\",\"ip\":\"::1\",\"device\":\"Windows 10 PC\",\"category\":\"loginAlert\"}","service":"vtunova-api","timestamp":"2026-09-21 23:47:40"}
{"environment":"production","level":"info","message":"[notif-worker] Processing login alert for user 6aafdfc1d13727f3d0cced82","service":"vtunova-api","timestamp":"2026-09-21 23:47:40"}
{"environment":"production","level":"info","message":"Notification created:","service":"vtunova-api","timestamp":"2026-09-21 23:47:41"}
{"environment":"production","level":"info","message":"Cache invalidated for key: user:6aafdfc1d13727f3d0cced82:notifications","service":"vtunova-api","timestamp":"2026-09-21 23:47:41"}
{"environment":"production","level":"error","message":"Failed to invalidate cache for key: user:6aafdfc1d13727f3d0cced82:profile","service":"vtunova-api","timestamp":"2026-09-21 23:47:41"}
{"environment":"production","level":"info","message":"[notif-worker] Job 263 completed successfully","service":"vtunova-api","timestamp":"2026-09-21 23:47:41"}
{"environment":"production","level":"info","message":"Cache miss for key: user:6aafdfc1d13727f3d0cced82:profile","service":"vtunova-api","timestamp":"2026-09-21 23:47:48"}
{"environment":"production","level":"info","message":"Cache set for key: user:6aafdfc1d13727f3d0cced82:profile","service":"vtunova-api","timestamp":"2026-09-21 23:47:48"}
{"environment":"production","level":"info","message":"Cache hit for key: user:6aafdfc1d13727f3d0cced82:transactions","service":"vtunova-api","timestamp":"2026-09-21 23:47:49"}
{"environment":"production","level":"info","message":"Cache miss for key: user:6aafdfc1d13727f3d0cced82:notifications","service":"vtunova-api","timestamp":"2026-09-21 23:47:49"}
{"environment":"production","level":"info","message":"Cache set for key: user:6aafdfc1d13727f3d0cced82:notifications","service":"vtunova-api","timestamp":"2026-09-21 23:47:49"}
{"environment":"production","level":"info","message":"Cache hit for key: user:6aafdfc1d13727f3d0cced82:profile","service":"vtunova-api","timestamp":"2026-09-21 23:47:54"}
{"environment":"production","level":"info","message":"Cache hit for key: user:6aafdfc1d13727f3d0cced82:transactions","service":"vtunova-api","timestamp":"2026-09-21 23:47:55"}
{"environment":"production","level":"info","message":"Cache hit for key: user:6aafdfc1d13727f3d0cced82:notifications","service":"vtunova-api","timestamp":"2026-09-21 23:47:55"}
{"environment":"production","level":"info","message":"User login notification queued successfully","service":"vtunova-api","timestamp":"2026-09-21 23:48:00"}
{"environment":"production","level":"info","message":"Cache invalidated for key: user:6aafdfc1d13727f3d0cced82:profile","service":"vtunova-api","timestamp":"2026-09-21 23:48:00"}
{"environment":"production","level":"info","message":"[notif-worker] Processing job: loginAlert (id=264)","service":"vtunova-api","timestamp":"2026-09-21 23:48:00"}
{"environment":"production","level":"info","message":"[notif-worker] Job data: {\"userId\":\"6aafdfc1d13727f3d0cced82\",\"type\":\"security\",\"ip\":\"::1\",\"device\":\"Windows 10 PC\",\"category\":\"loginAlert\"}","service":"vtunova-api","timestamp":"2026-09-21 23:48:00"}
{"environment":"production","level":"info","message":"[notif-worker] Processing login alert for user 6aafdfc1d13727f3d0cced82","service":"vtunova-api","timestamp":"2026-09-21 23:48:00"}
{"environment":"production","level":"info","message":"Notification created:","service":"vtunova-api","timestamp":"2026-09-21 23:48:00"}
{"environment":"production","level":"info","message":"Cache invalidated for key: user:6aafdfc1d13727f3d0cced82:notifications","service":"vtunova-api","timestamp":"2026-09-21 23:48:00"}
{"environment":"production","level":"error","message":"Failed to invalidate cache for key: user:6aafdfc1d13727f3d0cced82:profile","service":"vtunova-api","timestamp":"2026-09-21 23:48:01"}
{"environment":"production","level":"info","message":"[notif-worker] Job 264 completed successfully","service":"vtunova-api","timestamp":"2026-09-21 23:48:01"}
{"environment":"production","level":"info","message":"Cache miss for key: user:6aafdfc1d13727f3d0cced82:profile","service":"vtunova-api","timestamp":"2026-09-21 23:48:09"}
{"environment":"production","level":"info","message":"Cache set for key: user:6aafdfc1d13727f3d0cced82:profile","service":"vtunova-api","timestamp":"2026-09-21 23:48:09"}
{"environment":"production","level":"info","message":"Cache hit for key: user:6aafdfc1d13727f3d0cced82:transactions","service":"vtunova-api","timestamp":"2026-09-21 23:48:10"}
{"environment":"production","level":"info","message":"Cache miss for key: user:6aafdfc1d13727f3d0cced82:notifications","service":"vtunova-api","timestamp":"2026-09-21 23:48:10"}
{"environment":"production","level":"info","message":"Cache set for key: user:6aafdfc1d13727f3d0cced82:notifications","service":"vtunova-api","timestamp":"2026-09-21 23:48:10"}
{"environment":"production","level":"info","message":"Cache hit for key: user:6aafdfc1d13727f3d0cced82:profile","service":"vtunova-api","timestamp":"2026-09-21 23:48:24"}
{"environment":"production","level":"info","message":"Cache hit for key: user:6aafdfc1d13727f3d0cced82:transactions","service":"vtunova-api","timestamp":"2026-09-21 23:48:25"}
{"environment":"production","level":"info","message":"Cache hit for key: user:6aafdfc1d13727f3d0cced82:notifications","service":"vtunova-api","timestamp":"2026-09-21 23:48:26"}
{"environment":"production","level":"info","message":"Cache miss for key: pending-registration:f04tinig","service":"vtunova-api","timestamp":"2026-09-21 23:49:40"}
{"environment":"production","level":"info","message":"Cache set for key: otp:email_verification:testing@gmail.com","service":"vtunova-api","timestamp":"2026-09-21 23:49:41"}
{"environment":"production","level":"info","message":"Cache set for key: pending-registration:f04tinig","service":"vtunova-api","timestamp":"2026-09-21 23:49:41"}
{"environment":"production","level":"info","message":"Cache hit for key: pending-registration:f04tinig","service":"vtunova-api","timestamp":"2026-09-21 23:50:38"}
{"environment":"production","level":"info","message":"Cache hit for key: otp:email_verification:testing@gmail.com","service":"vtunova-api","timestamp":"2026-09-21 23:50:39"}
{"environment":"production","level":"info","message":"Cache invalidated for key: pending-registration:f04tinig","service":"vtunova-api","timestamp":"2026-09-21 23:50:40"}
{"environment":"production","level":"error","message":"Failed to invalidate cache for key: user:6ab1b4bf9a0f8bcba1da712b:profile","service":"vtunova-api","timestamp":"2026-09-21 23:50:40"}
{"environment":"production","level":"info","message":"User registered: testing@gmail.com","service":"vtunova-api","timestamp":"2026-09-21 23:50:40"}
{"environment":"production","level":"info","message":"User login notification queued successfully","service":"vtunova-api","timestamp":"2026-09-21 23:50:45"}
{"environment":"production","level":"error","message":"Failed to invalidate cache for key: user:6ab1b4bf9a0f8bcba1da712b:profile","service":"vtunova-api","timestamp":"2026-09-21 23:50:45"}
{"environment":"production","level":"info","message":"[email-worker] Processing job: loginAlert (id=238)","service":"vtunova-api","timestamp":"2026-09-21 23:50:46"}
{"environment":"production","level":"info","message":"[notif-worker] Processing job: loginAlert (id=265)","service":"vtunova-api","timestamp":"2026-09-21 23:50:46"}
{"environment":"production","level":"info","message":"[notif-worker] Job data: {\"userId\":\"6ab1b4bf9a0f8bcba1da712b\",\"type\":\"security\",\"ip\":\"::1\",\"device\":\"Windows 10 PC\",\"category\":\"loginAlert\"}","service":"vtunova-api","timestamp":"2026-09-21 23:50:46"}
{"environment":"production","level":"info","message":"[notif-worker] Processing login alert for user 6ab1b4bf9a0f8bcba1da712b","service":"vtunova-api","timestamp":"2026-09-21 23:50:46"}
{"environment":"production","level":"info","message":"Notification created:","service":"vtunova-api","timestamp":"2026-09-21 23:50:46"}
{"environment":"production","level":"error","message":"Failed to invalidate cache for key: user:6ab1b4bf9a0f8bcba1da712b:notifications","service":"vtunova-api","timestamp":"2026-09-21 23:50:46"}
{"environment":"production","level":"error","message":"Failed to invalidate cache for key: user:6ab1b4bf9a0f8bcba1da712b:profile","service":"vtunova-api","timestamp":"2026-09-21 23:50:46"}
{"environment":"production","level":"info","message":"[notif-worker] Job 265 completed successfully","service":"vtunova-api","timestamp":"2026-09-21 23:50:47"}
{"environment":"production","level":"info","message":"[email-worker] Job 238 completed","service":"vtunova-api","timestamp":"2026-09-21 23:50:47"}
{"environment":"production","level":"error","message":"Failed to invalidate cache for key: user:6ab1b4bf9a0f8bcba1da712b:notifications","service":"vtunova-api","timestamp":"2026-09-21 23:50:53"}
{"environment":"production","level":"error","message":"Failed to invalidate cache for key: user:6ab1b4bf9a0f8bcba1da712b:notifications","service":"vtunova-api","timestamp":"2026-09-21 23:50:53"}
{"environment":"production","level":"info","message":"Cache miss for key: user:6ab1b4bf9a0f8bcba1da712b:profile","service":"vtunova-api","timestamp":"2026-09-21 23:51:02"}
{"environment":"production","level":"info","message":"Cache set for key: user:6ab1b4bf9a0f8bcba1da712b:profile","service":"vtunova-api","timestamp":"2026-09-21 23:51:03"}
{"environment":"production","level":"info","message":"Cache miss for key: user:6ab1b4bf9a0f8bcba1da712b:transactions","service":"vtunova-api","timestamp":"2026-09-21 23:51:04"}
{"environment":"production","level":"error","message":"Failed to invalidate cache for key: user:6ab1b4bf9a0f8bcba1da712b:notifications","service":"vtunova-api","timestamp":"2026-09-21 23:51:04"}
{"environment":"production","level":"error","message":"Failed to invalidate cache for key: user:6ab1b4bf9a0f8bcba1da712b:notifications","service":"vtunova-api","timestamp":"2026-09-21 23:51:04"}
{"environment":"production","level":"info","message":"Cache set for key: user:6ab1b4bf9a0f8bcba1da712b:transactions","service":"vtunova-api","timestamp":"2026-09-21 23:51:04"}
{"environment":"production","level":"info","message":"Cache set for user 6ab1b4bf9a0f8bcba1da712b","service":"vtunova-api","timestamp":"2026-09-21 23:51:04"}
{"environment":"production","level":"info","message":"Cache miss for key: user:6ab1b4bf9a0f8bcba1da712b:notifications","service":"vtunova-api","timestamp":"2026-09-21 23:51:04"}
{"environment":"production","level":"info","message":"Cache set for key: user:6ab1b4bf9a0f8bcba1da712b:notifications","service":"vtunova-api","timestamp":"2026-09-21 23:51:05"}
{"environment":"production","level":"info","message":"Cache invalidated for key: user:6ab1b4bf9a0f8bcba1da712b:notifications","service":"vtunova-api","timestamp":"2026-09-21 23:51:43"}
{"environment":"production","level":"info","message":"Cache hit for key: user:6ab1b4bf9a0f8bcba1da712b:transactions","service":"vtunova-api","timestamp":"2026-09-21 23:51:43"}
{"environment":"production","level":"error","message":"Failed to invalidate cache for key: user:6ab1b4bf9a0f8bcba1da712b:notifications","service":"vtunova-api","timestamp":"2026-09-21 23:51:43"}
{"environment":"production","level":"info","message":"Cache miss for key: user:6ab1b4bf9a0f8bcba1da712b:notifications","service":"vtunova-api","timestamp":"2026-09-21 23:51:43"}
{"environment":"production","level":"info","message":"Cache set for key: user:6ab1b4bf9a0f8bcba1da712b:notifications","service":"vtunova-api","timestamp":"2026-09-21 23:51:44"}
{"environment":"production","level":"info","message":"Cache hit for key: user:6aafdfc1d13727f3d0cced82:transactions","service":"vtunova-api","timestamp":"2026-09-21 23:51:44"}
{"environment":"production","level":"info","message":"Cache hit for key: user:6aafdfc1d13727f3d0cced82:notifications","service":"vtunova-api","timestamp":"2026-09-21 23:51:45"}
{"environment":"production","level":"info","message":"Cache hit for key: user:6aafdfc1d13727f3d0cced82:transactions","service":"vtunova-api","timestamp":"2026-09-21 23:51:45"}
{"environment":"production","level":"info","message":"Cache hit for key: user:6aafdfc1d13727f3d0cced82:notifications","service":"vtunova-api","timestamp":"2026-09-21 23:51:46"}
{"environment":"production","level":"info","message":"Clearing cache for user 6ab1b4bf9a0f8bcba1da712b: deleted 3 key(s)","service":"vtunova-api","timestamp":"2026-09-21 23:51:47"}
{"environment":"production","level":"info","message":"Cache cleared for user 6ab1b4bf9a0f8bcba1da712b","service":"vtunova-api","timestamp":"2026-09-21 23:51:47"}
{"environment":"production","level":"info","message":"User login notification queued successfully","service":"vtunova-api","timestamp":"2026-09-21 23:51:49"}
{"environment":"production","level":"error","message":"Failed to invalidate cache for key: user:6ab1b4bf9a0f8bcba1da712b:profile","service":"vtunova-api","timestamp":"2026-09-21 23:51:49"}
{"environment":"production","level":"info","message":"[notif-worker] Processing job: loginAlert (id=266)","service":"vtunova-api","timestamp":"2026-09-21 23:51:50"}
{"environment":"production","level":"info","message":"[notif-worker] Job data: {\"userId\":\"6ab1b4bf9a0f8bcba1da712b\",\"type\":\"security\",\"ip\":\"::1\",\"device\":\"Windows 10 PC\",\"category\":\"loginAlert\"}","service":"vtunova-api","timestamp":"2026-09-21 23:51:50"}
{"environment":"production","level":"info","message":"[notif-worker] Processing login alert for user 6ab1b4bf9a0f8bcba1da712b","service":"vtunova-api","timestamp":"2026-09-21 23:51:50"}
{"environment":"production","level":"info","message":"Notification created:","service":"vtunova-api","timestamp":"2026-09-21 23:51:50"}
{"environment":"production","level":"error","message":"Failed to invalidate cache for key: user:6ab1b4bf9a0f8bcba1da712b:notifications","service":"vtunova-api","timestamp":"2026-09-21 23:51:50"}
{"environment":"production","level":"error","message":"Failed to invalidate cache for key: user:6ab1b4bf9a0f8bcba1da712b:profile","service":"vtunova-api","timestamp":"2026-09-21 23:51:50"}
{"environment":"production","level":"info","message":"[notif-worker] Job 266 completed successfully","service":"vtunova-api","timestamp":"2026-09-21 23:51:51"}
{"environment":"production","level":"error","message":"Failed to invalidate cache for key: user:6ab1b4bf9a0f8bcba1da712b:notifications","service":"vtunova-api","timestamp":"2026-09-21 23:51:57"}
{"environment":"production","level":"error","message":"Failed to invalidate cache for key: user:6ab1b4bf9a0f8bcba1da712b:notifications","service":"vtunova-api","timestamp":"2026-09-21 23:51:57"}
{"environment":"production","level":"error","message":"Failed to invalidate cache for key: user:6ab1b4bf9a0f8bcba1da712b:notifications","service":"vtunova-api","timestamp":"2026-09-21 23:57:26"}
{"environment":"production","level":"error","message":"Failed to invalidate cache for key: user:6ab1b4bf9a0f8bcba1da712b:notifications","service":"vtunova-api","timestamp":"2026-09-21 23:57:26"}
{"environment":"production","level":"info","message":"Cache miss for key: user:6ab1b4bf9a0f8bcba1da712b:transactions","service":"vtunova-api","timestamp":"2026-09-21 23:57:26"}
{"environment":"production","level":"info","message":"Cache set for key: user:6ab1b4bf9a0f8bcba1da712b:transactions","service":"vtunova-api","timestamp":"2026-09-21 23:57:27"}
{"environment":"production","level":"info","message":"Cache set for user 6ab1b4bf9a0f8bcba1da712b","service":"vtunova-api","timestamp":"2026-09-21 23:57:27"}
{"environment":"production","level":"info","message":"Cache miss for key: user:6ab1b4bf9a0f8bcba1da712b:notifications","service":"vtunova-api","timestamp":"2026-09-21 23:57:27"}
{"environment":"production","level":"info","message":"Cache set for key: user:6ab1b4bf9a0f8bcba1da712b:notifications","service":"vtunova-api","timestamp":"2026-09-21 23:57:27"}
{"environment":"production","level":"info","message":"Email transport ready via smtp.gmail.com","service":"vtunova-api","timestamp":"2026-09-22 00:03:04"}
{"environment":"production","level":"info","message":"Redis client connected","service":"vtunova-api","timestamp":"2026-09-22 00:03:09"}
{"environment":"production","level":"info","message":"Email transport ready via smtp.gmail.com","service":"vtunova-api","timestamp":"2026-09-22 00:03:15"}
{"environment":"production","level":"info","message":"Redis client connected","service":"vtunova-api","timestamp":"2026-09-22 00:03:20"}
{"environment":"production","level":"info","message":"Email transport ready via smtp.gmail.com","service":"vtunova-api","timestamp":"2026-09-22 00:03:28"}
{"environment":"production","level":"info","message":"Redis client connected","service":"vtunova-api","timestamp":"2026-09-22 00:03:32"}
{"environment":"production","level":"info","message":"SMTP connection veried","service":"vtunova-api","timestamp":"2026-09-22 00:03:34"}
{"environment":"production","level":"info","message":"Email transport ready via smtp.gmail.com","service":"vtunova-api","timestamp":"2026-09-22 00:03:36"}
{"environment":"production","level":"info","message":"Redis client connected","service":"vtunova-api","timestamp":"2026-09-22 00:03:43"}
{"environment":"production","level":"info","message":"SMTP connection veried","service":"vtunova-api","timestamp":"2026-09-22 00:03:44"}
{"environment":"production","level":"info","message":"Email listeners registered for 11 event type(s)","service":"vtunova-api","timestamp":"2026-09-22 00:03:44"}
{"environment":"production","level":"info","message":"Notification listeners registered for 15 event type(s)","service":"vtunova-api","timestamp":"2026-09-22 00:03:44"}
{"environment":"production","level":"info","message":"VtuNova Platform running on port 3000 [production]","service":"vtunova-api","timestamp":"2026-09-22 00:03:44"}
{"environment":"production","level":"info","message":"API Docs: http://localhost:3000/api","service":"vtunova-api","timestamp":"2026-09-22 00:03:44"}
{"environment":"production","level":"info","message":"Email transport ready via smtp.gmail.com","service":"vtunova-api","timestamp":"2026-09-22 00:04:13"}
{"environment":"production","level":"info","message":"Redis client connected","service":"vtunova-api","timestamp":"2026-09-22 00:04:20"}
{"environment":"production","level":"info","message":"SMTP connection veried","service":"vtunova-api","timestamp":"2026-09-22 00:04:29"}
{"environment":"production","level":"info","message":"Email listeners registered for 11 event type(s)","service":"vtunova-api","timestamp":"2026-09-22 00:04:29"}
{"environment":"production","level":"info","message":"Notification listeners registered for 15 event type(s)","service":"vtunova-api","timestamp":"2026-09-22 00:04:29"}
{"environment":"production","level":"info","message":"VtuNova Platform running on port 3000 [production]","service":"vtunova-api","timestamp":"2026-09-22 00:04:29"}
{"environment":"production","level":"info","message":"API Docs: http://localhost:3000/api","service":"vtunova-api","timestamp":"2026-09-22 00:04:29"}
{"environment":"production","level":"info","message":"Email transport ready via smtp.gmail.com","service":"vtunova-api","timestamp":"2026-09-22 00:05:37"}
{"environment":"production","level":"info","message":"Redis client connected","service":"vtunova-api","timestamp":"2026-09-22 00:05:42"}
{"environment":"production","level":"info","message":"SMTP connection veried","service":"vtunova-api","timestamp":"2026-09-22 00:05:47"}
{"environment":"production","level":"info","message":"Email listeners registered for 11 event type(s)","service":"vtunova-api","timestamp":"2026-09-22 00:05:47"}
{"environment":"production","level":"info","message":"Notification listeners registered for 15 event type(s)","service":"vtunova-api","timestamp":"2026-09-22 00:05:47"}
{"environment":"production","level":"info","message":"VtuNova Platform running on port 3000 [production]","service":"vtunova-api","timestamp":"2026-09-22 00:05:47"}
{"environment":"production","level":"info","message":"API Docs: http://localhost:3000/api","service":"vtunova-api","timestamp":"2026-09-22 00:05:47"}
{"environment":"production","level":"info","message":"Email transport ready via smtp.gmail.com","service":"vtunova-api","timestamp":"2026-09-22 00:06:24"}
{"environment":"production","level":"info","message":"Redis client connected","service":"vtunova-api","timestamp":"2026-09-22 00:06:29"}
{"environment":"production","level":"info","message":"SMTP connection veried","service":"vtunova-api","timestamp":"2026-09-22 00:06:31"}
{"environment":"production","level":"info","message":"Email listeners registered for 11 event type(s)","service":"vtunova-api","timestamp":"2026-09-22 00:06:31"}
{"environment":"production","level":"info","message":"Notification listeners registered for 15 event type(s)","service":"vtunova-api","timestamp":"2026-09-22 00:06:31"}
{"environment":"production","level":"info","message":"VtuNova Platform running on port 3000 [production]","service":"vtunova-api","timestamp":"2026-09-22 00:06:31"}
{"environment":"production","level":"info","message":"API Docs: http://localhost:3000/api","service":"vtunova-api","timestamp":"2026-09-22 00:06:31"}
{"code":"ECONNRESET","environment":"production","errno":-4077,"level":"error","message":"[notif-worker] Worker error: read ECONNRESET","service":"vtunova-api","stack":"Error: read ECONNRESET\n    at TCP.onStreamRead (node:internal/stream_base_commons:216:20)","syscall":"read","timestamp":"2026-09-22 00:15:44"}
{"code":"ECONNRESET","environment":"production","errno":-4077,"level":"error","message":"Redis Client Error read ECONNRESET","service":"vtunova-api","stack":"Error: read ECONNRESET\n    at TCP.onStreamRead (node:internal/stream_base_commons:216:20)","syscall":"read","timestamp":"2026-09-22 00:15:49"}
{"environment":"production","level":"info","message":"Redis client connected","service":"vtunova-api","timestamp":"2026-09-22 00:15:49"}
{"code":"ECONNRESET","environment":"production","errno":-4077,"level":"error","message":"Redis Client Error read ECONNRESET","service":"vtunova-api","stack":"Error: read ECONNRESET\n    at TCP.onStreamRead (node:internal/stream_base_commons:216:20)","syscall":"read","timestamp":"2026-09-22 00:24:33"}
{"environment":"production","level":"info","message":"Redis client connected","service":"vtunova-api","timestamp":"2026-09-22 00:24:34"}
{"code":"ECONNRESET","environment":"production","errno":-4077,"level":"error","message":"[notif-worker] Worker error: read ECONNRESET","service":"vtunova-api","stack":"Error: read ECONNRESET\n    at TCP.onStreamRead (node:internal/stream_base_commons:216:20)","syscall":"read","timestamp":"2026-09-22 00:24:48"}
{"environment":"production","level":"info","message":"Cache miss for key: user:6ab1b4bf9a0f8bcba1da712b:profile","service":"vtunova-api","timestamp":"2026-09-22 00:30:37"}
{"environment":"production","level":"info","message":"Cache set for key: user:6ab1b4bf9a0f8bcba1da712b:profile","service":"vtunova-api","timestamp":"2026-09-22 00:30:37"}
{"environment":"production","level":"info","message":"Cache hit for key: user:6ab1b4bf9a0f8bcba1da712b:transactions","service":"vtunova-api","timestamp":"2026-09-22 00:31:34"}
{"environment":"production","level":"info","message":"Cache hit for key: user:6ab1b4bf9a0f8bcba1da712b:notifications","service":"vtunova-api","timestamp":"2026-09-22 00:31:35"}
{"environment":"production","level":"info","message":"Cache hit for key: user:6ab1b4bf9a0f8bcba1da712b:profile","service":"vtunova-api","timestamp":"2026-09-22 00:31:36"}
{"environment":"production","level":"info","message":"Cache hit for key: user:6ab1b4bf9a0f8bcba1da712b:transactions","service":"vtunova-api","timestamp":"2026-09-22 00:31:37"}
{"environment":"production","level":"info","message":"Cache hit for key: user:6ab1b4bf9a0f8bcba1da712b:notifications","service":"vtunova-api","timestamp":"2026-09-22 00:31:37"}
{"environment":"production","level":"info","message":"Cache hit for key: user:6ab1b4bf9a0f8bcba1da712b:profile","service":"vtunova-api","timestamp":"2026-09-22 00:32:34"}
{"environment":"production","level":"info","message":"Cache hit for key: user:6ab1b4bf9a0f8bcba1da712b:transactions","service":"vtunova-api","timestamp":"2026-09-22 00:32:36"}
{"environment":"production","level":"info","message":"Cache hit for key: user:6ab1b4bf9a0f8bcba1da712b:notifications","service":"vtunova-api","timestamp":"2026-09-22 00:32:36"}
{"environment":"production","level":"info","message":"Cache hit for key: user:6ab1b4bf9a0f8bcba1da712b:profile","service":"vtunova-api","timestamp":"2026-09-22 00:33:06"}
{"environment":"production","level":"info","message":"Cache hit for key: user:6ab1b4bf9a0f8bcba1da712b:transactions","service":"vtunova-api","timestamp":"2026-09-22 00:33:07"}
{"environment":"production","level":"info","message":"Cache hit for key: user:6ab1b4bf9a0f8bcba1da712b:notifications","service":"vtunova-api","timestamp":"2026-09-22 00:33:08"}
{"environment":"production","level":"info","message":"Cache hit for key: user:6ab1b4bf9a0f8bcba1da712b:profile","service":"vtunova-api","timestamp":"2026-09-22 00:33:21"}
{"environment":"production","level":"info","message":"Cache hit for key: user:6ab1b4bf9a0f8bcba1da712b:transactions","service":"vtunova-api","timestamp":"2026-09-22 00:33:22"}
{"environment":"production","level":"info","message":"Cache hit for key: user:6ab1b4bf9a0f8bcba1da712b:notifications","service":"vtunova-api","timestamp":"2026-09-22 00:33:22"}
{"environment":"production","level":"info","message":"Cache hit for key: user:6ab1b4bf9a0f8bcba1da712b:profile","service":"vtunova-api","timestamp":"2026-09-22 00:33:34"}
{"environment":"production","level":"info","message":"Cache hit for key: user:6ab1b4bf9a0f8bcba1da712b:transactions","service":"vtunova-api","timestamp":"2026-09-22 00:33:36"}
{"environment":"production","level":"info","message":"Cache hit for key: user:6ab1b4bf9a0f8bcba1da712b:notifications","service":"vtunova-api","timestamp":"2026-09-22 00:33:36"}
{"environment":"production","level":"info","message":"Cache hit for key: user:6ab1b4bf9a0f8bcba1da712b:profile","service":"vtunova-api","timestamp":"2026-09-22 00:34:37"}
